solid mesh
  facet normal 0.702247 0.702247 -0.117041
    outer loop
      vertex 120.000000 123.000000 -120.000000
      vertex 119.069878 123.930122 -120.000000
      vertex 125.000000 120.000000 -108.000000
    endloop
  endfacet
  facet normal 0.702247 0.702247 -0.117041
    outer loop
      vertex 119.069878 123.930122 -120.000000
      vertex 124.015736 120.984264 -108.000000
      vertex 125.000000 120.000000 -108.000000
    endloop
  endfacet
  facet normal 0.052941 0.974636 0.217442
    outer loop
      vertex 119.069878 123.930122 -120.000000
      vertex 117.783431 124.000000 -120.000000
      vertex 124.015736 120.984264 -108.000000
    endloop
  endfacet
  facet normal 0.011030 0.971123 0.238326
    outer loop
      vertex 117.783431 124.000000 -120.000000
      vertex 122.630294 121.000000 -108.000000
      vertex 124.015736 120.984264 -108.000000
    endloop
  endfacet
  facet normal 0.306600 0.945172 0.112456
    outer loop
      vertex 117.783431 124.000000 -120.000000
      vertex 116.623848 124.376152 -120.000000
      vertex 122.630294 121.000000 -108.000000
    endloop
  endfacet
  facet normal 0.418038 0.907264 0.046012
    outer loop
      vertex 116.623848 124.376152 -120.000000
      vertex 121.461421 121.538579 -108.000000
      vertex 122.630294 121.000000 -108.000000
    endloop
  endfacet
  facet normal 0.702247 0.702247 -0.117041
    outer loop
      vertex 116.623848 124.376152 -120.000000
      vertex 115.693726 125.306274 -120.000000
      vertex 121.461421 121.538579 -108.000000
    endloop
  endfacet
  facet normal 0.356099 0.926735 0.119815
    outer loop
      vertex 115.693726 125.306274 -120.000000
      vertex 120.260589 122.000000 -108.000000
      vertex 121.461421 121.538579 -108.000000
    endloop
  endfacet
  facet normal 0.559294 0.828824 0.015508
    outer loop
      vertex 115.693726 125.306274 -120.000000
      vertex 114.665685 126.000000 -120.000000
      vertex 120.260589 122.000000 -108.000000
    endloop
  endfacet
  facet normal 0.065573 0.955413 0.287898
    outer loop
      vertex 114.665685 126.000000 -120.000000
      vertex 118.907107 122.092893 -108.000000
      vertex 120.260589 122.000000 -108.000000
    endloop
  endfacet
  facet normal 0.372816 0.913026 0.165502
    outer loop
      vertex 114.665685 126.000000 -120.000000
      vertex 113.540589 126.459411 -120.000000
      vertex 118.907107 122.092893 -108.000000
    endloop
  endfacet
  facet normal 0.665688 0.745765 -0.026336
    outer loop
      vertex 113.540589 126.459411 -120.000000
      vertex 117.890883 123.000000 -108.000000
      vertex 118.907107 122.092893 -108.000000
    endloop
  endfacet
  facet normal 0.706134 0.706134 -0.052424
    outer loop
      vertex 113.540589 126.459411 -120.000000
      vertex 112.610467 127.389533 -120.000000
      vertex 117.890883 123.000000 -108.000000
    endloop
  endfacet
  facet normal 0.266636 0.937060 0.225442
    outer loop
      vertex 112.610467 127.389533 -120.000000
      vertex 116.645685 123.354315 -108.000000
      vertex 117.890883 123.000000 -108.000000
    endloop
  endfacet
  facet normal 0.860482 0.494383 -0.123107
    outer loop
      vertex 112.610467 127.389533 -120.000000
      vertex 112.000000 128.452061 -120.000000
      vertex 116.645685 123.354315 -108.000000
    endloop
  endfacet
  facet normal 0.706856 0.706856 0.026628
    outer loop
      vertex 112.000000 128.452061 -120.000000
      vertex 115.661421 124.338579 -108.000000
      vertex 116.645685 123.354315 -108.000000
    endloop
  endfacet
  facet normal 0.888865 0.442285 -0.119598
    outer loop
      vertex 112.000000 128.452061 -120.000000
      vertex 111.457330 129.542670 -120.000000
      vertex 115.661421 124.338579 -108.000000
    endloop
  endfacet
  facet normal 0.705882 0.705882 0.058824
    outer loop
      vertex 111.457330 129.542670 -120.000000
      vertex 114.677157 125.322843 -108.000000
      vertex 115.661421 124.338579 -108.000000
    endloop
  endfacet
  facet normal 0.705882 0.705882 0.058824
    outer loop
      vertex 111.457330 129.542670 -120.000000
      vertex 110.527208 130.472792 -120.000000
      vertex 114.677157 125.322843 -108.000000
    endloop
  endfacet
  facet normal 0.705882 0.705882 0.058824
    outer loop
      vertex 110.527208 130.472792 -120.000000
      vertex 113.692893 126.307107 -108.000000
      vertex 114.677157 125.322843 -108.000000
    endloop
  endfacet
  facet normal 0.705882 0.705882 0.058824
    outer loop
      vertex 110.527208 130.472792 -120.000000
      vertex 109.597086 131.402914 -120.000000
      vertex 113.692893 126.307107 -108.000000
    endloop
  endfacet
  facet normal 0.705882 0.705882 0.058824
    outer loop
      vertex 109.597086 131.402914 -120.000000
      vertex 112.708629 127.291371 -108.000000
      vertex 113.692893 126.307107 -108.000000
    endloop
  endfacet
  facet normal 0.705882 0.705882 0.058824
    outer loop
      vertex 109.597086 131.402914 -120.000000
      vertex 108.666964 132.333036 -120.000000
      vertex 112.708629 127.291371 -108.000000
    endloop
  endfacet
  facet normal 0.705882 0.705882 0.058824
    outer loop
      vertex 108.666964 132.333036 -120.000000
      vertex 111.724365 128.275635 -108.000000
      vertex 112.708629 127.291371 -108.000000
    endloop
  endfacet
  facet normal 0.705882 0.705882 0.058824
    outer loop
      vertex 108.666964 132.333036 -120.000000
      vertex 107.736842 133.263158 -120.000000
      vertex 111.724365 128.275635 -108.000000
    endloop
  endfacet
  facet normal 0.705882 0.705882 0.058824
    outer loop
      vertex 107.736842 133.263158 -120.000000
      vertex 110.740101 129.259899 -108.000000
      vertex 111.724365 128.275635 -108.000000
    endloop
  endfacet
  facet normal 0.807899 0.589294 -0.005603
    outer loop
      vertex 107.736842 133.263158 -120.000000
      vertex 107.000000 134.273339 -120.000000
      vertex 110.740101 129.259899 -108.000000
    endloop
  endfacet
  facet normal 0.826005 0.563228 -0.022136
    outer loop
      vertex 107.000000 134.273339 -120.000000
      vertex 110.000000 130.345299 -108.000000
      vertex 110.740101 129.259899 -108.000000
    endloop
  endfacet
  facet normal 0.932601 0.339678 -0.121961
    outer loop
      vertex 107.000000 134.273339 -120.000000
      vertex 106.583705 135.416295 -120.000000
      vertex 110.000000 130.345299 -108.000000
    endloop
  endfacet
  facet normal 0.910602 0.403662 -0.088660
    outer loop
      vertex 106.583705 135.416295 -120.000000
      vertex 109.478680 131.521320 -108.000000
      vertex 110.000000 130.345299 -108.000000
    endloop
  endfacet
  facet normal 0.705882 0.705882 0.058824
    outer loop
      vertex 106.583705 135.416295 -120.000000
      vertex 105.653583 136.346417 -120.000000
      vertex 109.478680 131.521320 -108.000000
    endloop
  endfacet
  facet normal 0.705882 0.705882 0.058824
    outer loop
      vertex 105.653583 136.346417 -120.000000
      vertex 108.494416 132.505584 -108.000000
      vertex 109.478680 131.521320 -108.000000
    endloop
  endfacet
  facet normal 0.847350 0.530134 -0.030919
    outer loop
      vertex 105.653583 136.346417 -120.000000
      vertex 105.000000 137.391085 -120.000000
      vertex 108.494416 132.505584 -108.000000
    endloop
  endfacet
  facet normal 0.917376 0.382057 -0.111596
    outer loop
      vertex 105.000000 137.391085 -120.000000
      vertex 108.000000 133.692750 -108.000000
      vertex 108.494416 132.505584 -108.000000
    endloop
  endfacet
  facet normal 0.907051 0.408781 -0.100779
    outer loop
      vertex 105.000000 137.391085 -120.000000
      vertex 104.500446 138.499554 -120.000000
      vertex 108.000000 133.692750 -108.000000
    endloop
  endfacet
  facet normal 0.813839 0.581072 -0.004581
    outer loop
      vertex 104.500446 138.499554 -120.000000
      vertex 107.232994 134.767006 -108.000000
      vertex 108.000000 133.692750 -108.000000
    endloop
  endfacet
  facet normal 0.908500 0.410301 -0.079254
    outer loop
      vertex 104.500446 138.499554 -120.000000
      vertex 104.000000 139.607654 -120.000000
      vertex 107.232994 134.767006 -108.000000
    endloop
  endfacet
  facet normal 0.703955 0.703955 0.094310
    outer loop
      vertex 104.000000 139.607654 -120.000000
      vertex 106.248730 135.751270 -108.000000
      vertex 107.232994 134.767006 -108.000000
    endloop
  endfacet
  facet normal 0.982891 0.000000 -0.184188
    outer loop
      vertex 104.000000 139.607654 -120.000000
      vertex 104.000000 140.923045 -120.000000
      vertex 106.248730 135.751270 -108.000000
    endloop
  endfacet
  facet normal 0.976783 0.188494 -0.101806
    outer loop
      vertex 104.000000 140.923045 -120.000000
      vertex 106.000000 137.040202 -108.000000
      vertex 106.248730 135.751270 -108.000000
    endloop
  endfacet
  facet normal 0.983698 0.133154 -0.120865
    outer loop
      vertex 104.000000 140.923045 -120.000000
      vertex 103.831400 142.168600 -120.000000
      vertex 106.000000 137.040202 -108.000000
    endloop
  endfacet
  facet normal 0.969309 0.234084 -0.075131
    outer loop
      vertex 103.831400 142.168600 -120.000000
      vertex 105.694416 138.305584 -108.000000
      vertex 106.000000 137.040202 -108.000000
    endloop
  endfacet
  facet normal 0.756447 0.647685 0.091062
    outer loop
      vertex 103.831400 142.168600 -120.000000
      vertex 103.000000 143.139613 -120.000000
      vertex 105.694416 138.305584 -108.000000
    endloop
  endfacet
  facet normal 0.846292 0.532162 0.024352
    outer loop
      vertex 103.000000 143.139613 -120.000000
      vertex 105.000000 139.409908 -108.000000
      vertex 105.694416 138.305584 -108.000000
    endloop
  endfacet
  facet normal 0.986394 0.000000 -0.164399
    outer loop
      vertex 103.000000 143.139613 -120.000000
      vertex 103.000000 144.455004 -120.000000
      vertex 105.000000 139.409908 -108.000000
    endloop
  endfacet
  facet normal 0.986394 0.000000 -0.164399
    outer loop
      vertex 103.000000 144.455004 -120.000000
      vertex 105.000000 140.801867 -108.000000
      vertex 105.000000 139.409908 -108.000000
    endloop
  endfacet
  facet normal 0.986394 0.000000 -0.164399
    outer loop
      vertex 103.000000 144.455004 -120.000000
      vertex 103.000000 145.770395 -120.000000
      vertex 105.000000 140.801867 -108.000000
    endloop
  endfacet
  facet normal 0.986394 0.000000 -0.164399
    outer loop
      vertex 103.000000 145.770395 -120.000000
      vertex 105.000000 142.193827 -108.000000
      vertex 105.000000 140.801867 -108.000000
    endloop
  endfacet
  facet normal 0.986394 0.000000 -0.164399
    outer loop
      vertex 103.000000 145.770395 -120.000000
      vertex 103.000000 147.085786 -120.000000
      vertex 105.000000 142.193827 -108.000000
    endloop
  endfacet
  facet normal 0.986394 0.000000 -0.164399
    outer loop
      vertex 103.000000 147.085786 -120.000000
      vertex 105.000000 143.585786 -108.000000
      vertex 105.000000 142.193827 -108.000000
    endloop
  endfacet
  facet normal 0.986394 0.000000 -0.164399
    outer loop
      vertex 103.000000 147.085786 -120.000000
      vertex 103.000000 148.401177 -120.000000
      vertex 105.000000 143.585786 -108.000000
    endloop
  endfacet
  facet normal 0.986394 0.000000 -0.164399
    outer loop
      vertex 103.000000 148.401177 -120.000000
      vertex 105.000000 144.977746 -108.000000
      vertex 105.000000 143.585786 -108.000000
    endloop
  endfacet
  facet normal 0.986394 0.000000 -0.164399
    outer loop
      vertex 103.000000 148.401177 -120.000000
      vertex 103.000000 149.716569 -120.000000
      vertex 105.000000 144.977746 -108.000000
    endloop
  endfacet
  facet normal 0.986394 0.000000 -0.164399
    outer loop
      vertex 103.000000 149.716569 -120.000000
      vertex 105.000000 146.369706 -108.000000
      vertex 105.000000 144.977746 -108.000000
    endloop
  endfacet
  facet normal 0.986394 0.000000 -0.164399
    outer loop
      vertex 103.000000 149.716569 -120.000000
      vertex 103.000000 151.031960 -120.000000
      vertex 105.000000 146.369706 -108.000000
    endloop
  endfacet
  facet normal 0.866522 -0.399265 -0.299543
    outer loop
      vertex 103.000000 151.031960 -120.000000
      vertex 105.538579 147.538579 -108.000000
      vertex 105.000000 146.369706 -108.000000
    endloop
  endfacet
  facet normal 0.947407 -0.191732 -0.256238
    outer loop
      vertex 103.000000 151.031960 -120.000000
      vertex 103.245614 152.245614 -120.000000
      vertex 105.538579 147.538579 -108.000000
    endloop
  endfacet
  facet normal 0.889292 -0.341711 -0.303963
    outer loop
      vertex 103.245614 152.245614 -120.000000
      vertex 106.000000 148.739411 -108.000000
      vertex 105.538579 147.538579 -108.000000
    endloop
  endfacet
  facet normal 0.663404 -0.663404 -0.346108
    outer loop
      vertex 103.245614 152.245614 -120.000000
      vertex 104.175736 153.175736 -120.000000
      vertex 106.000000 148.739411 -108.000000
    endloop
  endfacet
  facet normal 0.988641 0.000000 -0.150295
    outer loop
      vertex 104.175736 153.175736 -120.000000
      vertex 106.000000 150.131371 -108.000000
      vertex 106.000000 148.739411 -108.000000
    endloop
  endfacet
  facet normal 0.620131 -0.732762 -0.280173
    outer loop
      vertex 104.175736 153.175736 -120.000000
      vertex 105.149706 154.000000 -120.000000
      vertex 106.000000 150.131371 -108.000000
    endloop
  endfacet
  facet normal 0.946097 -0.282643 -0.158158
    outer loop
      vertex 105.149706 154.000000 -120.000000
      vertex 106.370051 151.370051 -108.000000
      vertex 106.000000 150.131371 -108.000000
    endloop
  endfacet
  facet normal 0.261325 -0.936974 -0.231925
    outer loop
      vertex 105.149706 154.000000 -120.000000
      vertex 106.328873 154.328873 -120.000000
      vertex 106.370051 151.370051 -108.000000
    endloop
  endfacet
  facet normal 0.696311 -0.696311 -0.174078
    outer loop
      vertex 106.328873 154.328873 -120.000000
      vertex 107.354315 152.354315 -108.000000
      vertex 106.370051 151.370051 -108.000000
    endloop
  endfacet
  facet normal 0.696311 -0.696311 -0.174078
    outer loop
      vertex 106.328873 154.328873 -120.000000
      vertex 107.258995 155.258995 -120.000000
      vertex 107.354315 152.354315 -108.000000
    endloop
  endfacet
  facet normal 0.696311 -0.696311 -0.174078
    outer loop
      vertex 107.258995 155.258995 -120.000000
      vertex 108.338579 153.338579 -108.000000
      vertex 107.354315 152.354315 -108.000000
    endloop
  endfacet
  facet normal 0.696311 -0.696311 -0.174078
    outer loop
      vertex 107.258995 155.258995 -120.000000
      vertex 108.189117 156.189117 -120.000000
      vertex 108.338579 153.338579 -108.000000
    endloop
  endfacet
  facet normal 0.696311 -0.696311 -0.174078
    outer loop
      vertex 108.189117 156.189117 -120.000000
      vertex 109.322843 154.322843 -108.000000
      vertex 108.338579 153.338579 -108.000000
    endloop
  endfacet
  facet normal 0.696311 -0.696311 -0.174078
    outer loop
      vertex 108.189117 156.189117 -120.000000
      vertex 109.119239 157.119239 -120.000000
      vertex 109.322843 154.322843 -108.000000
    endloop
  endfacet
  facet normal 0.509403 -0.836123 -0.203487
    outer loop
      vertex 109.119239 157.119239 -120.000000
      vertex 110.434315 155.000000 -108.000000
      vertex 109.322843 154.322843 -108.000000
    endloop
  endfacet
  facet normal 0.693058 -0.693058 -0.198348
    outer loop
      vertex 109.119239 157.119239 -120.000000
      vertex 110.049361 158.049361 -120.000000
      vertex 110.434315 155.000000 -108.000000
    endloop
  endfacet
  facet normal 0.440350 -0.866698 -0.234366
    outer loop
      vertex 110.049361 158.049361 -120.000000
      vertex 111.584264 155.584264 -108.000000
      vertex 110.434315 155.000000 -108.000000
    endloop
  endfacet
  facet normal 0.688247 -0.688247 -0.229416
    outer loop
      vertex 110.049361 158.049361 -120.000000
      vertex 110.979483 158.979483 -120.000000
      vertex 111.584264 155.584264 -108.000000
    endloop
  endfacet
  facet normal 0.688247 -0.688247 -0.229416
    outer loop
      vertex 110.979483 158.979483 -120.000000
      vertex 112.568528 156.568528 -108.000000
      vertex 111.584264 155.584264 -108.000000
    endloop
  endfacet
  facet normal 0.015384 -0.979897 -0.198911
    outer loop
      vertex 110.979483 158.979483 -120.000000
      vertex 112.286375 159.000000 -120.000000
      vertex 112.568528 156.568528 -108.000000
    endloop
  endfacet
  facet normal 0.698237 -0.698237 -0.157896
    outer loop
      vertex 112.286375 159.000000 -120.000000
      vertex 113.552792 157.552792 -108.000000
      vertex 112.568528 156.568528 -108.000000
    endloop
  endfacet
  facet normal 0.346057 -0.926427 -0.148249
    outer loop
      vertex 112.286375 159.000000 -120.000000
      vertex 113.425513 159.425513 -120.000000
      vertex 113.552792 157.552792 -108.000000
    endloop
  endfacet
  facet normal 0.702247 -0.702247 -0.117041
    outer loop
      vertex 113.425513 159.425513 -120.000000
      vertex 114.537056 158.537056 -108.000000
      vertex 113.552792 157.552792 -108.000000
    endloop
  endfacet
  facet normal 0.467731 -0.877214 -0.108273
    outer loop
      vertex 113.425513 159.425513 -120.000000
      vertex 114.502944 160.000000 -120.000000
      vertex 114.537056 158.537056 -108.000000
    endloop
  endfacet
  facet normal 0.704371 -0.704371 -0.087874
    outer loop
      vertex 114.502944 160.000000 -120.000000
      vertex 115.521320 159.521320 -108.000000
      vertex 114.537056 158.537056 -108.000000
    endloop
  endfacet
  facet normal 0.000000 -0.999205 -0.039858
    outer loop
      vertex 114.502944 160.000000 -120.000000
      vertex 115.818335 160.000000 -120.000000
      vertex 115.521320 159.521320 -108.000000
    endloop
  endfacet
  facet normal 0.372055 -0.927794 -0.027801
    outer loop
      vertex 115.818335 160.000000 -120.000000
      vertex 116.715004 160.000000 -108.000000
      vertex 115.521320 159.521320 -108.000000
    endloop
  endfacet
  facet normal 0.631175 -0.774205 -0.047163
    outer loop
      vertex 115.818335 160.000000 -120.000000
      vertex 116.801665 160.801665 -120.000000
      vertex 116.715004 160.000000 -108.000000
    endloop
  endfacet
  facet normal 0.590507 -0.805510 -0.049548
    outer loop
      vertex 116.801665 160.801665 -120.000000
      vertex 117.782742 160.782742 -108.000000
      vertex 116.715004 160.000000 -108.000000
    endloop
  endfacet
  facet normal 0.158767 -0.987209 -0.014537
    outer loop
      vertex 116.801665 160.801665 -120.000000
      vertex 118.034903 161.000000 -120.000000
      vertex 117.782742 160.782742 -108.000000
    endloop
  endfacet
  facet normal 0.212056 -0.977168 -0.013235
    outer loop
      vertex 118.034903 161.000000 -120.000000
      vertex 119.059899 161.059899 -108.000000
      vertex 117.782742 160.782742 -108.000000
    endloop
  endfacet
  facet normal 0.200090 -0.979702 -0.012201
    outer loop
      vertex 118.034903 161.000000 -120.000000
      vertex 119.247696 161.247696 -120.000000
      vertex 119.059899 161.059899 -108.000000
    endloop
  endfacet
  facet normal 0.684020 -0.729463 -0.000711
    outer loop
      vertex 119.247696 161.247696 -120.000000
      vertex 120.062456 162.000000 -108.000000
      vertex 119.059899 161.059899 -108.000000
    endloop
  endfacet
  facet normal 0.599704 -0.800166 0.009446
    outer loop
      vertex 119.247696 161.247696 -120.000000
      vertex 120.251472 162.000000 -120.000000
      vertex 120.062456 162.000000 -108.000000
    endloop
  endfacet
  facet normal 0.000000 -1.000000 0.000000
    outer loop
      vertex 120.251472 162.000000 -120.000000
      vertex 121.454416 162.000000 -108.000000
      vertex 120.062456 162.000000 -108.000000
    endloop
  endfacet
  facet normal 0.000000 -1.000000 0.000000
    outer loop
      vertex 120.251472 162.000000 -120.000000
      vertex 121.566863 162.000000 -120.000000
      vertex 121.454416 162.000000 -108.000000
    endloop
  endfacet
  facet normal 0.000000 -1.000000 0.000000
    outer loop
      vertex 121.566863 162.000000 -120.000000
      vertex 122.846375 162.000000 -108.000000
      vertex 121.454416 162.000000 -108.000000
    endloop
  endfacet
  facet normal 0.000000 -1.000000 0.000000
    outer loop
      vertex 121.566863 162.000000 -120.000000
      vertex 122.882254 162.000000 -120.000000
      vertex 122.846375 162.000000 -108.000000
    endloop
  endfacet
  facet normal 0.000000 -1.000000 0.000000
    outer loop
      vertex 122.882254 162.000000 -120.000000
      vertex 124.238335 162.000000 -108.000000
      vertex 122.846375 162.000000 -108.000000
    endloop
  endfacet
  facet normal 0.000000 -1.000000 0.000000
    outer loop
      vertex 122.882254 162.000000 -120.000000
      vertex 124.197645 162.000000 -120.000000
      vertex 124.238335 162.000000 -108.000000
    endloop
  endfacet
  facet normal 0.000000 -1.000000 0.000000
    outer loop
      vertex 124.197645 162.000000 -120.000000
      vertex 125.630294 162.000000 -108.000000
      vertex 124.238335 162.000000 -108.000000
    endloop
  endfacet
  facet normal 0.000000 -1.000000 0.000000
    outer loop
      vertex 124.197645 162.000000 -120.000000
      vertex 125.513036 162.000000 -120.000000
      vertex 125.630294 162.000000 -108.000000
    endloop
  endfacet
  facet normal 0.000000 -1.000000 0.000000
    outer loop
      vertex 125.513036 162.000000 -120.000000
      vertex 127.022254 162.000000 -108.000000
      vertex 125.630294 162.000000 -108.000000
    endloop
  endfacet
  facet normal -0.478394 -0.876082 0.060167
    outer loop
      vertex 125.513036 162.000000 -120.000000
      vertex 126.585786 161.414214 -120.000000
      vertex 127.022254 162.000000 -108.000000
    endloop
  endfacet
  facet normal 0.000000 -0.998811 0.048757
    outer loop
      vertex 126.585786 161.414214 -120.000000
      vertex 128.414214 162.000000 -108.000000
      vertex 127.022254 162.000000 -108.000000
    endloop
  endfacet
  facet normal -0.338878 -0.935784 0.097315
    outer loop
      vertex 126.585786 161.414214 -120.000000
      vertex 127.729605 161.000000 -120.000000
      vertex 128.414214 162.000000 -108.000000
    endloop
  endfacet
  facet normal 0.000000 -0.996546 0.083045
    outer loop
      vertex 127.729605 161.000000 -120.000000
      vertex 129.806173 162.000000 -108.000000
      vertex 128.414214 162.000000 -108.000000
    endloop
  endfacet
  facet normal -0.024333 -0.995893 0.087202
    outer loop
      vertex 127.729605 161.000000 -120.000000
      vertex 129.031817 160.968183 -120.000000
      vertex 129.806173 162.000000 -108.000000
    endloop
  endfacet
  facet normal -0.627595 -0.771178 0.106808
    outer loop
      vertex 129.031817 160.968183 -120.000000
      vertex 130.847208 161.152792 -108.000000
      vertex 129.806173 162.000000 -108.000000
    endloop
  endfacet
  facet normal -0.702247 -0.702247 0.117041
    outer loop
      vertex 129.031817 160.968183 -120.000000
      vertex 129.961939 160.038061 -120.000000
      vertex 130.847208 161.152792 -108.000000
    endloop
  endfacet
  facet normal -0.113668 -0.988452 0.100207
    outer loop
      vertex 129.961939 160.038061 -120.000000
      vertex 132.175879 161.000000 -108.000000
      vertex 130.847208 161.152792 -108.000000
    endloop
  endfacet
  facet normal -0.029167 -0.995935 0.085217
    outer loop
      vertex 129.961939 160.038061 -120.000000
      vertex 131.261564 160.000000 -120.000000
      vertex 132.175879 161.000000 -108.000000
    endloop
  endfacet
  facet normal 0.000000 -0.996546 0.083045
    outer loop
      vertex 131.261564 160.000000 -120.000000
      vertex 133.567838 161.000000 -108.000000
      vertex 132.175879 161.000000 -108.000000
    endloop
  endfacet
  facet normal 0.000000 -0.996546 0.083045
    outer loop
      vertex 131.261564 160.000000 -120.000000
      vertex 132.576955 160.000000 -120.000000
      vertex 133.567838 161.000000 -108.000000
    endloop
  endfacet
  facet normal -0.517992 -0.847832 0.113425
    outer loop
      vertex 132.576955 160.000000 -120.000000
      vertex 134.678680 160.321320 -108.000000
      vertex 133.567838 161.000000 -108.000000
    endloop
  endfacet
  facet normal -0.510393 -0.852587 0.112222
    outer loop
      vertex 132.576955 160.000000 -120.000000
      vertex 133.630984 159.369016 -120.000000
      vertex 134.678680 160.321320 -108.000000
    endloop
  endfacet
  facet normal -0.702247 -0.702247 0.117041
    outer loop
      vertex 133.630984 159.369016 -120.000000
      vertex 135.662944 159.337056 -108.000000
      vertex 134.678680 160.321320 -108.000000
    endloop
  endfacet
  facet normal -0.302188 -0.952007 0.048634
    outer loop
      vertex 133.630984 159.369016 -120.000000
      vertex 134.793524 159.000000 -120.000000
      vertex 135.662944 159.337056 -108.000000
    endloop
  endfacet
  facet normal -0.259618 -0.964620 0.045904
    outer loop
      vertex 134.793524 159.000000 -120.000000
      vertex 136.915290 159.000000 -108.000000
      vertex 135.662944 159.337056 -108.000000
    endloop
  endfacet
  facet normal -0.616950 -0.779406 0.109085
    outer loop
      vertex 134.793524 159.000000 -120.000000
      vertex 135.784121 158.215879 -120.000000
      vertex 136.915290 159.000000 -108.000000
    endloop
  endfacet
  facet normal -0.164070 -0.983223 0.079713
    outer loop
      vertex 135.784121 158.215879 -120.000000
      vertex 138.217258 158.782742 -108.000000
      vertex 136.915290 159.000000 -108.000000
    endloop
  endfacet
  facet normal -0.178778 -0.980419 0.082563
    outer loop
      vertex 135.784121 158.215879 -120.000000
      vertex 137.007136 157.992864 -120.000000
      vertex 138.217258 158.782742 -108.000000
    endloop
  endfacet
  facet normal -0.702247 -0.702247 0.117041
    outer loop
      vertex 137.007136 157.992864 -120.000000
      vertex 139.201522 157.798478 -108.000000
      vertex 138.217258 158.782742 -108.000000
    endloop
  endfacet
  facet normal -0.702247 -0.702247 0.117041
    outer loop
      vertex 137.007136 157.992864 -120.000000
      vertex 137.937258 157.062742 -120.000000
      vertex 139.201522 157.798478 -108.000000
    endloop
  endfacet
  facet normal -0.702247 -0.702247 0.117041
    outer loop
      vertex 137.937258 157.062742 -120.000000
      vertex 140.185786 156.814214 -108.000000
      vertex 139.201522 157.798478 -108.000000
    endloop
  endfacet
  facet normal -0.702247 -0.702247 0.117041
    outer loop
      vertex 137.937258 157.062742 -120.000000
      vertex 138.867380 156.132620 -120.000000
      vertex 140.185786 156.814214 -108.000000
    endloop
  endfacet
  facet normal -0.607276 -0.786642 0.111401
    outer loop
      vertex 138.867380 156.132620 -120.000000
      vertex 141.240488 156.000000 -108.000000
      vertex 140.185786 156.814214 -108.000000
    endloop
  endfacet
  facet normal -0.701024 -0.701024 0.130886
    outer loop
      vertex 138.867380 156.132620 -120.000000
      vertex 139.797502 155.202498 -120.000000
      vertex 141.240488 156.000000 -108.000000
    endloop
  endfacet
  facet normal 0.000000 -0.997799 0.066312
    outer loop
      vertex 139.797502 155.202498 -120.000000
      vertex 142.632447 156.000000 -108.000000
      vertex 141.240488 156.000000 -108.000000
    endloop
  endfacet
  facet normal -0.178358 -0.978115 0.107140
    outer loop
      vertex 139.797502 155.202498 -120.000000
      vertex 141.020517 154.979483 -120.000000
      vertex 142.632447 156.000000 -108.000000
    endloop
  endfacet
  facet normal -0.547076 -0.824670 0.143620
    outer loop
      vertex 141.020517 154.979483 -120.000000
      vertex 143.724365 155.275635 -108.000000
      vertex 142.632447 156.000000 -108.000000
    endloop
  endfacet
  facet normal -0.696311 -0.696311 0.174078
    outer loop
      vertex 141.020517 154.979483 -120.000000
      vertex 141.950639 154.049361 -120.000000
      vertex 143.724365 155.275635 -108.000000
    endloop
  endfacet
  facet normal -0.696311 -0.696311 0.174078
    outer loop
      vertex 141.950639 154.049361 -120.000000
      vertex 144.708629 154.291371 -108.000000
      vertex 143.724365 155.275635 -108.000000
    endloop
  endfacet
  facet normal -0.696311 -0.696311 0.174078
    outer loop
      vertex 141.950639 154.049361 -120.000000
      vertex 142.880761 153.119239 -120.000000
      vertex 144.708629 154.291371 -108.000000
    endloop
  endfacet
  facet normal -0.696311 -0.696311 0.174078
    outer loop
      vertex 142.880761 153.119239 -120.000000
      vertex 145.692893 153.307107 -108.000000
      vertex 144.708629 154.291371 -108.000000
    endloop
  endfacet
  facet normal -0.958040 -0.174697 0.227246
    outer loop
      vertex 142.880761 153.119239 -120.000000
      vertex 143.103776 151.896224 -120.000000
      vertex 145.692893 153.307107 -108.000000
    endloop
  endfacet
  facet normal -0.945482 -0.229582 0.230990
    outer loop
      vertex 143.103776 151.896224 -120.000000
      vertex 146.000000 152.042355 -108.000000
      vertex 145.692893 153.307107 -108.000000
    endloop
  endfacet
  facet normal -0.713378 -0.677156 0.180421
    outer loop
      vertex 143.103776 151.896224 -120.000000
      vertex 144.000000 150.952061 -120.000000
      vertex 146.000000 152.042355 -108.000000
    endloop
  endfacet
  facet normal -0.710461 -0.680269 0.180218
    outer loop
      vertex 144.000000 150.952061 -120.000000
      vertex 146.954315 151.045685 -108.000000
      vertex 146.000000 152.042355 -108.000000
    endloop
  endfacet
  facet normal -0.971006 0.000000 0.239055
    outer loop
      vertex 144.000000 150.952061 -120.000000
      vertex 144.000000 149.636670 -120.000000
      vertex 146.954315 151.045685 -108.000000
    endloop
  endfacet
  facet normal -0.944532 -0.204974 0.256605
    outer loop
      vertex 144.000000 149.636670 -120.000000
      vertex 147.231472 149.768528 -108.000000
      vertex 146.954315 151.045685 -108.000000
    endloop
  endfacet
  facet normal -0.890934 -0.382935 0.244127
    outer loop
      vertex 144.000000 149.636670 -120.000000
      vertex 144.479929 148.520071 -120.000000
      vertex 147.231472 149.768528 -108.000000
    endloop
  endfacet
  facet normal -0.688247 -0.688247 0.229416
    outer loop
      vertex 144.479929 148.520071 -120.000000
      vertex 148.215736 148.784264 -108.000000
      vertex 147.231472 149.768528 -108.000000
    endloop
  endfacet
  facet normal -0.868072 -0.410429 0.279282
    outer loop
      vertex 144.479929 148.520071 -120.000000
      vertex 145.000000 147.420101 -120.000000
      vertex 148.215736 148.784264 -108.000000
    endloop
  endfacet
  facet normal -0.775284 -0.569790 0.272533
    outer loop
      vertex 145.000000 147.420101 -120.000000
      vertex 149.000000 147.717157 -108.000000
      vertex 148.215736 148.784264 -108.000000
    endloop
  endfacet
  facet normal -0.948683 0.000000 0.316228
    outer loop
      vertex 145.000000 147.420101 -120.000000
      vertex 145.000000 146.104710 -120.000000
      vertex 149.000000 147.717157 -108.000000
    endloop
  endfacet
  facet normal -0.948683 0.000000 0.316228
    outer loop
      vertex 145.000000 146.104710 -120.000000
      vertex 149.000000 146.325198 -108.000000
      vertex 149.000000 147.717157 -108.000000
    endloop
  endfacet
  facet normal -0.948683 0.000000 0.316228
    outer loop
      vertex 145.000000 146.104710 -120.000000
      vertex 145.000000 144.789319 -120.000000
      vertex 149.000000 146.325198 -108.000000
    endloop
  endfacet
  facet normal -0.948683 0.000000 0.316228
    outer loop
      vertex 145.000000 144.789319 -120.000000
      vertex 149.000000 144.933238 -108.000000
      vertex 149.000000 146.325198 -108.000000
    endloop
  endfacet
  facet normal -0.948683 0.000000 0.316228
    outer loop
      vertex 145.000000 144.789319 -120.000000
      vertex 145.000000 143.473928 -120.000000
      vertex 149.000000 144.933238 -108.000000
    endloop
  endfacet
  facet normal -0.948683 0.000000 0.316228
    outer loop
      vertex 145.000000 143.473928 -120.000000
      vertex 149.000000 143.541279 -108.000000
      vertex 149.000000 144.933238 -108.000000
    endloop
  endfacet
  facet normal -0.948683 0.000000 0.316228
    outer loop
      vertex 145.000000 143.473928 -120.000000
      vertex 145.000000 142.158537 -120.000000
      vertex 149.000000 143.541279 -108.000000
    endloop
  endfacet
  facet normal -0.948683 0.000000 0.316228
    outer loop
      vertex 145.000000 142.158537 -120.000000
      vertex 149.000000 142.149319 -108.000000
      vertex 149.000000 143.541279 -108.000000
    endloop
  endfacet
  facet normal -0.742636 0.622074 0.248023
    outer loop
      vertex 145.000000 142.158537 -120.000000
      vertex 144.181981 141.181981 -120.000000
      vertex 149.000000 142.149319 -108.000000
    endloop
  endfacet
  facet normal -0.927995 0.000000 0.372592
    outer loop
      vertex 144.181981 141.181981 -120.000000
      vertex 149.000000 140.757359 -108.000000
      vertex 149.000000 142.149319 -108.000000
    endloop
  endfacet
  facet normal -0.912994 0.166483 0.372459
    outer loop
      vertex 144.181981 141.181981 -120.000000
      vertex 143.958965 139.958965 -120.000000
      vertex 149.000000 140.757359 -108.000000
    endloop
  endfacet
  facet normal -0.921954 0.000000 0.387300
    outer loop
      vertex 143.958965 139.958965 -120.000000
      vertex 149.000000 139.365400 -108.000000
      vertex 149.000000 140.757359 -108.000000
    endloop
  endfacet
  facet normal -0.671084 0.671084 0.315107
    outer loop
      vertex 143.958965 139.958965 -120.000000
      vertex 143.028843 139.028843 -120.000000
      vertex 149.000000 139.365400 -108.000000
    endloop
  endfacet
  facet normal -0.895286 0.000000 0.445491
    outer loop
      vertex 143.028843 139.028843 -120.000000
      vertex 149.000000 137.973440 -108.000000
      vertex 149.000000 139.365400 -108.000000
    endloop
  endfacet
  facet normal -0.653321 0.653321 0.382550
    outer loop
      vertex 143.028843 139.028843 -120.000000
      vertex 142.098721 138.098721 -120.000000
      vertex 149.000000 137.973440 -108.000000
    endloop
  endfacet
  facet normal -0.848829 0.197893 0.490233
    outer loop
      vertex 142.098721 138.098721 -120.000000
      vertex 148.704062 136.704062 -108.000000
      vertex 149.000000 137.973440 -108.000000
    endloop
  endfacet
  facet normal -0.857486 0.156361 0.490172
    outer loop
      vertex 142.098721 138.098721 -120.000000
      vertex 141.875706 136.875706 -120.000000
      vertex 148.704062 136.704062 -108.000000
    endloop
  endfacet
  facet normal -0.653682 0.653682 0.381314
    outer loop
      vertex 141.875706 136.875706 -120.000000
      vertex 147.719798 135.719798 -108.000000
      vertex 148.704062 136.704062 -108.000000
    endloop
  endfacet
  facet normal -0.653682 0.653682 0.381314
    outer loop
      vertex 141.875706 136.875706 -120.000000
      vertex 140.945584 135.945584 -120.000000
      vertex 147.719798 135.719798 -108.000000
    endloop
  endfacet
  facet normal -0.653682 0.653682 0.381314
    outer loop
      vertex 140.945584 135.945584 -120.000000
      vertex 146.735534 134.735534 -108.000000
      vertex 147.719798 135.719798 -108.000000
    endloop
  endfacet
  facet normal -0.653682 0.653682 0.381314
    outer loop
      vertex 140.945584 135.945584 -120.000000
      vertex 140.015462 135.015462 -120.000000
      vertex 146.735534 134.735534 -108.000000
    endloop
  endfacet
  facet normal -0.653682 0.653682 0.381314
    outer loop
      vertex 140.015462 135.015462 -120.000000
      vertex 145.751270 133.751270 -108.000000
      vertex 146.735534 134.735534 -108.000000
    endloop
  endfacet
  facet normal -0.653682 0.653682 0.381314
    outer loop
      vertex 140.015462 135.015462 -120.000000
      vertex 139.085341 134.085341 -120.000000
      vertex 145.751270 133.751270 -108.000000
    endloop
  endfacet
  facet normal -0.653682 0.653682 0.381314
    outer loop
      vertex 139.085341 134.085341 -120.000000
      vertex 144.767006 132.767006 -108.000000
      vertex 145.751270 133.751270 -108.000000
    endloop
  endfacet
  facet normal -0.653682 0.653682 0.381314
    outer loop
      vertex 139.085341 134.085341 -120.000000
      vertex 138.155219 133.155219 -120.000000
      vertex 144.767006 132.767006 -108.000000
    endloop
  endfacet
  facet normal -0.549053 0.768994 0.327396
    outer loop
      vertex 138.155219 133.155219 -120.000000
      vertex 143.692750 132.000000 -108.000000
      vertex 144.767006 132.767006 -108.000000
    endloop
  endfacet
  facet normal -0.657801 0.657801 0.366875
    outer loop
      vertex 138.155219 133.155219 -120.000000
      vertex 137.225097 132.225097 -120.000000
      vertex 143.692750 132.000000 -108.000000
    endloop
  endfacet
  facet normal -0.375119 0.900718 0.219074
    outer loop
      vertex 137.225097 132.225097 -120.000000
      vertex 142.505584 131.505584 -108.000000
      vertex 143.692750 132.000000 -108.000000
    endloop
  endfacet
  facet normal -0.179417 0.974137 0.137359
    outer loop
      vertex 137.225097 132.225097 -120.000000
      vertex 136.002944 132.000000 -120.000000
      vertex 142.505584 131.505584 -108.000000
    endloop
  endfacet
  facet normal -0.653722 0.653722 0.381177
    outer loop
      vertex 136.002944 132.000000 -120.000000
      vertex 141.521320 130.521320 -108.000000
      vertex 142.505584 131.505584 -108.000000
    endloop
  endfacet
  facet normal -0.652772 0.654843 0.380879
    outer loop
      vertex 136.002944 132.000000 -120.000000
      vertex 135.071960 131.071960 -120.000000
      vertex 141.521320 130.521320 -108.000000
    endloop
  endfacet
  facet normal -0.392241 0.884839 0.251411
    outer loop
      vertex 135.071960 131.071960 -120.000000
      vertex 140.345299 130.000000 -108.000000
      vertex 141.521320 130.521320 -108.000000
    endloop
  endfacet
  facet normal -0.662324 0.662324 0.350220
    outer loop
      vertex 135.071960 131.071960 -120.000000
      vertex 134.141838 130.141838 -120.000000
      vertex 140.345299 130.000000 -108.000000
    endloop
  endfacet
  facet normal -0.539458 0.791145 0.288227
    outer loop
      vertex 134.141838 130.141838 -120.000000
      vertex 139.259899 129.259899 -108.000000
      vertex 140.345299 130.000000 -108.000000
    endloop
  endfacet
  facet normal -0.666667 0.666667 0.333333
    outer loop
      vertex 134.141838 130.141838 -120.000000
      vertex 133.211716 129.211716 -120.000000
      vertex 139.259899 129.259899 -108.000000
    endloop
  endfacet
  facet normal -0.666667 0.666667 0.333333
    outer loop
      vertex 133.211716 129.211716 -120.000000
      vertex 138.275635 128.275635 -108.000000
      vertex 139.259899 129.259899 -108.000000
    endloop
  endfacet
  facet normal -0.666667 0.666667 0.333333
    outer loop
      vertex 133.211716 129.211716 -120.000000
      vertex 132.281594 128.281594 -120.000000
      vertex 138.275635 128.275635 -108.000000
    endloop
  endfacet
  facet normal -0.210884 0.971766 0.105820
    outer loop
      vertex 132.281594 128.281594 -120.000000
      vertex 136.998478 127.998478 -108.000000
      vertex 138.275635 128.275635 -108.000000
    endloop
  endfacet
  facet normal -0.227239 0.967360 0.112145
    outer loop
      vertex 132.281594 128.281594 -120.000000
      vertex 131.082843 128.000000 -120.000000
      vertex 136.998478 127.998478 -108.000000
    endloop
  endfacet
  facet normal -0.667685 0.667685 0.329233
    outer loop
      vertex 131.082843 128.000000 -120.000000
      vertex 136.014214 127.014214 -108.000000
      vertex 136.998478 127.998478 -108.000000
    endloop
  endfacet
  facet normal -0.638870 0.699597 0.320013
    outer loop
      vertex 131.082843 128.000000 -120.000000
      vertex 130.128457 127.128457 -120.000000
      vertex 136.014214 127.014214 -108.000000
    endloop
  endfacet
  facet normal -0.210726 0.971038 0.112601
    outer loop
      vertex 130.128457 127.128457 -120.000000
      vertex 134.737056 126.737056 -108.000000
      vertex 136.014214 127.014214 -108.000000
    endloop
  endfacet
  facet normal -0.678280 0.678280 0.282617
    outer loop
      vertex 130.128457 127.128457 -120.000000
      vertex 129.198335 126.198335 -120.000000
      vertex 134.737056 126.737056 -108.000000
    endloop
  endfacet
  facet normal -0.678280 0.678280 0.282617
    outer loop
      vertex 129.198335 126.198335 -120.000000
      vertex 133.752792 125.752792 -108.000000
      vertex 134.737056 126.737056 -108.000000
    endloop
  endfacet
  facet normal -0.678280 0.678280 0.282617
    outer loop
      vertex 129.198335 126.198335 -120.000000
      vertex 128.268213 125.268213 -120.000000
      vertex 133.752792 125.752792 -108.000000
    endloop
  endfacet
  facet normal -0.678280 0.678280 0.282617
    outer loop
      vertex 128.268213 125.268213 -120.000000
      vertex 132.768528 124.768528 -108.000000
      vertex 133.752792 125.752792 -108.000000
    endloop
  endfacet
  facet normal -0.678280 0.678280 0.282617
    outer loop
      vertex 128.268213 125.268213 -120.000000
      vertex 127.338091 124.338091 -120.000000
      vertex 132.768528 124.768528 -108.000000
    endloop
  endfacet
  facet normal -0.566727 0.791711 0.228066
    outer loop
      vertex 127.338091 124.338091 -120.000000
      vertex 131.694903 124.000000 -108.000000
      vertex 132.768528 124.768528 -108.000000
    endloop
  endfacet
  facet normal -0.681508 0.681508 0.266634
    outer loop
      vertex 127.338091 124.338091 -120.000000
      vertex 126.407969 123.407969 -120.000000
      vertex 131.694903 124.000000 -108.000000
    endloop
  endfacet
  facet normal -0.380395 0.916693 0.122368
    outer loop
      vertex 126.407969 123.407969 -120.000000
      vertex 130.507107 123.507107 -108.000000
      vertex 131.694903 124.000000 -108.000000
    endloop
  endfacet
  facet normal -0.333377 0.936800 0.106141
    outer loop
      vertex 126.407969 123.407969 -120.000000
      vertex 125.261564 123.000000 -120.000000
      vertex 130.507107 123.507107 -108.000000
    endloop
  endfacet
  facet normal -0.681057 0.681057 0.268929
    outer loop
      vertex 125.261564 123.000000 -120.000000
      vertex 129.522843 122.522843 -108.000000
      vertex 130.507107 123.507107 -108.000000
    endloop
  endfacet
  facet normal 0.000000 0.999210 0.039732
    outer loop
      vertex 125.261564 123.000000 -120.000000
      vertex 123.946173 123.000000 -120.000000
      vertex 129.522843 122.522843 -108.000000
    endloop
  endfacet
  facet normal -0.396498 0.891358 0.219705
    outer loop
      vertex 123.946173 123.000000 -120.000000
      vertex 128.347452 122.000000 -108.000000
      vertex 129.522843 122.522843 -108.000000
    endloop
  endfacet
  facet normal 0.000000 0.996546 0.083045
    outer loop
      vertex 123.946173 123.000000 -120.000000
      vertex 122.630782 123.000000 -120.000000
      vertex 128.347452 122.000000 -108.000000
    endloop
  endfacet
  facet normal -0.532935 0.783645 0.319188
    outer loop
      vertex 122.630782 123.000000 -120.000000
      vertex 127.261421 121.261421 -108.000000
      vertex 128.347452 122.000000 -108.000000
    endloop
  endfacet
  facet normal 0.000000 0.989667 0.143385
    outer loop
      vertex 122.630782 123.000000 -120.000000
      vertex 121.315391 123.000000 -120.000000
      vertex 127.261421 121.261421 -108.000000
    endloop
  endfacet
  facet normal -0.205903 0.948814 0.239491
    outer loop
      vertex 121.315391 123.000000 -120.000000
      vertex 125.984264 120.984264 -108.000000
      vertex 127.261421 121.261421 -108.000000
    endloop
  endfacet
  facet normal 0.000000 0.986183 0.165657
    outer loop
      vertex 121.315391 123.000000 -120.000000
      vertex 120.000000 123.000000 -120.000000
      vertex 125.984264 120.984264 -108.000000
    endloop
  endfacet
  facet normal -0.639602 0.639602 0.426401
    outer loop
      vertex 120.000000 123.000000 -120.000000
      vertex 125.000000 120.000000 -108.000000
      vertex 125.984264 120.984264 -108.000000
    endloop
  endfacet
  facet normal 0.696311 0.696311 0.174078
    outer loop
      vertex 125.000000 120.000000 -108.000000
      vertex 124.015736 120.984264 -108.000000
      vertex 125.000000 117.000000 -96.000000
    endloop
  endfacet
  facet normal 0.648280 0.736926 0.191502
    outer loop
      vertex 124.015736 120.984264 -108.000000
      vertex 123.863259 118.000000 -96.000000
      vertex 125.000000 117.000000 -96.000000
    endloop
  endfacet
  facet normal 0.011021 0.970349 0.241455
    outer loop
      vertex 124.015736 120.984264 -108.000000
      vertex 122.630294 121.000000 -108.000000
      vertex 123.863259 118.000000 -96.000000
    endloop
  endfacet
  facet normal 0.332386 0.922455 0.196462
    outer loop
      vertex 122.630294 121.000000 -108.000000
      vertex 122.513726 118.486274 -96.000000
      vertex 123.863259 118.000000 -96.000000
    endloop
  endfacet
  facet normal 0.410797 0.891549 0.190750
    outer loop
      vertex 122.630294 121.000000 -108.000000
      vertex 121.461421 121.538579 -108.000000
      vertex 122.513726 118.486274 -96.000000
    endloop
  endfacet
  facet normal 0.351027 0.914363 0.201794
    outer loop
      vertex 121.461421 121.538579 -108.000000
      vertex 121.175563 119.000000 -96.000000
      vertex 122.513726 118.486274 -96.000000
    endloop
  endfacet
  facet normal 0.351305 0.914259 0.201779
    outer loop
      vertex 121.461421 121.538579 -108.000000
      vertex 120.260589 122.000000 -108.000000
      vertex 121.175563 119.000000 -96.000000
    endloop
  endfacet
  facet normal 0.176469 0.957999 0.226044
    outer loop
      vertex 120.260589 122.000000 -108.000000
      vertex 119.734558 119.265442 -96.000000
      vertex 121.175563 119.000000 -96.000000
    endloop
  endfacet
  facet normal 0.066724 0.972194 0.224468
    outer loop
      vertex 120.260589 122.000000 -108.000000
      vertex 118.907107 122.092893 -108.000000
      vertex 119.734558 119.265442 -96.000000
    endloop
  endfacet
  facet normal 0.702247 0.702247 0.117041
    outer loop
      vertex 118.907107 122.092893 -108.000000
      vertex 118.637868 120.362132 -96.000000
      vertex 119.734558 119.265442 -96.000000
    endloop
  endfacet
  facet normal 0.660975 0.740485 0.121630
    outer loop
      vertex 118.907107 122.092893 -108.000000
      vertex 117.890883 123.000000 -108.000000
      vertex 118.637868 120.362132 -96.000000
    endloop
  endfacet
  facet normal 0.437914 0.883383 0.166928
    outer loop
      vertex 117.890883 123.000000 -108.000000
      vertex 117.351127 121.000000 -96.000000
      vertex 118.637868 120.362132 -96.000000
    endloop
  endfacet
  facet normal 0.269693 0.947804 0.170098
    outer loop
      vertex 117.890883 123.000000 -108.000000
      vertex 116.645685 123.354315 -108.000000
      vertex 117.351127 121.000000 -96.000000
    endloop
  endfacet
  facet normal 0.572898 0.810002 0.125238
    outer loop
      vertex 116.645685 123.354315 -108.000000
      vertex 116.151594 121.848406 -96.000000
      vertex 117.351127 121.000000 -96.000000
    endloop
  endfacet
  facet normal 0.702247 0.702247 0.117041
    outer loop
      vertex 116.645685 123.354315 -108.000000
      vertex 115.661421 124.338579 -108.000000
      vertex 116.151594 121.848406 -96.000000
    endloop
  endfacet
  facet normal 0.702247 0.702247 0.117041
    outer loop
      vertex 115.661421 124.338579 -108.000000
      vertex 115.054903 122.945097 -96.000000
      vertex 116.151594 121.848406 -96.000000
    endloop
  endfacet
  facet normal 0.702247 0.702247 0.117041
    outer loop
      vertex 115.661421 124.338579 -108.000000
      vertex 114.677157 125.322843 -108.000000
      vertex 115.054903 122.945097 -96.000000
    endloop
  endfacet
  facet normal 0.702247 0.702247 0.117041
    outer loop
      vertex 114.677157 125.322843 -108.000000
      vertex 113.958213 124.041787 -96.000000
      vertex 115.054903 122.945097 -96.000000
    endloop
  endfacet
  facet normal 0.702247 0.702247 0.117041
    outer loop
      vertex 114.677157 125.322843 -108.000000
      vertex 113.692893 126.307107 -108.000000
      vertex 113.958213 124.041787 -96.000000
    endloop
  endfacet
  facet normal 0.702247 0.702247 0.117041
    outer loop
      vertex 113.692893 126.307107 -108.000000
      vertex 112.861522 125.138478 -96.000000
      vertex 113.958213 124.041787 -96.000000
    endloop
  endfacet
  facet normal 0.702247 0.702247 0.117041
    outer loop
      vertex 113.692893 126.307107 -108.000000
      vertex 112.708629 127.291371 -108.000000
      vertex 112.861522 125.138478 -96.000000
    endloop
  endfacet
  facet normal 0.702247 0.702247 0.117041
    outer loop
      vertex 112.708629 127.291371 -108.000000
      vertex 111.764832 126.235168 -96.000000
      vertex 112.861522 125.138478 -96.000000
    endloop
  endfacet
  facet normal 0.702247 0.702247 0.117041
    outer loop
      vertex 112.708629 127.291371 -108.000000
      vertex 111.724365 128.275635 -108.000000
      vertex 111.764832 126.235168 -96.000000
    endloop
  endfacet
  facet normal 0.846831 0.524801 0.086381
    outer loop
      vertex 111.724365 128.275635 -108.000000
      vertex 111.000000 127.469319 -96.000000
      vertex 111.764832 126.235168 -96.000000
    endloop
  endfacet
  facet normal 0.704248 0.704248 0.089832
    outer loop
      vertex 111.724365 128.275635 -108.000000
      vertex 110.740101 129.259899 -108.000000
      vertex 111.000000 127.469319 -96.000000
    endloop
  endfacet
  facet normal 0.865124 0.498463 0.055641
    outer loop
      vertex 110.740101 129.259899 -108.000000
      vertex 110.278558 128.721442 -96.000000
      vertex 111.000000 127.469319 -96.000000
    endloop
  endfacet
  facet normal 0.824866 0.562451 0.056964
    outer loop
      vertex 110.740101 129.259899 -108.000000
      vertex 110.000000 130.345299 -108.000000
      vertex 110.278558 128.721442 -96.000000
    endloop
  endfacet
  facet normal 0.962777 0.269924 0.014177
    outer loop
      vertex 110.000000 130.345299 -108.000000
      vertex 109.888974 130.111026 -96.000000
      vertex 110.278558 128.721442 -96.000000
    endloop
  endfacet
  facet normal 0.914080 0.405204 0.016368
    outer loop
      vertex 110.000000 130.345299 -108.000000
      vertex 109.478680 131.521320 -108.000000
      vertex 109.888974 130.111026 -96.000000
    endloop
  endfacet
  facet normal 0.798627 0.600271 0.043241
    outer loop
      vertex 109.478680 131.521320 -108.000000
      vertex 109.000000 131.293755 -96.000000
      vertex 109.888974 130.111026 -96.000000
    endloop
  endfacet
  facet normal 0.706495 0.706495 0.041580
    outer loop
      vertex 109.478680 131.521320 -108.000000
      vertex 108.494416 132.505584 -108.000000
      vertex 109.000000 131.293755 -96.000000
    endloop
  endfacet
  facet normal 0.909100 0.416561 0.003764
    outer loop
      vertex 108.494416 132.505584 -108.000000
      vertex 108.402700 132.597300 -96.000000
      vertex 109.000000 131.293755 -96.000000
    endloop
  endfacet
  facet normal 0.923134 0.384455 0.004117
    outer loop
      vertex 108.494416 132.505584 -108.000000
      vertex 108.000000 133.692750 -108.000000
      vertex 108.402700 132.597300 -96.000000
    endloop
  endfacet
  facet normal 0.960167 0.279347 -0.006721
    outer loop
      vertex 108.000000 133.692750 -108.000000
      vertex 108.000000 133.981451 -96.000000
      vertex 108.402700 132.597300 -96.000000
    endloop
  endfacet
  facet normal 0.813768 0.581021 -0.013978
    outer loop
      vertex 108.000000 133.692750 -108.000000
      vertex 107.232994 134.767006 -108.000000
      vertex 108.000000 133.981451 -96.000000
    endloop
  endfacet
  facet normal 0.750814 0.660497 -0.004752
    outer loop
      vertex 107.232994 134.767006 -108.000000
      vertex 107.000000 135.118192 -96.000000
      vertex 108.000000 133.981451 -96.000000
    endloop
  endfacet
  facet normal 0.707090 0.707090 -0.006964
    outer loop
      vertex 107.232994 134.767006 -108.000000
      vertex 106.248730 135.751270 -108.000000
      vertex 107.000000 135.118192 -96.000000
    endloop
  endfacet
  facet normal 0.943273 0.329393 -0.041677
    outer loop
      vertex 106.248730 135.751270 -108.000000
      vertex 106.526842 136.473158 -96.000000
      vertex 107.000000 135.118192 -96.000000
    endloop
  endfacet
  facet normal 0.981313 0.189368 -0.034135
    outer loop
      vertex 106.248730 135.751270 -108.000000
      vertex 106.000000 137.040202 -108.000000
      vertex 106.526842 136.473158 -96.000000
    endloop
  endfacet
  facet normal 0.929717 0.367527 -0.023451
    outer loop
      vertex 106.000000 137.040202 -108.000000
      vertex 106.000000 137.805887 -96.000000
      vertex 106.526842 136.473158 -96.000000
    endloop
  endfacet
  facet normal 0.971947 0.234721 -0.014977
    outer loop
      vertex 106.000000 137.040202 -108.000000
      vertex 105.694416 138.305584 -108.000000
      vertex 106.000000 137.805887 -96.000000
    endloop
  endfacet
  facet normal 0.999676 0.000000 -0.025457
    outer loop
      vertex 105.694416 138.305584 -108.000000
      vertex 106.000000 139.356842 -96.000000
      vertex 106.000000 137.805887 -96.000000
    endloop
  endfacet
  facet normal 0.844582 0.531086 -0.068033
    outer loop
      vertex 105.694416 138.305584 -108.000000
      vertex 105.000000 139.409908 -108.000000
      vertex 106.000000 139.356842 -96.000000
    endloop
  endfacet
  facet normal 0.996546 0.000000 -0.083045
    outer loop
      vertex 105.000000 139.409908 -108.000000
      vertex 106.000000 140.907797 -96.000000
      vertex 106.000000 139.356842 -96.000000
    endloop
  endfacet
  facet normal 0.996546 0.000000 -0.083045
    outer loop
      vertex 105.000000 139.409908 -108.000000
      vertex 105.000000 140.801867 -108.000000
      vertex 106.000000 140.907797 -96.000000
    endloop
  endfacet
  facet normal 0.996546 0.000000 -0.083045
    outer loop
      vertex 105.000000 140.801867 -108.000000
      vertex 106.000000 142.458751 -96.000000
      vertex 106.000000 140.907797 -96.000000
    endloop
  endfacet
  facet normal 0.996546 0.000000 -0.083045
    outer loop
      vertex 105.000000 140.801867 -108.000000
      vertex 105.000000 142.193827 -108.000000
      vertex 106.000000 142.458751 -96.000000
    endloop
  endfacet
  facet normal 0.996544 -0.004418 -0.082948
    outer loop
      vertex 105.000000 142.193827 -108.000000
      vertex 106.006863 144.006863 -96.000000
      vertex 106.000000 142.458751 -96.000000
    endloop
  endfacet
  facet normal 0.996498 0.000000 -0.083611
    outer loop
      vertex 105.000000 142.193827 -108.000000
      vertex 105.000000 143.585786 -108.000000
      vertex 106.006863 144.006863 -96.000000
    endloop
  endfacet
  facet normal 0.753278 -0.656475 -0.040168
    outer loop
      vertex 105.000000 143.585786 -108.000000
      vertex 107.000000 145.146447 -96.000000
      vertex 106.006863 144.006863 -96.000000
    endloop
  endfacet
  facet normal 0.986394 0.000000 -0.164399
    outer loop
      vertex 105.000000 143.585786 -108.000000
      vertex 105.000000 144.977746 -108.000000
      vertex 107.000000 145.146447 -96.000000
    endloop
  endfacet
  facet normal 0.986394 0.000000 -0.164399
    outer loop
      vertex 105.000000 144.977746 -108.000000
      vertex 107.000000 146.697401 -96.000000
      vertex 107.000000 145.146447 -96.000000
    endloop
  endfacet
  facet normal 0.986394 0.000000 -0.164399
    outer loop
      vertex 105.000000 144.977746 -108.000000
      vertex 105.000000 146.369706 -108.000000
      vertex 107.000000 146.697401 -96.000000
    endloop
  endfacet
  facet normal 0.986394 0.000000 -0.164399
    outer loop
      vertex 105.000000 146.369706 -108.000000
      vertex 107.000000 148.248356 -96.000000
      vertex 107.000000 146.697401 -96.000000
    endloop
  endfacet
  facet normal 0.904897 -0.416947 -0.085541
    outer loop
      vertex 105.000000 146.369706 -108.000000
      vertex 105.538579 147.538579 -108.000000
      vertex 107.000000 148.248356 -96.000000
    endloop
  endfacet
  facet normal 0.915349 -0.392874 -0.088238
    outer loop
      vertex 105.538579 147.538579 -108.000000
      vertex 107.565198 149.565198 -96.000000
      vertex 107.000000 148.248356 -96.000000
    endloop
  endfacet
  facet normal 0.929092 -0.357005 -0.096617
    outer loop
      vertex 105.538579 147.538579 -108.000000
      vertex 106.000000 148.739411 -108.000000
      vertex 107.565198 149.565198 -96.000000
    endloop
  endfacet
  facet normal 0.706437 -0.706437 -0.043529
    outer loop
      vertex 106.000000 148.739411 -108.000000
      vertex 108.661888 150.661888 -96.000000
      vertex 107.565198 149.565198 -96.000000
    endloop
  endfacet
  facet normal 0.976269 0.000000 -0.216560
    outer loop
      vertex 106.000000 148.739411 -108.000000
      vertex 106.000000 150.131371 -108.000000
      vertex 108.661888 150.661888 -96.000000
    endloop
  endfacet
  facet normal 0.701595 -0.701595 -0.124613
    outer loop
      vertex 106.000000 150.131371 -108.000000
      vertex 109.758579 151.758579 -96.000000
      vertex 108.661888 150.661888 -96.000000
    endloop
  endfacet
  facet normal 0.927033 -0.276947 -0.252806
    outer loop
      vertex 106.000000 150.131371 -108.000000
      vertex 106.370051 151.370051 -108.000000
      vertex 109.758579 151.758579 -96.000000
    endloop
  endfacet
  facet normal 0.696311 -0.696311 -0.174078
    outer loop
      vertex 106.370051 151.370051 -108.000000
      vertex 110.855269 152.855269 -96.000000
      vertex 109.758579 151.758579 -96.000000
    endloop
  endfacet
  facet normal 0.696311 -0.696311 -0.174078
    outer loop
      vertex 106.370051 151.370051 -108.000000
      vertex 107.354315 152.354315 -108.000000
      vertex 110.855269 152.855269 -96.000000
    endloop
  endfacet
  facet normal 0.696311 -0.696311 -0.174078
    outer loop
      vertex 107.354315 152.354315 -108.000000
      vertex 111.951960 153.951960 -96.000000
      vertex 110.855269 152.855269 -96.000000
    endloop
  endfacet
  facet normal 0.696311 -0.696311 -0.174078
    outer loop
      vertex 107.354315 152.354315 -108.000000
      vertex 108.338579 153.338579 -108.000000
      vertex 111.951960 153.951960 -96.000000
    endloop
  endfacet
  facet normal 0.696311 -0.696311 -0.174078
    outer loop
      vertex 108.338579 153.338579 -108.000000
      vertex 113.048650 155.048650 -96.000000
      vertex 111.951960 153.951960 -96.000000
    endloop
  endfacet
  facet normal 0.696311 -0.696311 -0.174078
    outer loop
      vertex 108.338579 153.338579 -108.000000
      vertex 109.322843 154.322843 -108.000000
      vertex 113.048650 155.048650 -96.000000
    endloop
  endfacet
  facet normal 0.628084 -0.763784 -0.148813
    outer loop
      vertex 109.322843 154.322843 -108.000000
      vertex 114.205543 156.000000 -96.000000
      vertex 113.048650 155.048650 -96.000000
    endloop
  endfacet
  facet normal 0.518084 -0.850373 -0.091953
    outer loop
      vertex 109.322843 154.322843 -108.000000
      vertex 110.434315 155.000000 -108.000000
      vertex 114.205543 156.000000 -96.000000
    endloop
  endfacet
  facet normal 0.373000 -0.926970 -0.039975
    outer loop
      vertex 110.434315 155.000000 -108.000000
      vertex 115.534924 156.534924 -96.000000
      vertex 114.205543 156.000000 -96.000000
    endloop
  endfacet
  facet normal 0.451577 -0.888794 -0.078257
    outer loop
      vertex 110.434315 155.000000 -108.000000
      vertex 111.584264 155.584264 -108.000000
      vertex 115.534924 156.534924 -96.000000
    endloop
  endfacet
  facet normal 0.696311 -0.696311 -0.174078
    outer loop
      vertex 111.584264 155.584264 -108.000000
      vertex 116.631615 157.631615 -96.000000
      vertex 115.534924 156.534924 -96.000000
    endloop
  endfacet
  facet normal 0.696311 -0.696311 -0.174078
    outer loop
      vertex 111.584264 155.584264 -108.000000
      vertex 112.568528 156.568528 -108.000000
      vertex 116.631615 157.631615 -96.000000
    endloop
  endfacet
  facet normal 0.696311 -0.696311 -0.174078
    outer loop
      vertex 112.568528 156.568528 -108.000000
      vertex 117.728305 158.728305 -96.000000
      vertex 116.631615 157.631615 -96.000000
    endloop
  endfacet
  facet normal 0.696311 -0.696311 -0.174078
    outer loop
      vertex 112.568528 156.568528 -108.000000
      vertex 113.552792 157.552792 -108.000000
      vertex 117.728305 158.728305 -96.000000
    endloop
  endfacet
  facet normal 0.269951 -0.962874 0.000390
    outer loop
      vertex 113.552792 157.552792 -108.000000
      vertex 119.117889 159.117889 -96.000000
      vertex 117.728305 158.728305 -96.000000
    endloop
  endfacet
  facet normal 0.688247 -0.688247 -0.229416
    outer loop
      vertex 113.552792 157.552792 -108.000000
      vertex 114.537056 158.537056 -108.000000
      vertex 119.117889 159.117889 -96.000000
    endloop
  endfacet
  facet normal 0.586546 -0.788328 -0.185749
    outer loop
      vertex 114.537056 158.537056 -108.000000
      vertex 120.303461 160.000000 -96.000000
      vertex 119.117889 159.117889 -96.000000
    endloop
  endfacet
  facet normal 0.685412 -0.685412 -0.245804
    outer loop
      vertex 114.537056 158.537056 -108.000000
      vertex 115.521320 159.521320 -108.000000
      vertex 120.303461 160.000000 -96.000000
    endloop
  endfacet
  facet normal 0.417657 -0.899174 -0.130573
    outer loop
      vertex 115.521320 159.521320 -108.000000
      vertex 121.604163 160.604163 -96.000000
      vertex 120.303461 160.000000 -96.000000
    endloop
  endfacet
  facet normal 0.370167 -0.923087 -0.104343
    outer loop
      vertex 115.521320 159.521320 -108.000000
      vertex 116.715004 160.000000 -108.000000
      vertex 121.604163 160.604163 -96.000000
    endloop
  endfacet
  facet normal 0.685590 -0.685590 -0.244812
    outer loop
      vertex 116.715004 160.000000 -108.000000
      vertex 122.700854 161.700854 -96.000000
      vertex 121.604163 160.604163 -96.000000
    endloop
  endfacet
  facet normal 0.581820 -0.793660 -0.177732
    outer loop
      vertex 116.715004 160.000000 -108.000000
      vertex 117.782742 160.782742 -108.000000
      vertex 122.700854 161.700854 -96.000000
    endloop
  endfacet
  facet normal 0.269767 -0.962217 -0.036944
    outer loop
      vertex 117.782742 160.782742 -108.000000
      vertex 124.090437 162.090437 -96.000000
      vertex 122.700854 161.700854 -96.000000
    endloop
  endfacet
  facet normal 0.212072 -0.977241 -0.004979
    outer loop
      vertex 117.782742 160.782742 -108.000000
      vertex 119.059899 161.059899 -108.000000
      vertex 124.090437 162.090437 -96.000000
    endloop
  endfacet
  facet normal 0.601751 -0.776832 -0.185548
    outer loop
      vertex 119.059899 161.059899 -108.000000
      vertex 125.264639 163.000000 -96.000000
      vertex 124.090437 162.090437 -96.000000
    endloop
  endfacet
  facet normal 0.665770 -0.710001 -0.229455
    outer loop
      vertex 119.059899 161.059899 -108.000000
      vertex 120.062456 162.000000 -108.000000
      vertex 125.264639 163.000000 -96.000000
    endloop
  endfacet
  facet normal 0.000000 -0.996546 0.083045
    outer loop
      vertex 120.062456 162.000000 -108.000000
      vertex 126.815593 163.000000 -96.000000
      vertex 125.264639 163.000000 -96.000000
    endloop
  endfacet
  facet normal 0.000000 -0.996546 0.083045
    outer loop
      vertex 120.062456 162.000000 -108.000000
      vertex 121.454416 162.000000 -108.000000
      vertex 126.815593 163.000000 -96.000000
    endloop
  endfacet
  facet normal 0.000000 -0.996546 0.083045
    outer loop
      vertex 121.454416 162.000000 -108.000000
      vertex 128.366548 163.000000 -96.000000
      vertex 126.815593 163.000000 -96.000000
    endloop
  endfacet
  facet normal 0.000000 -0.996546 0.083045
    outer loop
      vertex 121.454416 162.000000 -108.000000
      vertex 122.846375 162.000000 -108.000000
      vertex 128.366548 163.000000 -96.000000
    endloop
  endfacet
  facet normal 0.000000 -0.996546 0.083045
    outer loop
      vertex 122.846375 162.000000 -108.000000
      vertex 129.917502 163.000000 -96.000000
      vertex 128.366548 163.000000 -96.000000
    endloop
  endfacet
  facet normal 0.000000 -0.996546 0.083045
    outer loop
      vertex 122.846375 162.000000 -108.000000
      vertex 124.238335 162.000000 -108.000000
      vertex 129.917502 163.000000 -96.000000
    endloop
  endfacet
  facet normal -0.224155 -0.956677 0.185807
    outer loop
      vertex 124.238335 162.000000 -108.000000
      vertex 131.331249 162.668751 -96.000000
      vertex 129.917502 163.000000 -96.000000
    endloop
  endfacet
  facet normal 0.000000 -0.998451 0.055643
    outer loop
      vertex 124.238335 162.000000 -108.000000
      vertex 125.630294 162.000000 -108.000000
      vertex 131.331249 162.668751 -96.000000
    endloop
  endfacet
  facet normal -0.448708 -0.854775 0.260808
    outer loop
      vertex 125.630294 162.000000 -108.000000
      vertex 132.605198 162.000000 -96.000000
      vertex 131.331249 162.668751 -96.000000
    endloop
  endfacet
  facet normal 0.000000 -1.000000 0.000000
    outer loop
      vertex 125.630294 162.000000 -108.000000
      vertex 127.022254 162.000000 -108.000000
      vertex 132.605198 162.000000 -96.000000
    endloop
  endfacet
  facet normal 0.000000 -1.000000 0.000000
    outer loop
      vertex 127.022254 162.000000 -108.000000
      vertex 134.156152 162.000000 -96.000000
      vertex 132.605198 162.000000 -96.000000
    endloop
  endfacet
  facet normal 0.000000 -1.000000 0.000000
    outer loop
      vertex 127.022254 162.000000 -108.000000
      vertex 128.414214 162.000000 -108.000000
      vertex 134.156152 162.000000 -96.000000
    endloop
  endfacet
  facet normal -0.343956 -0.924450 0.164581
    outer loop
      vertex 128.414214 162.000000 -108.000000
      vertex 135.500000 161.500000 -96.000000
      vertex 134.156152 162.000000 -96.000000
    endloop
  endfacet
  facet normal 0.000000 -0.999133 -0.041631
    outer loop
      vertex 128.414214 162.000000 -108.000000
      vertex 129.806173 162.000000 -108.000000
      vertex 135.500000 161.500000 -96.000000
    endloop
  endfacet
  facet normal -0.345958 -0.929831 0.125409
    outer loop
      vertex 129.806173 162.000000 -108.000000
      vertex 136.843848 161.000000 -96.000000
      vertex 135.500000 161.500000 -96.000000
    endloop
  endfacet
  facet normal -0.603656 -0.741762 0.292214
    outer loop
      vertex 129.806173 162.000000 -108.000000
      vertex 130.847208 161.152792 -108.000000
      vertex 136.843848 161.000000 -96.000000
    endloop
  endfacet
  facet normal -0.190268 -0.978249 0.082625
    outer loop
      vertex 130.847208 161.152792 -108.000000
      vertex 138.279167 160.720833 -96.000000
      vertex 136.843848 161.000000 -96.000000
    endloop
  endfacet
  facet normal -0.114173 -0.992845 0.034972
    outer loop
      vertex 130.847208 161.152792 -108.000000
      vertex 132.175879 161.000000 -108.000000
      vertex 138.279167 160.720833 -96.000000
    endloop
  endfacet
  facet normal -0.485771 -0.843979 0.227432
    outer loop
      vertex 132.175879 161.000000 -108.000000
      vertex 139.531543 160.000000 -96.000000
      vertex 138.279167 160.720833 -96.000000
    endloop
  endfacet
  facet normal 0.000000 -0.996546 -0.083045
    outer loop
      vertex 132.175879 161.000000 -108.000000
      vertex 133.567838 161.000000 -108.000000
      vertex 139.531543 160.000000 -96.000000
    endloop
  endfacet
  facet normal -0.517775 -0.834657 0.187767
    outer loop
      vertex 133.567838 161.000000 -108.000000
      vertex 140.765442 159.234558 -96.000000
      vertex 139.531543 160.000000 -96.000000
    endloop
  endfacet
  facet normal -0.512457 -0.838774 0.183972
    outer loop
      vertex 133.567838 161.000000 -108.000000
      vertex 134.678680 160.321320 -108.000000
      vertex 140.765442 159.234558 -96.000000
    endloop
  endfacet
  facet normal -0.269618 -0.961686 0.049665
    outer loop
      vertex 134.678680 160.321320 -108.000000
      vertex 142.155025 158.844975 -96.000000
      vertex 140.765442 159.234558 -96.000000
    endloop
  endfacet
  facet normal -0.666667 -0.666667 0.333333
    outer loop
      vertex 134.678680 160.321320 -108.000000
      vertex 135.662944 159.337056 -108.000000
      vertex 142.155025 158.844975 -96.000000
    endloop
  endfacet
  facet normal -0.554437 -0.788016 0.267640
    outer loop
      vertex 135.662944 159.337056 -108.000000
      vertex 143.355980 158.000000 -96.000000
      vertex 142.155025 158.844975 -96.000000
    endloop
  endfacet
  facet normal -0.259440 -0.963960 0.058918
    outer loop
      vertex 135.662944 159.337056 -108.000000
      vertex 136.915290 159.000000 -108.000000
      vertex 143.355980 158.000000 -96.000000
    endloop
  endfacet
  facet normal -0.440496 -0.882860 0.162853
    outer loop
      vertex 136.915290 159.000000 -108.000000
      vertex 144.641299 157.358701 -96.000000
      vertex 143.355980 158.000000 -96.000000
    endloop
  endfacet
  facet normal -0.164524 -0.985949 -0.028927
    outer loop
      vertex 136.915290 159.000000 -108.000000
      vertex 138.217258 158.782742 -108.000000
      vertex 144.641299 157.358701 -96.000000
    endloop
  endfacet
  facet normal -0.678280 -0.678280 0.282617
    outer loop
      vertex 138.217258 158.782742 -108.000000
      vertex 145.737990 156.262010 -96.000000
      vertex 144.641299 157.358701 -96.000000
    endloop
  endfacet
  facet normal -0.678280 -0.678280 0.282617
    outer loop
      vertex 138.217258 158.782742 -108.000000
      vertex 139.201522 157.798478 -108.000000
      vertex 145.737990 156.262010 -96.000000
    endloop
  endfacet
  facet normal -0.678280 -0.678280 0.282617
    outer loop
      vertex 139.201522 157.798478 -108.000000
      vertex 146.834680 155.165320 -96.000000
      vertex 145.737990 156.262010 -96.000000
    endloop
  endfacet
  facet normal -0.678280 -0.678280 0.282617
    outer loop
      vertex 139.201522 157.798478 -108.000000
      vertex 140.185786 156.814214 -108.000000
      vertex 146.834680 155.165320 -96.000000
    endloop
  endfacet
  facet normal -0.678280 -0.678280 0.282617
    outer loop
      vertex 140.185786 156.814214 -108.000000
      vertex 147.931371 154.068629 -96.000000
      vertex 146.834680 155.165320 -96.000000
    endloop
  endfacet
  facet normal -0.597633 -0.774151 0.208627
    outer loop
      vertex 140.185786 156.814214 -108.000000
      vertex 141.240488 156.000000 -108.000000
      vertex 147.931371 154.068629 -96.000000
    endloop
  endfacet
  facet normal -0.680838 -0.680838 0.270038
    outer loop
      vertex 141.240488 156.000000 -108.000000
      vertex 149.028061 152.971939 -96.000000
      vertex 147.931371 154.068629 -96.000000
    endloop
  endfacet
  facet normal 0.000000 -0.969607 -0.244669
    outer loop
      vertex 141.240488 156.000000 -108.000000
      vertex 142.632447 156.000000 -108.000000
      vertex 149.028061 152.971939 -96.000000
    endloop
  endfacet
  facet normal -0.741585 -0.627654 0.236860
    outer loop
      vertex 142.632447 156.000000 -108.000000
      vertex 150.000000 151.823574 -96.000000
      vertex 149.028061 152.971939 -96.000000
    endloop
  endfacet
  facet normal -0.552134 -0.832295 0.049322
    outer loop
      vertex 142.632447 156.000000 -108.000000
      vertex 143.724365 155.275635 -108.000000
      vertex 150.000000 151.823574 -96.000000
    endloop
  endfacet
  facet normal -0.871100 -0.334879 0.359224
    outer loop
      vertex 143.724365 155.275635 -108.000000
      vertex 150.514335 150.485665 -96.000000
      vertex 150.000000 151.823574 -96.000000
    endloop
  endfacet
  facet normal -0.702247 -0.702247 0.117041
    outer loop
      vertex 143.724365 155.275635 -108.000000
      vertex 144.708629 154.291371 -108.000000
      vertex 150.514335 150.485665 -96.000000
    endloop
  endfacet
  facet normal -0.888708 -0.319765 0.328554
    outer loop
      vertex 144.708629 154.291371 -108.000000
      vertex 151.000000 149.135879 -96.000000
      vertex 150.514335 150.485665 -96.000000
    endloop
  endfacet
  facet normal -0.705528 -0.705528 0.066783
    outer loop
      vertex 144.708629 154.291371 -108.000000
      vertex 145.692893 153.307107 -108.000000
      vertex 151.000000 149.135879 -96.000000
    endloop
  endfacet
  facet normal -0.746912 -0.657064 0.101931
    outer loop
      vertex 145.692893 153.307107 -108.000000
      vertex 152.000000 147.999138 -96.000000
      vertex 151.000000 149.135879 -96.000000
    endloop
  endfacet
  facet normal -0.900265 -0.218602 0.376478
    outer loop
      vertex 145.692893 153.307107 -108.000000
      vertex 146.000000 152.042355 -108.000000
      vertex 152.000000 147.999138 -96.000000
    endloop
  endfacet
  facet normal -0.896869 -0.251885 0.363565
    outer loop
      vertex 146.000000 152.042355 -108.000000
      vertex 152.390193 146.609807 -96.000000
      vertex 152.000000 147.999138 -96.000000
    endloop
  endfacet
  facet normal -0.720446 -0.689830 0.071355
    outer loop
      vertex 146.000000 152.042355 -108.000000
      vertex 146.954315 151.045685 -108.000000
      vertex 152.390193 146.609807 -96.000000
    endloop
  endfacet
  facet normal -0.877517 -0.412146 0.245154
    outer loop
      vertex 146.954315 151.045685 -108.000000
      vertex 153.000000 145.311442 -96.000000
      vertex 152.390193 146.609807 -96.000000
    endloop
  endfacet
  facet normal -0.910152 -0.197513 0.364159
    outer loop
      vertex 146.954315 151.045685 -108.000000
      vertex 147.231472 149.768528 -108.000000
      vertex 153.000000 145.311442 -96.000000
    endloop
  endfacet
  facet normal -0.793777 -0.585667 0.164046
    outer loop
      vertex 147.231472 149.768528 -108.000000
      vertex 153.876468 144.123532 -96.000000
      vertex 153.000000 145.311442 -96.000000
    endloop
  endfacet
  facet normal -0.705882 -0.705882 0.058824
    outer loop
      vertex 147.231472 149.768528 -108.000000
      vertex 148.215736 148.784264 -108.000000
      vertex 153.876468 144.123532 -96.000000
    endloop
  endfacet
  facet normal -0.912813 -0.075185 0.401397
    outer loop
      vertex 148.215736 148.784264 -108.000000
      vertex 154.000000 142.623747 -96.000000
      vertex 153.876468 144.123532 -96.000000
    endloop
  endfacet
  facet normal -0.802932 -0.590110 0.084082
    outer loop
      vertex 148.215736 148.784264 -108.000000
      vertex 149.000000 147.717157 -108.000000
      vertex 154.000000 142.623747 -96.000000
    endloop
  endfacet
  facet normal -0.923077 0.000000 0.384615
    outer loop
      vertex 149.000000 147.717157 -108.000000
      vertex 154.000000 141.072792 -96.000000
      vertex 154.000000 142.623747 -96.000000
    endloop
  endfacet
  facet normal -0.923077 0.000000 0.384615
    outer loop
      vertex 149.000000 147.717157 -108.000000
      vertex 149.000000 146.325198 -108.000000
      vertex 154.000000 141.072792 -96.000000
    endloop
  endfacet
  facet normal -0.923077 0.000000 0.384615
    outer loop
      vertex 149.000000 146.325198 -108.000000
      vertex 154.000000 139.521838 -96.000000
      vertex 154.000000 141.072792 -96.000000
    endloop
  endfacet
  facet normal -0.923077 0.000000 0.384615
    outer loop
      vertex 149.000000 146.325198 -108.000000
      vertex 149.000000 144.933238 -108.000000
      vertex 154.000000 139.521838 -96.000000
    endloop
  endfacet
  facet normal -0.856584 -0.498852 0.131953
    outer loop
      vertex 149.000000 144.933238 -108.000000
      vertex 154.727696 138.272304 -96.000000
      vertex 154.000000 139.521838 -96.000000
    endloop
  endfacet
  facet normal -0.902469 0.000000 0.430755
    outer loop
      vertex 149.000000 144.933238 -108.000000
      vertex 149.000000 143.541279 -108.000000
      vertex 154.727696 138.272304 -96.000000
    endloop
  endfacet
  facet normal -0.911329 -0.255500 0.322799
    outer loop
      vertex 149.000000 143.541279 -108.000000
      vertex 155.117279 136.882721 -96.000000
      vertex 154.727696 138.272304 -96.000000
    endloop
  endfacet
  facet normal -0.890917 0.000000 0.454166
    outer loop
      vertex 149.000000 143.541279 -108.000000
      vertex 149.000000 142.149319 -108.000000
      vertex 155.117279 136.882721 -96.000000
    endloop
  endfacet
  facet normal -0.836102 -0.509847 0.202459
    outer loop
      vertex 149.000000 142.149319 -108.000000
      vertex 155.786030 135.786030 -96.000000
      vertex 155.117279 136.882721 -96.000000
    endloop
  endfacet
  facet normal -0.870456 0.000000 0.492245
    outer loop
      vertex 149.000000 142.149319 -108.000000
      vertex 149.000000 140.757359 -108.000000
      vertex 155.786030 135.786030 -96.000000
    endloop
  endfacet
  facet normal -0.689664 0.442394 0.573281
    outer loop
      vertex 149.000000 140.757359 -108.000000
      vertex 155.000000 134.560660 -96.000000
      vertex 155.786030 135.786030 -96.000000
    endloop
  endfacet
  facet normal -0.894427 0.000000 0.447214
    outer loop
      vertex 149.000000 140.757359 -108.000000
      vertex 149.000000 139.365400 -108.000000
      vertex 155.000000 134.560660 -96.000000
    endloop
  endfacet
  facet normal -0.894427 0.000000 0.447214
    outer loop
      vertex 149.000000 139.365400 -108.000000
      vertex 155.000000 133.009706 -96.000000
      vertex 155.000000 134.560660 -96.000000
    endloop
  endfacet
  facet normal -0.894427 0.000000 0.447214
    outer loop
      vertex 149.000000 139.365400 -108.000000
      vertex 149.000000 137.973440 -108.000000
      vertex 155.000000 133.009706 -96.000000
    endloop
  endfacet
  facet normal -0.829835 0.228087 0.509265
    outer loop
      vertex 149.000000 137.973440 -108.000000
      vertex 154.617279 131.617279 -96.000000
      vertex 155.000000 133.009706 -96.000000
    endloop
  endfacet
  facet normal -0.843848 0.196732 0.499216
    outer loop
      vertex 149.000000 137.973440 -108.000000
      vertex 148.704062 136.704062 -108.000000
      vertex 154.617279 131.617279 -96.000000
    endloop
  endfacet
  facet normal -0.593362 0.593362 0.543915
    outer loop
      vertex 148.704062 136.704062 -108.000000
      vertex 153.520589 130.520589 -96.000000
      vertex 154.617279 131.617279 -96.000000
    endloop
  endfacet
  facet normal -0.593362 0.593362 0.543915
    outer loop
      vertex 148.704062 136.704062 -108.000000
      vertex 147.719798 135.719798 -108.000000
      vertex 153.520589 130.520589 -96.000000
    endloop
  endfacet
  facet normal -0.314308 0.806207 0.501240
    outer loop
      vertex 147.719798 135.719798 -108.000000
      vertex 152.185269 130.000000 -96.000000
      vertex 153.520589 130.520589 -96.000000
    endloop
  endfacet
  facet normal -0.606293 0.606293 0.514605
    outer loop
      vertex 147.719798 135.719798 -108.000000
      vertex 146.735534 134.735534 -108.000000
      vertex 152.185269 130.000000 -96.000000
    endloop
  endfacet
  facet normal -0.552564 0.658574 0.510836
    outer loop
      vertex 146.735534 134.735534 -108.000000
      vertex 151.034315 129.034315 -96.000000
      vertex 152.185269 130.000000 -96.000000
    endloop
  endfacet
  facet normal -0.609208 0.609208 0.507673
    outer loop
      vertex 146.735534 134.735534 -108.000000
      vertex 145.751270 133.751270 -108.000000
      vertex 151.034315 129.034315 -96.000000
    endloop
  endfacet
  facet normal -0.241709 0.862138 0.445302
    outer loop
      vertex 145.751270 133.751270 -108.000000
      vertex 149.644731 128.644731 -96.000000
      vertex 151.034315 129.034315 -96.000000
    endloop
  endfacet
  facet normal -0.624695 0.624695 0.468521
    outer loop
      vertex 145.751270 133.751270 -108.000000
      vertex 144.767006 132.767006 -108.000000
      vertex 149.644731 128.644731 -96.000000
    endloop
  endfacet
  facet normal -0.624695 0.624695 0.468521
    outer loop
      vertex 144.767006 132.767006 -108.000000
      vertex 148.548040 127.548040 -96.000000
      vertex 149.644731 128.644731 -96.000000
    endloop
  endfacet
  facet normal -0.511925 0.716994 0.473131
    outer loop
      vertex 144.767006 132.767006 -108.000000
      vertex 143.692750 132.000000 -108.000000
      vertex 148.548040 127.548040 -96.000000
    endloop
  endfacet
  facet normal -0.342429 0.827234 0.445450
    outer loop
      vertex 143.692750 132.000000 -108.000000
      vertex 147.224092 127.000000 -96.000000
      vertex 148.548040 127.548040 -96.000000
    endloop
  endfacet
  facet normal -0.344175 0.826416 0.445623
    outer loop
      vertex 143.692750 132.000000 -108.000000
      vertex 142.505584 131.505584 -108.000000
      vertex 147.224092 127.000000 -96.000000
    endloop
  endfacet
  facet normal -0.143972 0.906474 0.396960
    outer loop
      vertex 142.505584 131.505584 -108.000000
      vertex 145.768873 126.768873 -96.000000
      vertex 147.224092 127.000000 -96.000000
    endloop
  endfacet
  facet normal -0.639602 0.639602 0.426401
    outer loop
      vertex 142.505584 131.505584 -108.000000
      vertex 141.521320 130.521320 -108.000000
      vertex 145.768873 126.768873 -96.000000
    endloop
  endfacet
  facet normal -0.482193 0.772938 0.412379
    outer loop
      vertex 141.521320 130.521320 -108.000000
      vertex 144.536396 126.000000 -96.000000
      vertex 145.768873 126.768873 -96.000000
    endloop
  endfacet
  facet normal -0.370078 0.834841 0.407533
    outer loop
      vertex 141.521320 130.521320 -108.000000
      vertex 140.345299 130.000000 -108.000000
      vertex 144.536396 126.000000 -96.000000
    endloop
  endfacet
  facet normal -0.450710 0.787703 0.419982
    outer loop
      vertex 140.345299 130.000000 -108.000000
      vertex 143.282599 125.282599 -96.000000
      vertex 144.536396 126.000000 -96.000000
    endloop
  endfacet
  facet normal -0.511288 0.749833 0.419922
    outer loop
      vertex 140.345299 130.000000 -108.000000
      vertex 139.259899 129.259899 -108.000000
      vertex 143.282599 125.282599 -96.000000
    endloop
  endfacet
  facet normal -0.180149 0.914069 0.363351
    outer loop
      vertex 139.259899 129.259899 -108.000000
      vertex 141.848701 125.000000 -96.000000
      vertex 143.282599 125.282599 -96.000000
    endloop
  endfacet
  facet normal -0.655723 0.655723 0.374238
    outer loop
      vertex 139.259899 129.259899 -108.000000
      vertex 138.275635 128.275635 -108.000000
      vertex 141.848701 125.000000 -96.000000
    endloop
  endfacet
  facet normal 0.000000 0.964704 0.263335
    outer loop
      vertex 138.275635 128.275635 -108.000000
      vertex 140.297746 125.000000 -96.000000
      vertex 141.848701 125.000000 -96.000000
    endloop
  endfacet
  facet normal -0.202991 0.935394 0.289540
    outer loop
      vertex 138.275635 128.275635 -108.000000
      vertex 136.998478 127.998478 -108.000000
      vertex 140.297746 125.000000 -96.000000
    endloop
  endfacet
  facet normal -0.562946 0.752095 0.342704
    outer loop
      vertex 136.998478 127.998478 -108.000000
      vertex 139.113848 124.113848 -96.000000
      vertex 140.297746 125.000000 -96.000000
    endloop
  endfacet
  facet normal -0.666667 0.666667 0.333333
    outer loop
      vertex 136.998478 127.998478 -108.000000
      vertex 136.014214 127.014214 -108.000000
      vertex 139.113848 124.113848 -96.000000
    endloop
  endfacet
  facet normal -0.666667 0.666667 0.333333
    outer loop
      vertex 136.014214 127.014214 -108.000000
      vertex 138.017157 123.017157 -96.000000
      vertex 139.113848 124.113848 -96.000000
    endloop
  endfacet
  facet normal -0.199481 0.919219 0.339476
    outer loop
      vertex 136.014214 127.014214 -108.000000
      vertex 134.737056 126.737056 -108.000000
      vertex 138.017157 123.017157 -96.000000
    endloop
  endfacet
  facet normal -0.618412 0.686796 0.381939
    outer loop
      vertex 134.737056 126.737056 -108.000000
      vertex 136.887523 122.000000 -96.000000
      vertex 138.017157 123.017157 -96.000000
    endloop
  endfacet
  facet normal -0.655202 0.655202 0.376060
    outer loop
      vertex 134.737056 126.737056 -108.000000
      vertex 133.752792 125.752792 -108.000000
      vertex 136.887523 122.000000 -96.000000
    endloop
  endfacet
  facet normal -0.305398 0.883182 0.355978
    outer loop
      vertex 133.752792 125.752792 -108.000000
      vertex 135.530883 121.530883 -96.000000
      vertex 136.887523 122.000000 -96.000000
    endloop
  endfacet
  facet normal -0.666667 0.666667 0.333333
    outer loop
      vertex 133.752792 125.752792 -108.000000
      vertex 132.768528 124.768528 -108.000000
      vertex 135.530883 121.530883 -96.000000
    endloop
  endfacet
  facet normal -0.666667 0.666667 0.333333
    outer loop
      vertex 132.768528 124.768528 -108.000000
      vertex 134.434193 120.434193 -96.000000
      vertex 135.530883 121.530883 -96.000000
    endloop
  endfacet
  facet normal -0.545097 0.761494 0.350710
    outer loop
      vertex 132.768528 124.768528 -108.000000
      vertex 131.694903 124.000000 -108.000000
      vertex 134.434193 120.434193 -96.000000
    endloop
  endfacet
  facet normal -0.662838 0.662838 0.348271
    outer loop
      vertex 131.694903 124.000000 -108.000000
      vertex 133.337502 119.337502 -96.000000
      vertex 134.434193 120.434193 -96.000000
    endloop
  endfacet
  facet normal -0.354460 0.854194 0.380409
    outer loop
      vertex 131.694903 124.000000 -108.000000
      vertex 130.507107 123.507107 -108.000000
      vertex 133.337502 119.337502 -96.000000
    endloop
  endfacet
  facet normal -0.653682 0.653682 0.381314
    outer loop
      vertex 130.507107 123.507107 -108.000000
      vertex 132.240812 118.240812 -96.000000
      vertex 133.337502 119.337502 -96.000000
    endloop
  endfacet
  facet normal -0.653682 0.653682 0.381314
    outer loop
      vertex 130.507107 123.507107 -108.000000
      vertex 129.522843 122.522843 -108.000000
      vertex 132.240812 118.240812 -96.000000
    endloop
  endfacet
  facet normal -0.653682 0.653682 0.381314
    outer loop
      vertex 129.522843 122.522843 -108.000000
      vertex 131.144121 117.144121 -96.000000
      vertex 132.240812 118.240812 -96.000000
    endloop
  endfacet
  facet normal -0.368611 0.828667 0.421233
    outer loop
      vertex 129.522843 122.522843 -108.000000
      vertex 128.347452 122.000000 -108.000000
      vertex 131.144121 117.144121 -96.000000
    endloop
  endfacet
  facet normal -0.088526 0.915997 0.391296
    outer loop
      vertex 128.347452 122.000000 -108.000000
      vertex 129.652864 117.000000 -96.000000
      vertex 131.144121 117.144121 -96.000000
    endloop
  endfacet
  facet normal -0.521096 0.766237 0.375952
    outer loop
      vertex 128.347452 122.000000 -108.000000
      vertex 127.261421 121.261421 -108.000000
      vertex 129.652864 117.000000 -96.000000
    endloop
  endfacet
  facet normal 0.000000 0.942345 0.334644
    outer loop
      vertex 127.261421 121.261421 -108.000000
      vertex 128.101909 117.000000 -96.000000
      vertex 129.652864 117.000000 -96.000000
    endloop
  endfacet
  facet normal -0.199418 0.918929 0.340296
    outer loop
      vertex 127.261421 121.261421 -108.000000
      vertex 125.984264 120.984264 -108.000000
      vertex 128.101909 117.000000 -96.000000
    endloop
  endfacet
  facet normal 0.000000 0.949056 0.315107
    outer loop
      vertex 125.984264 120.984264 -108.000000
      vertex 126.550955 117.000000 -96.000000
      vertex 128.101909 117.000000 -96.000000
    endloop
  endfacet
  facet normal -0.682975 0.682975 0.259016
    outer loop
      vertex 125.984264 120.984264 -108.000000
      vertex 125.000000 120.000000 -108.000000
      vertex 126.550955 117.000000 -96.000000
    endloop
  endfacet
  facet normal 0.000000 0.970143 0.242536
    outer loop
      vertex 125.000000 120.000000 -108.000000
      vertex 125.000000 117.000000 -96.000000
      vertex 126.550955 117.000000 -96.000000
    endloop
  endfacet
  facet normal 0.655393 0.745012 0.124169
    outer loop
      vertex 125.000000 117.000000 -96.000000
      vertex 123.863259 118.000000 -96.000000
      vertex 125.000000 115.000000 -84.000000
    endloop
  endfacet
  facet normal 0.634994 0.761464 0.130214
    outer loop
      vertex 123.863259 118.000000 -96.000000
      vertex 123.800833 116.000000 -84.000000
      vertex 125.000000 115.000000 -84.000000
    endloop
  endfacet
  facet normal 0.334810 0.929181 0.156605
    outer loop
      vertex 123.863259 118.000000 -96.000000
      vertex 122.513726 118.486274 -96.000000
      vertex 123.800833 116.000000 -84.000000
    endloop
  endfacet
  facet normal 0.000000 0.979203 0.202881
    outer loop
      vertex 122.513726 118.486274 -96.000000
      vertex 122.187452 116.000000 -84.000000
      vertex 123.800833 116.000000 -84.000000
    endloop
  endfacet
  facet normal 0.351225 0.914877 0.199102
    outer loop
      vertex 122.513726 118.486274 -96.000000
      vertex 121.175563 119.000000 -96.000000
      vertex 122.187452 116.000000 -84.000000
    endloop
  endfacet
  facet normal 0.634434 0.760793 0.136700
    outer loop
      vertex 121.175563 119.000000 -96.000000
      vertex 120.988284 117.000000 -84.000000
      vertex 122.187452 116.000000 -84.000000
    endloop
  endfacet
  facet normal 0.178691 0.970062 0.164466
    outer loop
      vertex 121.175563 119.000000 -96.000000
      vertex 119.734558 119.265442 -96.000000
      vertex 120.988284 117.000000 -84.000000
    endloop
  endfacet
  facet normal 0.292011 0.944914 0.147879
    outer loop
      vertex 119.734558 119.265442 -96.000000
      vertex 119.557990 117.442010 -84.000000
      vertex 120.988284 117.000000 -84.000000
    endloop
  endfacet
  facet normal 0.702247 0.702247 0.117041
    outer loop
      vertex 119.734558 119.265442 -96.000000
      vertex 118.637868 120.362132 -96.000000
      vertex 119.557990 117.442010 -84.000000
    endloop
  endfacet
  facet normal 0.367276 0.909817 0.193237
    outer loop
      vertex 118.637868 120.362132 -96.000000
      vertex 118.175736 118.000000 -84.000000
      vertex 119.557990 117.442010 -84.000000
    endloop
  endfacet
  facet normal 0.436060 0.879643 0.189946
    outer loop
      vertex 118.637868 120.362132 -96.000000
      vertex 117.351127 121.000000 -96.000000
      vertex 118.175736 118.000000 -84.000000
    endloop
  endfacet
  facet normal 0.642025 0.753013 0.144135
    outer loop
      vertex 117.351127 121.000000 -96.000000
      vertex 116.983431 119.016569 -84.000000
      vertex 118.175736 118.000000 -84.000000
    endloop
  endfacet
  facet normal 0.570833 0.807082 0.150890
    outer loop
      vertex 117.351127 121.000000 -96.000000
      vertex 116.151594 121.848406 -96.000000
      vertex 116.983431 119.016569 -84.000000
    endloop
  endfacet
  facet normal 0.702247 0.702247 0.117041
    outer loop
      vertex 116.151594 121.848406 -96.000000
      vertex 115.842599 120.157401 -84.000000
      vertex 116.983431 119.016569 -84.000000
    endloop
  endfacet
  facet normal 0.702247 0.702247 0.117041
    outer loop
      vertex 116.151594 121.848406 -96.000000
      vertex 115.054903 122.945097 -96.000000
      vertex 115.842599 120.157401 -84.000000
    endloop
  endfacet
  facet normal 0.829863 0.553038 0.074002
    outer loop
      vertex 115.054903 122.945097 -96.000000
      vertex 115.000000 121.421766 -84.000000
      vertex 115.842599 120.157401 -84.000000
    endloop
  endfacet
  facet normal 0.704069 0.704069 0.092599
    outer loop
      vertex 115.054903 122.945097 -96.000000
      vertex 113.958213 124.041787 -96.000000
      vertex 115.000000 121.421766 -84.000000
    endloop
  endfacet
  facet normal 0.872591 0.487487 0.030681
    outer loop
      vertex 113.958213 124.041787 -96.000000
      vertex 114.268040 122.731960 -84.000000
      vertex 115.000000 121.421766 -84.000000
    endloop
  endfacet
  facet normal 0.705882 0.705882 0.058824
    outer loop
      vertex 113.958213 124.041787 -96.000000
      vertex 112.861522 125.138478 -96.000000
      vertex 114.268040 122.731960 -84.000000
    endloop
  endfacet
  facet normal 0.705882 0.705882 0.058824
    outer loop
      vertex 112.861522 125.138478 -96.000000
      vertex 113.127208 123.872792 -84.000000
      vertex 114.268040 122.731960 -84.000000
    endloop
  endfacet
  facet normal 0.705882 0.705882 0.058824
    outer loop
      vertex 112.861522 125.138478 -96.000000
      vertex 111.764832 126.235168 -96.000000
      vertex 113.127208 123.872792 -84.000000
    endloop
  endfacet
  facet normal 0.955886 0.289171 -0.051595
    outer loop
      vertex 111.764832 126.235168 -96.000000
      vertex 112.693482 125.306518 -84.000000
      vertex 113.127208 123.872792 -84.000000
    endloop
  endfacet
  facet normal 0.849742 0.526605 -0.025007
    outer loop
      vertex 111.764832 126.235168 -96.000000
      vertex 111.000000 127.469319 -96.000000
      vertex 112.693482 125.306518 -84.000000
    endloop
  endfacet
  facet normal 0.706837 0.706837 0.027644
    outer loop
      vertex 111.000000 127.469319 -96.000000
      vertex 111.552649 126.447351 -84.000000
      vertex 112.693482 125.306518 -84.000000
    endloop
  endfacet
  facet normal 0.866463 0.499234 0.002613
    outer loop
      vertex 111.000000 127.469319 -96.000000
      vertex 110.278558 128.721442 -96.000000
      vertex 111.552649 126.447351 -84.000000
    endloop
  endfacet
  facet normal 0.705882 0.705882 0.058824
    outer loop
      vertex 110.278558 128.721442 -96.000000
      vertex 110.411817 127.588183 -84.000000
      vertex 111.552649 126.447351 -84.000000
    endloop
  endfacet
  facet normal 0.962769 0.269922 0.014799
    outer loop
      vertex 110.278558 128.721442 -96.000000
      vertex 109.888974 130.111026 -96.000000
      vertex 110.411817 127.588183 -84.000000
    endloop
  endfacet
  facet normal 0.961476 0.274433 0.015804
    outer loop
      vertex 109.888974 130.111026 -96.000000
      vertex 110.000000 129.030984 -84.000000
      vertex 110.411817 127.588183 -84.000000
    endloop
  endfacet
  facet normal 0.798505 0.600180 0.046630
    outer loop
      vertex 109.888974 130.111026 -96.000000
      vertex 109.000000 131.293755 -96.000000
      vertex 110.000000 129.030984 -84.000000
    endloop
  endfacet
  facet normal 0.952244 0.304549 -0.021927
    outer loop
      vertex 109.000000 131.293755 -96.000000
      vertex 109.544365 130.455635 -84.000000
      vertex 110.000000 129.030984 -84.000000
    endloop
  endfacet
  facet normal 0.909039 0.416533 -0.012145
    outer loop
      vertex 109.000000 131.293755 -96.000000
      vertex 108.402700 132.597300 -96.000000
      vertex 109.544365 130.455635 -84.000000
    endloop
  endfacet
  facet normal 0.705882 0.705882 0.058824
    outer loop
      vertex 108.402700 132.597300 -96.000000
      vertex 108.403532 131.596468 -84.000000
      vertex 109.544365 130.455635 -84.000000
    endloop
  endfacet
  facet normal 0.959929 0.279278 0.023226
    outer loop
      vertex 108.402700 132.597300 -96.000000
      vertex 108.000000 133.981451 -96.000000
      vertex 108.403532 131.596468 -84.000000
    endloop
  endfacet
  facet normal 0.962995 0.268698 0.021020
    outer loop
      vertex 108.000000 133.981451 -96.000000
      vertex 108.000000 133.042700 -84.000000
      vertex 108.403532 131.596468 -84.000000
    endloop
  endfacet
  facet normal 0.749822 0.659624 0.051602
    outer loop
      vertex 108.000000 133.981451 -96.000000
      vertex 107.000000 135.118192 -96.000000
      vertex 108.000000 133.042700 -84.000000
    endloop
  endfacet
  facet normal 0.950325 0.310208 -0.025541
    outer loop
      vertex 107.000000 135.118192 -96.000000
      vertex 107.536081 134.463919 -84.000000
      vertex 108.000000 133.042700 -84.000000
    endloop
  endfacet
  facet normal 0.943816 0.329583 -0.024194
    outer loop
      vertex 107.000000 135.118192 -96.000000
      vertex 106.526842 136.473158 -96.000000
      vertex 107.536081 134.463919 -84.000000
    endloop
  endfacet
  facet normal 0.932975 0.359476 -0.018277
    outer loop
      vertex 106.526842 136.473158 -96.000000
      vertex 107.000000 135.855248 -84.000000
      vertex 107.536081 134.463919 -84.000000
    endloop
  endfacet
  facet normal 0.929827 0.367570 -0.017736
    outer loop
      vertex 106.526842 136.473158 -96.000000
      vertex 106.000000 137.805887 -96.000000
      vertex 107.000000 135.855248 -84.000000
    endloop
  endfacet
  facet normal 0.996546 0.000000 -0.083045
    outer loop
      vertex 106.000000 137.805887 -96.000000
      vertex 107.000000 137.468629 -84.000000
      vertex 107.000000 135.855248 -84.000000
    endloop
  endfacet
  facet normal 0.996546 0.000000 -0.083045
    outer loop
      vertex 106.000000 137.805887 -96.000000
      vertex 106.000000 139.356842 -96.000000
      vertex 107.000000 137.468629 -84.000000
    endloop
  endfacet
  facet normal 0.996546 0.000000 -0.083045
    outer loop
      vertex 106.000000 139.356842 -96.000000
      vertex 107.000000 139.082010 -84.000000
      vertex 107.000000 137.468629 -84.000000
    endloop
  endfacet
  facet normal 0.996546 0.000000 -0.083045
    outer loop
      vertex 106.000000 139.356842 -96.000000
      vertex 106.000000 140.907797 -96.000000
      vertex 107.000000 139.082010 -84.000000
    endloop
  endfacet
  facet normal 0.996546 0.000000 -0.083045
    outer loop
      vertex 106.000000 140.907797 -96.000000
      vertex 107.000000 140.695391 -84.000000
      vertex 107.000000 139.082010 -84.000000
    endloop
  endfacet
  facet normal 0.996546 0.000000 -0.083045
    outer loop
      vertex 106.000000 140.907797 -96.000000
      vertex 106.000000 142.458751 -96.000000
      vertex 107.000000 140.695391 -84.000000
    endloop
  endfacet
  facet normal 0.996546 0.000000 -0.083045
    outer loop
      vertex 106.000000 142.458751 -96.000000
      vertex 107.000000 142.308772 -84.000000
      vertex 107.000000 140.695391 -84.000000
    endloop
  endfacet
  facet normal 0.996531 -0.004418 -0.083100
    outer loop
      vertex 106.000000 142.458751 -96.000000
      vertex 106.006863 144.006863 -96.000000
      vertex 107.000000 142.308772 -84.000000
    endloop
  endfacet
  facet normal 0.891376 -0.432693 -0.135001
    outer loop
      vertex 106.006863 144.006863 -96.000000
      vertex 107.652061 143.652061 -84.000000
      vertex 107.000000 142.308772 -84.000000
    endloop
  endfacet
  facet normal 0.748267 -0.652108 -0.121868
    outer loop
      vertex 106.006863 144.006863 -96.000000
      vertex 107.000000 145.146447 -96.000000
      vertex 107.652061 143.652061 -84.000000
    endloop
  endfacet
  facet normal 0.969865 -0.229676 -0.081303
    outer loop
      vertex 107.000000 145.146447 -96.000000
      vertex 108.000000 145.121320 -84.000000
      vertex 107.652061 143.652061 -84.000000
    endloop
  endfacet
  facet normal 0.996546 0.000000 -0.083045
    outer loop
      vertex 107.000000 145.146447 -96.000000
      vertex 107.000000 146.697401 -96.000000
      vertex 108.000000 145.121320 -84.000000
    endloop
  endfacet
  facet normal 0.930276 -0.345654 -0.122921
    outer loop
      vertex 107.000000 146.697401 -96.000000
      vertex 108.519512 146.519512 -84.000000
      vertex 108.000000 145.121320 -84.000000
    endloop
  endfacet
  facet normal 0.992078 0.000000 -0.125623
    outer loop
      vertex 107.000000 146.697401 -96.000000
      vertex 107.000000 148.248356 -96.000000
      vertex 108.519512 146.519512 -84.000000
    endloop
  endfacet
  facet normal 0.694499 -0.694499 -0.187998
    outer loop
      vertex 107.000000 148.248356 -96.000000
      vertex 109.660345 147.660345 -84.000000
      vertex 108.519512 146.519512 -84.000000
    endloop
  endfacet
  facet normal 0.896893 -0.384953 -0.217700
    outer loop
      vertex 107.000000 148.248356 -96.000000
      vertex 107.565198 149.565198 -96.000000
      vertex 109.660345 147.660345 -84.000000
    endloop
  endfacet
  facet normal 0.688247 -0.688247 -0.229416
    outer loop
      vertex 107.565198 149.565198 -96.000000
      vertex 110.801177 148.801177 -84.000000
      vertex 109.660345 147.660345 -84.000000
    endloop
  endfacet
  facet normal 0.688247 -0.688247 -0.229416
    outer loop
      vertex 107.565198 149.565198 -96.000000
      vertex 108.661888 150.661888 -96.000000
      vertex 110.801177 148.801177 -84.000000
    endloop
  endfacet
  facet normal 0.688247 -0.688247 -0.229416
    outer loop
      vertex 108.661888 150.661888 -96.000000
      vertex 111.942010 149.942010 -84.000000
      vertex 110.801177 148.801177 -84.000000
    endloop
  endfacet
  facet normal 0.688247 -0.688247 -0.229416
    outer loop
      vertex 108.661888 150.661888 -96.000000
      vertex 109.758579 151.758579 -96.000000
      vertex 111.942010 149.942010 -84.000000
    endloop
  endfacet
  facet normal 0.935198 -0.282913 -0.212989
    outer loop
      vertex 109.758579 151.758579 -96.000000
      vertex 112.375736 151.375736 -84.000000
      vertex 111.942010 149.942010 -84.000000
    endloop
  endfacet
  facet normal 0.696311 -0.696311 -0.174078
    outer loop
      vertex 109.758579 151.758579 -96.000000
      vertex 110.855269 152.855269 -96.000000
      vertex 112.375736 151.375736 -84.000000
    endloop
  endfacet
  facet normal 0.696311 -0.696311 -0.174078
    outer loop
      vertex 110.855269 152.855269 -96.000000
      vertex 113.516569 152.516569 -84.000000
      vertex 112.375736 151.375736 -84.000000
    endloop
  endfacet
  facet normal 0.696311 -0.696311 -0.174078
    outer loop
      vertex 110.855269 152.855269 -96.000000
      vertex 111.951960 153.951960 -96.000000
      vertex 113.516569 152.516569 -84.000000
    endloop
  endfacet
  facet normal 0.696311 -0.696311 -0.174078
    outer loop
      vertex 111.951960 153.951960 -96.000000
      vertex 114.657401 153.657401 -84.000000
      vertex 113.516569 152.516569 -84.000000
    endloop
  endfacet
  facet normal 0.696311 -0.696311 -0.174078
    outer loop
      vertex 111.951960 153.951960 -96.000000
      vertex 113.048650 155.048650 -96.000000
      vertex 114.657401 153.657401 -84.000000
    endloop
  endfacet
  facet normal 0.696311 -0.696311 -0.174078
    outer loop
      vertex 113.048650 155.048650 -96.000000
      vertex 115.798234 154.798234 -84.000000
      vertex 114.657401 153.657401 -84.000000
    endloop
  endfacet
  facet normal 0.627016 -0.762486 -0.159581
    outer loop
      vertex 113.048650 155.048650 -96.000000
      vertex 114.205543 156.000000 -96.000000
      vertex 115.798234 154.798234 -84.000000
    endloop
  endfacet
  facet normal 0.697711 -0.697711 -0.162477
    outer loop
      vertex 114.205543 156.000000 -96.000000
      vertex 116.939066 155.939066 -84.000000
      vertex 115.798234 154.798234 -84.000000
    endloop
  endfacet
  facet normal 0.371804 -0.923998 -0.089386
    outer loop
      vertex 114.205543 156.000000 -96.000000
      vertex 115.534924 156.534924 -96.000000
      vertex 116.939066 155.939066 -84.000000
    endloop
  endfacet
  facet normal 0.702247 -0.702247 -0.117041
    outer loop
      vertex 115.534924 156.534924 -96.000000
      vertex 118.079899 157.079899 -84.000000
      vertex 116.939066 155.939066 -84.000000
    endloop
  endfacet
  facet normal 0.702247 -0.702247 -0.117041
    outer loop
      vertex 115.534924 156.534924 -96.000000
      vertex 116.631615 157.631615 -96.000000
      vertex 118.079899 157.079899 -84.000000
    endloop
  endfacet
  facet normal 0.702247 -0.702247 -0.117041
    outer loop
      vertex 116.631615 157.631615 -96.000000
      vertex 119.220732 158.220732 -84.000000
      vertex 118.079899 157.079899 -84.000000
    endloop
  endfacet
  facet normal 0.702247 -0.702247 -0.117041
    outer loop
      vertex 116.631615 157.631615 -96.000000
      vertex 117.728305 158.728305 -96.000000
      vertex 119.220732 158.220732 -84.000000
    endloop
  endfacet
  facet normal 0.514298 -0.851763 -0.099990
    outer loop
      vertex 117.728305 158.728305 -96.000000
      vertex 120.511329 159.000000 -84.000000
      vertex 119.220732 158.220732 -84.000000
    endloop
  endfacet
  facet normal 0.269727 -0.962073 -0.040772
    outer loop
      vertex 117.728305 158.728305 -96.000000
      vertex 119.117889 159.117889 -96.000000
      vertex 120.511329 159.000000 -84.000000
    endloop
  endfacet
  facet normal 0.525306 -0.848084 -0.069330
    outer loop
      vertex 119.117889 159.117889 -96.000000
      vertex 121.795290 159.795290 -84.000000
      vertex 120.511329 159.000000 -84.000000
    endloop
  endfacet
  facet normal 0.594642 -0.799209 -0.087559
    outer loop
      vertex 119.117889 159.117889 -96.000000
      vertex 120.303461 160.000000 -96.000000
      vertex 121.795290 159.795290 -84.000000
    endloop
  endfacet
  facet normal 0.703600 -0.703600 -0.099474
    outer loop
      vertex 120.303461 160.000000 -96.000000
      vertex 122.936123 160.936123 -84.000000
      vertex 121.795290 159.795290 -84.000000
    endloop
  endfacet
  facet normal 0.421165 -0.906725 -0.021665
    outer loop
      vertex 120.303461 160.000000 -96.000000
      vertex 121.604163 160.604163 -96.000000
      vertex 122.936123 160.936123 -84.000000
    endloop
  endfacet
  facet normal 0.040209 -0.998923 0.023170
    outer loop
      vertex 121.604163 160.604163 -96.000000
      vertex 124.523045 161.000000 -84.000000
      vertex 122.936123 160.936123 -84.000000
    endloop
  endfacet
  facet normal 0.699419 -0.699419 -0.147056
    outer loop
      vertex 121.604163 160.604163 -96.000000
      vertex 122.700854 161.700854 -96.000000
      vertex 124.523045 161.000000 -84.000000
    endloop
  endfacet
  facet normal 0.527093 -0.839945 -0.129095
    outer loop
      vertex 122.700854 161.700854 -96.000000
      vertex 125.803574 161.803574 -84.000000
      vertex 124.523045 161.000000 -84.000000
    endloop
  endfacet
  facet normal 0.269441 -0.961055 -0.061440
    outer loop
      vertex 122.700854 161.700854 -96.000000
      vertex 124.090437 162.090437 -96.000000
      vertex 125.803574 161.803574 -84.000000
    endloop
  endfacet
  facet normal 0.127061 -0.991012 -0.041830
    outer loop
      vertex 124.090437 162.090437 -96.000000
      vertex 127.335593 162.000000 -84.000000
      vertex 125.803574 161.803574 -84.000000
    endloop
  endfacet
  facet normal 0.603567 -0.779175 -0.169095
    outer loop
      vertex 124.090437 162.090437 -96.000000
      vertex 125.264639 163.000000 -96.000000
      vertex 127.335593 162.000000 -84.000000
    endloop
  endfacet
  facet normal 0.000000 -0.996546 -0.083045
    outer loop
      vertex 125.264639 163.000000 -96.000000
      vertex 128.948974 162.000000 -84.000000
      vertex 127.335593 162.000000 -84.000000
    endloop
  endfacet
  facet normal 0.000000 -0.996546 -0.083045
    outer loop
      vertex 125.264639 163.000000 -96.000000
      vertex 126.815593 163.000000 -96.000000
      vertex 128.948974 162.000000 -84.000000
    endloop
  endfacet
  facet normal 0.630551 -0.756136 -0.175112
    outer loop
      vertex 126.815593 163.000000 -96.000000
      vertex 130.148141 163.000000 -84.000000
      vertex 128.948974 162.000000 -84.000000
    endloop
  endfacet
  facet normal 0.000000 -1.000000 0.000000
    outer loop
      vertex 126.815593 163.000000 -96.000000
      vertex 128.366548 163.000000 -96.000000
      vertex 130.148141 163.000000 -84.000000
    endloop
  endfacet
  facet normal 0.000000 -1.000000 0.000000
    outer loop
      vertex 128.366548 163.000000 -96.000000
      vertex 131.761522 163.000000 -84.000000
      vertex 130.148141 163.000000 -84.000000
    endloop
  endfacet
  facet normal 0.000000 -1.000000 0.000000
    outer loop
      vertex 128.366548 163.000000 -96.000000
      vertex 129.917502 163.000000 -96.000000
      vertex 131.761522 163.000000 -84.000000
    endloop
  endfacet
  facet normal -0.623252 -0.776134 0.095774
    outer loop
      vertex 129.917502 163.000000 -96.000000
      vertex 132.972203 162.027797 -84.000000
      vertex 131.761522 163.000000 -84.000000
    endloop
  endfacet
  facet normal -0.228078 -0.973421 -0.020804
    outer loop
      vertex 129.917502 163.000000 -96.000000
      vertex 131.331249 162.668751 -96.000000
      vertex 132.972203 162.027797 -84.000000
    endloop
  endfacet
  facet normal -0.017327 -0.998550 -0.050966
    outer loop
      vertex 131.331249 162.668751 -96.000000
      vertex 134.574071 162.000000 -84.000000
      vertex 132.972203 162.027797 -84.000000
    endloop
  endfacet
  facet normal -0.463449 -0.882855 0.076039
    outer loop
      vertex 131.331249 162.668751 -96.000000
      vertex 132.605198 162.000000 -96.000000
      vertex 134.574071 162.000000 -84.000000
    endloop
  endfacet
  facet normal 0.000000 -1.000000 0.000000
    outer loop
      vertex 132.605198 162.000000 -96.000000
      vertex 136.187452 162.000000 -84.000000
      vertex 134.574071 162.000000 -84.000000
    endloop
  endfacet
  facet normal 0.000000 -1.000000 0.000000
    outer loop
      vertex 132.605198 162.000000 -96.000000
      vertex 134.156152 162.000000 -96.000000
      vertex 136.187452 162.000000 -84.000000
    endloop
  endfacet
  facet normal 0.000000 -1.000000 0.000000
    outer loop
      vertex 134.156152 162.000000 -96.000000
      vertex 137.800833 162.000000 -84.000000
      vertex 136.187452 162.000000 -84.000000
    endloop
  endfacet
  facet normal -0.346772 -0.932017 0.105323
    outer loop
      vertex 134.156152 162.000000 -96.000000
      vertex 135.500000 161.500000 -96.000000
      vertex 137.800833 162.000000 -84.000000
    endloop
  endfacet
  facet normal -0.192044 -0.978315 0.077585
    outer loop
      vertex 135.500000 161.500000 -96.000000
      vertex 139.292893 161.707107 -84.000000
      vertex 137.800833 162.000000 -84.000000
    endloop
  endfacet
  facet normal -0.345959 -0.929832 0.125397
    outer loop
      vertex 135.500000 161.500000 -96.000000
      vertex 136.843848 161.000000 -96.000000
      vertex 139.292893 161.707107 -84.000000
    endloop
  endfacet
  facet normal -0.466961 -0.872027 0.146685
    outer loop
      vertex 136.843848 161.000000 -96.000000
      vertex 140.613381 161.000000 -84.000000
      vertex 139.292893 161.707107 -84.000000
    endloop
  endfacet
  facet normal -0.190578 -0.979845 0.059866
    outer loop
      vertex 136.843848 161.000000 -96.000000
      vertex 138.279167 160.720833 -96.000000
      vertex 140.613381 161.000000 -84.000000
    endloop
  endfacet
  facet normal -0.564145 -0.815582 0.128710
    outer loop
      vertex 138.279167 160.720833 -96.000000
      vertex 141.867452 160.132548 -84.000000
      vertex 140.613381 161.000000 -84.000000
    endloop
  endfacet
  facet normal -0.496029 -0.861802 0.106076
    outer loop
      vertex 138.279167 160.720833 -96.000000
      vertex 139.531543 160.000000 -96.000000
      vertex 141.867452 160.132548 -84.000000
    endloop
  endfacet
  facet normal -0.288910 -0.955024 0.066788
    outer loop
      vertex 139.531543 160.000000 -96.000000
      vertex 143.301177 159.698823 -84.000000
      vertex 141.867452 160.132548 -84.000000
    endloop
  endfacet
  facet normal -0.521749 -0.841064 0.142791
    outer loop
      vertex 139.531543 160.000000 -96.000000
      vertex 140.765442 159.234558 -96.000000
      vertex 143.301177 159.698823 -84.000000
    endloop
  endfacet
  facet normal -0.696311 -0.696311 0.174078
    outer loop
      vertex 140.765442 159.234558 -96.000000
      vertex 144.442010 158.557990 -84.000000
      vertex 143.301177 159.698823 -84.000000
    endloop
  endfacet
  facet normal -0.269842 -0.962485 0.028409
    outer loop
      vertex 140.765442 159.234558 -96.000000
      vertex 142.155025 158.844975 -96.000000
      vertex 144.442010 158.557990 -84.000000
    endloop
  endfacet
  facet normal -0.702247 -0.702247 0.117041
    outer loop
      vertex 142.155025 158.844975 -96.000000
      vertex 145.582843 157.417157 -84.000000
      vertex 144.442010 158.557990 -84.000000
    endloop
  endfacet
  facet normal -0.574139 -0.816019 0.066910
    outer loop
      vertex 142.155025 158.844975 -96.000000
      vertex 143.355980 158.000000 -96.000000
      vertex 145.582843 157.417157 -84.000000
    endloop
  endfacet
  facet normal -0.703812 -0.703812 0.096423
    outer loop
      vertex 143.355980 158.000000 -96.000000
      vertex 146.723675 156.276325 -84.000000
      vertex 145.582843 157.417157 -84.000000
    endloop
  endfacet
  facet normal -0.446453 -0.894801 -0.003236
    outer loop
      vertex 143.355980 158.000000 -96.000000
      vertex 144.641299 157.358701 -96.000000
      vertex 146.723675 156.276325 -84.000000
    endloop
  endfacet
  facet normal -0.705882 -0.705882 0.058824
    outer loop
      vertex 144.641299 157.358701 -96.000000
      vertex 147.864508 155.135492 -84.000000
      vertex 146.723675 156.276325 -84.000000
    endloop
  endfacet
  facet normal -0.705882 -0.705882 0.058824
    outer loop
      vertex 144.641299 157.358701 -96.000000
      vertex 145.737990 156.262010 -96.000000
      vertex 147.864508 155.135492 -84.000000
    endloop
  endfacet
  facet normal -0.705882 -0.705882 0.058824
    outer loop
      vertex 145.737990 156.262010 -96.000000
      vertex 149.005341 153.994659 -84.000000
      vertex 147.864508 155.135492 -84.000000
    endloop
  endfacet
  facet normal -0.705882 -0.705882 0.058824
    outer loop
      vertex 145.737990 156.262010 -96.000000
      vertex 146.834680 155.165320 -96.000000
      vertex 149.005341 153.994659 -84.000000
    endloop
  endfacet
  facet normal -0.705882 -0.705882 0.058824
    outer loop
      vertex 146.834680 155.165320 -96.000000
      vertex 150.146173 152.853827 -84.000000
      vertex 149.005341 153.994659 -84.000000
    endloop
  endfacet
  facet normal -0.705882 -0.705882 0.058824
    outer loop
      vertex 146.834680 155.165320 -96.000000
      vertex 147.931371 154.068629 -96.000000
      vertex 150.146173 152.853827 -84.000000
    endloop
  endfacet
  facet normal -0.705882 -0.705882 0.058824
    outer loop
      vertex 147.931371 154.068629 -96.000000
      vertex 151.287006 151.712994 -84.000000
      vertex 150.146173 152.853827 -84.000000
    endloop
  endfacet
  facet normal -0.705882 -0.705882 0.058824
    outer loop
      vertex 147.931371 154.068629 -96.000000
      vertex 149.028061 152.971939 -96.000000
      vertex 151.287006 151.712994 -84.000000
    endloop
  endfacet
  facet normal -0.705882 -0.705882 0.058824
    outer loop
      vertex 149.028061 152.971939 -96.000000
      vertex 152.427838 150.572162 -84.000000
      vertex 151.287006 151.712994 -84.000000
    endloop
  endfacet
  facet normal -0.760429 -0.643603 0.086732
    outer loop
      vertex 149.028061 152.971939 -96.000000
      vertex 150.000000 151.823574 -96.000000
      vertex 152.427838 150.572162 -84.000000
    endloop
  endfacet
  facet normal -0.705414 -0.705414 0.069156
    outer loop
      vertex 150.000000 151.823574 -96.000000
      vertex 153.568671 149.431329 -84.000000
      vertex 152.427838 150.572162 -84.000000
    endloop
  endfacet
  facet normal -0.914198 -0.351447 0.201810
    outer loop
      vertex 150.000000 151.823574 -96.000000
      vertex 150.514335 150.485665 -96.000000
      vertex 153.568671 149.431329 -84.000000
    endloop
  endfacet
  facet normal -0.702247 -0.702247 0.117041
    outer loop
      vertex 150.514335 150.485665 -96.000000
      vertex 154.709504 148.290496 -84.000000
      vertex 153.568671 149.431329 -84.000000
    endloop
  endfacet
  facet normal -0.909094 -0.327100 0.257980
    outer loop
      vertex 150.514335 150.485665 -96.000000
      vertex 151.000000 149.135879 -96.000000
      vertex 154.709504 148.290496 -84.000000
    endloop
  endfacet
  facet normal -0.942756 -0.183428 0.278507
    outer loop
      vertex 151.000000 149.135879 -96.000000
      vertex 155.000000 146.797443 -84.000000
      vertex 154.709504 148.290496 -84.000000
    endloop
  endfacet
  facet normal -0.745335 -0.655677 0.120674
    outer loop
      vertex 151.000000 149.135879 -96.000000
      vertex 152.000000 147.999138 -96.000000
      vertex 155.000000 146.797443 -84.000000
    endloop
  endfacet
  facet normal -0.970143 0.000000 0.242536
    outer loop
      vertex 152.000000 147.999138 -96.000000
      vertex 155.000000 145.184062 -84.000000
      vertex 155.000000 146.797443 -84.000000
    endloop
  endfacet
  facet normal -0.947974 -0.266238 0.174537
    outer loop
      vertex 152.000000 147.999138 -96.000000
      vertex 152.390193 146.609807 -96.000000
      vertex 155.000000 145.184062 -84.000000
    endloop
  endfacet
  facet normal -0.766995 -0.635118 0.091349
    outer loop
      vertex 152.390193 146.609807 -96.000000
      vertex 155.989319 143.989319 -84.000000
      vertex 155.000000 145.184062 -84.000000
    endloop
  endfacet
  facet normal -0.891032 -0.418494 0.175857
    outer loop
      vertex 152.390193 146.609807 -96.000000
      vertex 153.000000 145.311442 -96.000000
      vertex 155.989319 143.989319 -84.000000
    endloop
  endfacet
  facet normal -0.747223 0.614197 0.253811
    outer loop
      vertex 153.000000 145.311442 -96.000000
      vertex 155.000000 142.785727 -84.000000
      vertex 155.989319 143.989319 -84.000000
    endloop
  endfacet
  facet normal -0.804645 -0.593686 0.009151
    outer loop
      vertex 153.000000 145.311442 -96.000000
      vertex 153.876468 144.123532 -96.000000
      vertex 155.000000 142.785727 -84.000000
    endloop
  endfacet
  facet normal -0.995646 0.000000 0.093220
    outer loop
      vertex 153.876468 144.123532 -96.000000
      vertex 155.000000 141.172346 -84.000000
      vertex 155.000000 142.785727 -84.000000
    endloop
  endfacet
  facet normal -0.993971 -0.081870 0.072929
    outer loop
      vertex 153.876468 144.123532 -96.000000
      vertex 154.000000 142.623747 -96.000000
      vertex 155.000000 141.172346 -84.000000
    endloop
  endfacet
  facet normal -0.996546 0.000000 0.083045
    outer loop
      vertex 154.000000 142.623747 -96.000000
      vertex 155.000000 139.558965 -84.000000
      vertex 155.000000 141.172346 -84.000000
    endloop
  endfacet
  facet normal -0.996546 0.000000 0.083045
    outer loop
      vertex 154.000000 142.623747 -96.000000
      vertex 154.000000 141.072792 -96.000000
      vertex 155.000000 139.558965 -84.000000
    endloop
  endfacet
  facet normal -0.996505 -0.024003 0.080014
    outer loop
      vertex 154.000000 141.072792 -96.000000
      vertex 155.038478 137.961522 -84.000000
      vertex 155.000000 139.558965 -84.000000
    endloop
  endfacet
  facet normal -0.996276 0.000000 0.086218
    outer loop
      vertex 154.000000 141.072792 -96.000000
      vertex 154.000000 139.521838 -96.000000
      vertex 155.038478 137.961522 -84.000000
    endloop
  endfacet
  facet normal -0.784118 -0.620479 -0.012821
    outer loop
      vertex 154.000000 139.521838 -96.000000
      vertex 156.000000 136.746417 -84.000000
      vertex 155.038478 137.961522 -84.000000
    endloop
  endfacet
  facet normal -0.863810 -0.503060 0.027618
    outer loop
      vertex 154.000000 139.521838 -96.000000
      vertex 154.727696 138.272304 -96.000000
      vertex 156.000000 136.746417 -84.000000
    endloop
  endfacet
  facet normal -0.910703 -0.410675 0.044337
    outer loop
      vertex 154.727696 138.272304 -96.000000
      vertex 156.613036 135.386964 -84.000000
      vertex 156.000000 136.746417 -84.000000
    endloop
  endfacet
  facet normal -0.959302 -0.268950 0.086050
    outer loop
      vertex 154.727696 138.272304 -96.000000
      vertex 155.117279 136.882721 -96.000000
      vertex 156.613036 135.386964 -84.000000
    endloop
  endfacet
  facet normal -0.968847 -0.229893 0.092108
    outer loop
      vertex 155.117279 136.882721 -96.000000
      vertex 156.953238 133.953238 -84.000000
      vertex 156.613036 135.386964 -84.000000
    endloop
  endfacet
  facet normal -0.853778 -0.520625 0.003528
    outer loop
      vertex 155.117279 136.882721 -96.000000
      vertex 155.786030 135.786030 -96.000000
      vertex 156.953238 133.953238 -84.000000
    endloop
  endfacet
  facet normal -0.696311 0.696311 0.174078
    outer loop
      vertex 155.786030 135.786030 -96.000000
      vertex 155.812405 132.812405 -84.000000
      vertex 156.953238 133.953238 -84.000000
    endloop
  endfacet
  facet normal -0.834073 0.535028 0.134414
    outer loop
      vertex 155.786030 135.786030 -96.000000
      vertex 155.000000 134.560660 -96.000000
      vertex 155.812405 132.812405 -84.000000
    endloop
  endfacet
  facet normal -0.699192 0.699192 0.149199
    outer loop
      vertex 155.000000 134.560660 -96.000000
      vertex 154.671573 131.671573 -84.000000
      vertex 155.812405 132.812405 -84.000000
    endloop
  endfacet
  facet normal -0.999626 -0.000000 -0.027359
    outer loop
      vertex 155.000000 134.560660 -96.000000
      vertex 155.000000 133.009706 -96.000000
      vertex 154.671573 131.671573 -84.000000
    endloop
  endfacet
  facet normal -0.893068 0.449189 0.025647
    outer loop
      vertex 155.000000 133.009706 -96.000000
      vertex 154.000000 130.336367 -84.000000
      vertex 154.671573 131.671573 -84.000000
    endloop
  endfacet
  facet normal -0.964021 0.264970 -0.021306
    outer loop
      vertex 155.000000 133.009706 -96.000000
      vertex 154.617279 131.617279 -96.000000
      vertex 154.000000 130.336367 -84.000000
    endloop
  endfacet
  facet normal -0.803856 -0.585685 -0.103868
    outer loop
      vertex 154.617279 131.617279 -96.000000
      vertex 154.902986 129.097014 -84.000000
      vertex 154.000000 130.336367 -84.000000
    endloop
  endfacet
  facet normal -0.697635 0.697635 0.163129
    outer loop
      vertex 154.617279 131.617279 -96.000000
      vertex 153.520589 130.520589 -96.000000
      vertex 154.902986 129.097014 -84.000000
    endloop
  endfacet
  facet normal -0.992367 -0.061196 0.107061
    outer loop
      vertex 153.520589 130.520589 -96.000000
      vertex 155.000000 127.523818 -84.000000
      vertex 154.902986 129.097014 -84.000000
    endloop
  endfacet
  facet normal -0.350010 0.897783 0.267355
    outer loop
      vertex 153.520589 130.520589 -96.000000
      vertex 152.185269 130.000000 -96.000000
      vertex 155.000000 127.523818 -84.000000
    endloop
  endfacet
  facet normal -0.821417 0.488969 0.293570
    outer loop
      vertex 152.185269 130.000000 -96.000000
      vertex 154.229563 126.229563 -84.000000
      vertex 155.000000 127.523818 -84.000000
    endloop
  endfacet
  facet normal -0.606633 0.723017 0.330519
    outer loop
      vertex 152.185269 130.000000 -96.000000
      vertex 151.034315 129.034315 -96.000000
      vertex 154.229563 126.229563 -84.000000
    endloop
  endfacet
  facet normal -0.666667 0.666667 0.333333
    outer loop
      vertex 151.034315 129.034315 -96.000000
      vertex 153.088730 125.088730 -84.000000
      vertex 154.229563 126.229563 -84.000000
    endloop
  endfacet
  facet normal -0.253766 0.905143 0.341055
    outer loop
      vertex 151.034315 129.034315 -96.000000
      vertex 149.644731 128.644731 -96.000000
      vertex 153.088730 125.088730 -84.000000
    endloop
  endfacet
  facet normal -0.053640 0.953110 0.297833
    outer loop
      vertex 149.644731 128.644731 -96.000000
      vertex 151.512102 125.000000 -84.000000
      vertex 153.088730 125.088730 -84.000000
    endloop
  endfacet
  facet normal -0.672521 0.672521 0.308917
    outer loop
      vertex 149.644731 128.644731 -96.000000
      vertex 148.548040 127.548040 -96.000000
      vertex 151.512102 125.000000 -84.000000
    endloop
  endfacet
  facet normal -0.493475 0.817994 0.295581
    outer loop
      vertex 148.548040 127.548040 -96.000000
      vertex 150.221279 124.221279 -84.000000
      vertex 151.512102 125.000000 -84.000000
    endloop
  endfacet
  facet normal -0.365373 0.882664 0.295647
    outer loop
      vertex 148.548040 127.548040 -96.000000
      vertex 147.224092 127.000000 -96.000000
      vertex 150.221279 124.221279 -84.000000
    endloop
  endfacet
  facet normal -0.139095 0.956553 0.256241
    outer loop
      vertex 147.224092 127.000000 -96.000000
      vertex 148.699554 124.000000 -84.000000
      vertex 150.221279 124.221279 -84.000000
    endloop
  endfacet
  facet normal -0.151582 0.954386 0.257234
    outer loop
      vertex 147.224092 127.000000 -96.000000
      vertex 145.768873 126.768873 -96.000000
      vertex 148.699554 124.000000 -84.000000
    endloop
  endfacet
  facet normal -0.413006 0.860131 0.299332
    outer loop
      vertex 145.768873 126.768873 -96.000000
      vertex 147.353827 123.353827 -84.000000
      vertex 148.699554 124.000000 -84.000000
    endloop
  endfacet
  facet normal -0.505363 0.810080 0.297286
    outer loop
      vertex 145.768873 126.768873 -96.000000
      vertex 144.536396 126.000000 -96.000000
      vertex 147.353827 123.353827 -84.000000
    endloop
  endfacet
  facet normal -0.673084 0.673084 0.306456
    outer loop
      vertex 144.536396 126.000000 -96.000000
      vertex 146.212994 122.212994 -84.000000
      vertex 147.353827 123.353827 -84.000000
    endloop
  endfacet
  facet normal -0.469723 0.820932 0.324701
    outer loop
      vertex 144.536396 126.000000 -96.000000
      vertex 143.282599 125.282599 -96.000000
      vertex 146.212994 122.212994 -84.000000
    endloop
  endfacet
  facet normal -0.276135 0.912794 0.300925
    outer loop
      vertex 143.282599 125.282599 -96.000000
      vertex 144.779268 121.779268 -84.000000
      vertex 146.212994 122.212994 -84.000000
    endloop
  endfacet
  facet normal -0.184665 0.936984 0.296579
    outer loop
      vertex 143.282599 125.282599 -96.000000
      vertex 141.848701 125.000000 -96.000000
      vertex 144.779268 121.779268 -84.000000
    endloop
  endfacet
  facet normal -0.664783 0.664783 0.340773
    outer loop
      vertex 141.848701 125.000000 -96.000000
      vertex 143.638436 120.638436 -84.000000
      vertex 144.779268 121.779268 -84.000000
    endloop
  endfacet
  facet normal 0.000000 0.939846 0.341600
    outer loop
      vertex 141.848701 125.000000 -96.000000
      vertex 140.297746 125.000000 -96.000000
      vertex 143.638436 120.638436 -84.000000
    endloop
  endfacet
  facet normal -0.643893 0.643893 0.413285
    outer loop
      vertex 140.297746 125.000000 -96.000000
      vertex 142.497603 119.497603 -84.000000
      vertex 143.638436 120.638436 -84.000000
    endloop
  endfacet
  facet normal -0.540866 0.722596 0.430487
    outer loop
      vertex 140.297746 125.000000 -96.000000
      vertex 139.113848 124.113848 -96.000000
      vertex 142.497603 119.497603 -84.000000
    endloop
  endfacet
  facet normal -0.639602 0.639602 0.426401
    outer loop
      vertex 139.113848 124.113848 -96.000000
      vertex 141.356771 118.356771 -84.000000
      vertex 142.497603 119.497603 -84.000000
    endloop
  endfacet
  facet normal -0.639602 0.639602 0.426401
    outer loop
      vertex 139.113848 124.113848 -96.000000
      vertex 138.017157 123.017157 -96.000000
      vertex 141.356771 118.356771 -84.000000
    endloop
  endfacet
  facet normal -0.639602 0.639602 0.426401
    outer loop
      vertex 138.017157 123.017157 -96.000000
      vertex 140.215938 117.215938 -84.000000
      vertex 141.356771 118.356771 -84.000000
    endloop
  endfacet
  facet normal -0.602807 0.669465 0.434096
    outer loop
      vertex 138.017157 123.017157 -96.000000
      vertex 136.887523 122.000000 -96.000000
      vertex 140.215938 117.215938 -84.000000
    endloop
  endfacet
  facet normal -0.637962 0.637962 0.431288
    outer loop
      vertex 136.887523 122.000000 -96.000000
      vertex 139.075105 116.075105 -84.000000
      vertex 140.215938 117.215938 -84.000000
    endloop
  endfacet
  facet normal -0.289210 0.836366 0.465671
    outer loop
      vertex 136.887523 122.000000 -96.000000
      vertex 135.530883 121.530883 -96.000000
      vertex 139.075105 116.075105 -84.000000
    endloop
  endfacet
  facet normal -0.042941 0.904652 0.423981
    outer loop
      vertex 135.530883 121.530883 -96.000000
      vertex 137.492834 116.000000 -84.000000
      vertex 139.075105 116.075105 -84.000000
    endloop
  endfacet
  facet normal -0.646863 0.646863 0.403903
    outer loop
      vertex 135.530883 121.530883 -96.000000
      vertex 134.434193 120.434193 -96.000000
      vertex 137.492834 116.000000 -84.000000
    endloop
  endfacet
  facet normal -0.050373 0.932576 0.357441
    outer loop
      vertex 134.434193 120.434193 -96.000000
      vertex 135.914760 115.914760 -84.000000
      vertex 137.492834 116.000000 -84.000000
    endloop
  endfacet
  facet normal -0.666667 0.666667 0.333333
    outer loop
      vertex 134.434193 120.434193 -96.000000
      vertex 133.337502 119.337502 -96.000000
      vertex 135.914760 115.914760 -84.000000
    endloop
  endfacet
  facet normal -0.560702 0.756671 0.336247
    outer loop
      vertex 133.337502 119.337502 -96.000000
      vertex 134.680286 115.000000 -84.000000
      vertex 135.914760 115.914760 -84.000000
    endloop
  endfacet
  facet normal -0.670542 0.670542 0.317406
    outer loop
      vertex 133.337502 119.337502 -96.000000
      vertex 132.240812 118.240812 -96.000000
      vertex 134.680286 115.000000 -84.000000
    endloop
  endfacet
  facet normal 0.000000 0.965413 0.260727
    outer loop
      vertex 132.240812 118.240812 -96.000000
      vertex 133.066905 115.000000 -84.000000
      vertex 134.680286 115.000000 -84.000000
    endloop
  endfacet
  facet normal -0.687637 0.687637 0.233046
    outer loop
      vertex 132.240812 118.240812 -96.000000
      vertex 131.144121 117.144121 -96.000000
      vertex 133.066905 115.000000 -84.000000
    endloop
  endfacet
  facet normal 0.000000 0.984410 0.175891
    outer loop
      vertex 131.144121 117.144121 -96.000000
      vertex 131.453524 115.000000 -84.000000
      vertex 133.066905 115.000000 -84.000000
    endloop
  endfacet
  facet normal -0.094669 0.979563 0.177466
    outer loop
      vertex 131.144121 117.144121 -96.000000
      vertex 129.652864 117.000000 -96.000000
      vertex 131.453524 115.000000 -84.000000
    endloop
  endfacet
  facet normal 0.000000 0.986394 0.164399
    outer loop
      vertex 129.652864 117.000000 -96.000000
      vertex 129.840143 115.000000 -84.000000
      vertex 131.453524 115.000000 -84.000000
    endloop
  endfacet
  facet normal 0.000000 0.986394 0.164399
    outer loop
      vertex 129.652864 117.000000 -96.000000
      vertex 128.101909 117.000000 -96.000000
      vertex 129.840143 115.000000 -84.000000
    endloop
  endfacet
  facet normal 0.000000 0.986394 0.164399
    outer loop
      vertex 128.101909 117.000000 -96.000000
      vertex 128.226762 115.000000 -84.000000
      vertex 129.840143 115.000000 -84.000000
    endloop
  endfacet
  facet normal 0.000000 0.986394 0.164399
    outer loop
      vertex 128.101909 117.000000 -96.000000
      vertex 126.550955 117.000000 -96.000000
      vertex 128.226762 115.000000 -84.000000
    endloop
  endfacet
  facet normal 0.000000 0.986394 0.164399
    outer loop
      vertex 126.550955 117.000000 -96.000000
      vertex 126.613381 115.000000 -84.000000
      vertex 128.226762 115.000000 -84.000000
    endloop
  endfacet
  facet normal 0.000000 0.986394 0.164399
    outer loop
      vertex 126.550955 117.000000 -96.000000
      vertex 125.000000 117.000000 -96.000000
      vertex 126.613381 115.000000 -84.000000
    endloop
  endfacet
  facet normal 0.000000 0.986394 0.164399
    outer loop
      vertex 125.000000 117.000000 -96.000000
      vertex 125.000000 115.000000 -84.000000
      vertex 126.613381 115.000000 -84.000000
    endloop
  endfacet
  facet normal 0.618827 0.742078 0.257630
    outer loop
      vertex 125.000000 115.000000 -84.000000
      vertex 123.800833 116.000000 -84.000000
      vertex 126.000000 110.000000 -72.000000
    endloop
  endfacet
  facet normal 0.526459 0.795108 0.301073
    outer loop
      vertex 123.800833 116.000000 -84.000000
      vertex 124.489706 111.000000 -72.000000
      vertex 126.000000 110.000000 -72.000000
    endloop
  endfacet
  facet normal 0.000000 0.923077 0.384615
    outer loop
      vertex 123.800833 116.000000 -84.000000
      vertex 122.187452 116.000000 -84.000000
      vertex 124.489706 111.000000 -72.000000
    endloop
  endfacet
  facet normal 0.536647 0.810495 0.234748
    outer loop
      vertex 122.187452 116.000000 -84.000000
      vertex 122.979411 112.000000 -72.000000
      vertex 124.489706 111.000000 -72.000000
    endloop
  endfacet
  facet normal 0.626301 0.751040 0.209013
    outer loop
      vertex 122.187452 116.000000 -84.000000
      vertex 120.988284 117.000000 -84.000000
      vertex 122.979411 112.000000 -72.000000
    endloop
  endfacet
  facet normal 0.357577 0.881627 0.308013
    outer loop
      vertex 120.988284 117.000000 -84.000000
      vertex 121.331716 112.668284 -72.000000
      vertex 122.979411 112.000000 -72.000000
    endloop
  endfacet
  facet normal 0.279844 0.905543 0.318871
    outer loop
      vertex 120.988284 117.000000 -84.000000
      vertex 119.557990 117.442010 -84.000000
      vertex 121.331716 112.668284 -72.000000
    endloop
  endfacet
  facet normal 0.696311 0.696311 0.174078
    outer loop
      vertex 119.557990 117.442010 -84.000000
      vertex 119.970883 114.029117 -72.000000
      vertex 121.331716 112.668284 -72.000000
    endloop
  endfacet
  facet normal 0.363082 0.899428 0.243311
    outer loop
      vertex 119.557990 117.442010 -84.000000
      vertex 118.175736 118.000000 -84.000000
      vertex 119.970883 114.029117 -72.000000
    endloop
  endfacet
  facet normal 0.701366 0.701366 0.127166
    outer loop
      vertex 118.175736 118.000000 -84.000000
      vertex 118.610051 115.389949 -72.000000
      vertex 119.970883 114.029117 -72.000000
    endloop
  endfacet
  facet normal 0.642353 0.753398 0.140619
    outer loop
      vertex 118.175736 118.000000 -84.000000
      vertex 116.983431 119.016569 -84.000000
      vertex 118.610051 115.389949 -72.000000
    endloop
  endfacet
  facet normal 0.702247 0.702247 0.117041
    outer loop
      vertex 116.983431 119.016569 -84.000000
      vertex 117.249218 116.750782 -72.000000
      vertex 118.610051 115.389949 -72.000000
    endloop
  endfacet
  facet normal 0.702247 0.702247 0.117041
    outer loop
      vertex 116.983431 119.016569 -84.000000
      vertex 115.842599 120.157401 -84.000000
      vertex 117.249218 116.750782 -72.000000
    endloop
  endfacet
  facet normal 0.702247 0.702247 0.117041
    outer loop
      vertex 115.842599 120.157401 -84.000000
      vertex 115.888385 118.111615 -72.000000
      vertex 117.249218 116.750782 -72.000000
    endloop
  endfacet
  facet normal 0.828693 0.552258 0.090988
    outer loop
      vertex 115.842599 120.157401 -84.000000
      vertex 115.000000 121.421766 -84.000000
      vertex 115.888385 118.111615 -72.000000
    endloop
  endfacet
  facet normal 0.866228 0.494398 0.072249
    outer loop
      vertex 115.000000 121.421766 -84.000000
      vertex 115.000000 119.668141 -72.000000
      vertex 115.888385 118.111615 -72.000000
    endloop
  endfacet
  facet normal 0.870793 0.486482 0.071092
    outer loop
      vertex 115.000000 121.421766 -84.000000
      vertex 114.268040 122.731960 -84.000000
      vertex 115.000000 119.668141 -72.000000
    endloop
  endfacet
  facet normal 0.786855 0.607761 0.107177
    outer loop
      vertex 114.268040 122.731960 -84.000000
      vertex 113.873827 121.126173 -72.000000
      vertex 115.000000 119.668141 -72.000000
    endloop
  endfacet
  facet normal 0.702247 0.702247 0.117041
    outer loop
      vertex 114.268040 122.731960 -84.000000
      vertex 113.127208 123.872792 -84.000000
      vertex 113.873827 121.126173 -72.000000
    endloop
  endfacet
  facet normal 0.702247 0.702247 0.117041
    outer loop
      vertex 113.127208 123.872792 -84.000000
      vertex 112.512994 122.487006 -72.000000
      vertex 113.873827 121.126173 -72.000000
    endloop
  endfacet
  facet normal 0.953925 0.288578 0.082152
    outer loop
      vertex 113.127208 123.872792 -84.000000
      vertex 112.693482 125.306518 -84.000000
      vertex 112.512994 122.487006 -72.000000
    endloop
  endfacet
  facet normal 0.696311 0.696311 0.174078
    outer loop
      vertex 112.693482 125.306518 -84.000000
      vertex 111.152162 123.847838 -72.000000
      vertex 112.512994 122.487006 -72.000000
    endloop
  endfacet
  facet normal 0.696311 0.696311 0.174078
    outer loop
      vertex 112.693482 125.306518 -84.000000
      vertex 111.552649 126.447351 -84.000000
      vertex 111.152162 123.847838 -72.000000
    endloop
  endfacet
  facet normal 0.924331 0.365393 0.110002
    outer loop
      vertex 111.552649 126.447351 -84.000000
      vertex 110.498436 125.501564 -72.000000
      vertex 111.152162 123.847838 -72.000000
    endloop
  endfacet
  facet normal 0.702247 0.702247 0.117041
    outer loop
      vertex 111.552649 126.447351 -84.000000
      vertex 110.411817 127.588183 -84.000000
      vertex 110.498436 125.501564 -72.000000
    endloop
  endfacet
  facet normal 0.959572 0.278389 0.041481
    outer loop
      vertex 110.411817 127.588183 -84.000000
      vertex 110.000000 127.219613 -72.000000
      vertex 110.498436 125.501564 -72.000000
    endloop
  endfacet
  facet normal 0.960772 0.274232 0.041395
    outer loop
      vertex 110.411817 127.588183 -84.000000
      vertex 110.000000 129.030984 -84.000000
      vertex 110.000000 127.219613 -72.000000
    endloop
  endfacet
  facet normal 0.889112 0.452563 0.068313
    outer loop
      vertex 110.000000 129.030984 -84.000000
      vertex 109.190984 128.809016 -72.000000
      vertex 110.000000 127.219613 -72.000000
    endloop
  endfacet
  facet normal 0.950158 0.303882 0.069679
    outer loop
      vertex 110.000000 129.030984 -84.000000
      vertex 109.544365 130.455635 -84.000000
      vertex 109.190984 128.809016 -72.000000
    endloop
  endfacet
  facet normal 0.927171 0.366515 0.077596
    outer loop
      vertex 109.544365 130.455635 -84.000000
      vertex 108.537258 130.462742 -72.000000
      vertex 109.190984 128.809016 -72.000000
    endloop
  endfacet
  facet normal 0.705882 0.705882 0.058824
    outer loop
      vertex 109.544365 130.455635 -84.000000
      vertex 108.403532 131.596468 -84.000000
      vertex 108.537258 130.462742 -72.000000
    endloop
  endfacet
  facet normal 0.929699 0.367514 0.024361
    outer loop
      vertex 108.403532 131.596468 -84.000000
      vertex 107.883532 132.116468 -72.000000
      vertex 108.537258 130.462742 -72.000000
    endloop
  endfacet
  facet normal 0.962772 0.268636 0.030079
    outer loop
      vertex 108.403532 131.596468 -84.000000
      vertex 108.000000 133.042700 -84.000000
      vertex 107.883532 132.116468 -72.000000
    endloop
  endfacet
  facet normal 0.868996 0.492633 0.046459
    outer loop
      vertex 108.000000 133.042700 -84.000000
      vertex 107.000000 133.675004 -72.000000
      vertex 107.883532 132.116468 -72.000000
    endloop
  endfacet
  facet normal 0.948762 0.309698 0.062745
    outer loop
      vertex 108.000000 133.042700 -84.000000
      vertex 107.536081 134.463919 -84.000000
      vertex 107.000000 133.675004 -72.000000
    endloop
  endfacet
  facet normal 0.999004 0.000000 0.044629
    outer loop
      vertex 107.536081 134.463919 -84.000000
      vertex 107.000000 135.599512 -72.000000
      vertex 107.000000 133.675004 -72.000000
    endloop
  endfacet
  facet normal 0.933104 0.359526 0.007662
    outer loop
      vertex 107.536081 134.463919 -84.000000
      vertex 107.000000 135.855248 -84.000000
      vertex 107.000000 135.599512 -72.000000
    endloop
  endfacet
  facet normal 1.000000 0.000000 -0.000000
    outer loop
      vertex 107.000000 135.855248 -84.000000
      vertex 107.000000 137.524020 -72.000000
      vertex 107.000000 135.599512 -72.000000
    endloop
  endfacet
  facet normal 1.000000 0.000000 0.000000
    outer loop
      vertex 107.000000 135.855248 -84.000000
      vertex 107.000000 137.468629 -84.000000
      vertex 107.000000 137.524020 -72.000000
    endloop
  endfacet
  facet normal 0.984715 -0.174169 0.000804
    outer loop
      vertex 107.000000 137.468629 -84.000000
      vertex 107.317157 139.317157 -72.000000
      vertex 107.000000 137.524020 -72.000000
    endloop
  endfacet
  facet normal 0.999651 0.000000 -0.026421
    outer loop
      vertex 107.000000 137.468629 -84.000000
      vertex 107.000000 139.082010 -84.000000
      vertex 107.317157 139.317157 -72.000000
    endloop
  endfacet
  facet normal 0.923182 -0.383993 -0.016875
    outer loop
      vertex 107.000000 139.082010 -84.000000
      vertex 108.000000 140.958823 -72.000000
      vertex 107.317157 139.317157 -72.000000
    endloop
  endfacet
  facet normal 0.996546 0.000000 -0.083045
    outer loop
      vertex 107.000000 139.082010 -84.000000
      vertex 107.000000 140.695391 -84.000000
      vertex 108.000000 140.958823 -72.000000
    endloop
  endfacet
  facet normal 0.934034 -0.350229 -0.070148
    outer loop
      vertex 107.000000 140.695391 -84.000000
      vertex 108.624609 142.624609 -72.000000
      vertex 108.000000 140.958823 -72.000000
    endloop
  endfacet
  facet normal 0.990960 0.000000 -0.134160
    outer loop
      vertex 107.000000 140.695391 -84.000000
      vertex 107.000000 142.308772 -84.000000
      vertex 108.624609 142.624609 -72.000000
    endloop
  endfacet
  facet normal 0.923756 -0.365165 -0.115451
    outer loop
      vertex 107.000000 142.308772 -84.000000
      vertex 109.278335 144.278335 -72.000000
      vertex 108.624609 142.624609 -72.000000
    endloop
  endfacet
  facet normal 0.895224 -0.434561 -0.098644
    outer loop
      vertex 107.000000 142.308772 -84.000000
      vertex 107.652061 143.652061 -84.000000
      vertex 109.278335 144.278335 -72.000000
    endloop
  endfacet
  facet normal 0.705882 -0.705882 -0.058824
    outer loop
      vertex 107.652061 143.652061 -84.000000
      vertex 110.639167 145.639167 -72.000000
      vertex 109.278335 144.278335 -72.000000
    endloop
  endfacet
  facet normal 0.953437 -0.225786 -0.199946
    outer loop
      vertex 107.652061 143.652061 -84.000000
      vertex 108.000000 145.121320 -84.000000
      vertex 110.639167 145.639167 -72.000000
    endloop
  endfacet
  facet normal 0.913853 -0.361250 -0.185395
    outer loop
      vertex 108.000000 145.121320 -84.000000
      vertex 111.292893 147.292893 -72.000000
      vertex 110.639167 145.639167 -72.000000
    endloop
  endfacet
  facet normal 0.920194 -0.341907 -0.190635
    outer loop
      vertex 108.000000 145.121320 -84.000000
      vertex 108.519512 146.519512 -84.000000
      vertex 111.292893 147.292893 -72.000000
    endloop
  endfacet
  facet normal 0.702247 -0.702247 -0.117041
    outer loop
      vertex 108.519512 146.519512 -84.000000
      vertex 112.653726 148.653726 -72.000000
      vertex 111.292893 147.292893 -72.000000
    endloop
  endfacet
  facet normal 0.702247 -0.702247 -0.117041
    outer loop
      vertex 108.519512 146.519512 -84.000000
      vertex 109.660345 147.660345 -84.000000
      vertex 112.653726 148.653726 -72.000000
    endloop
  endfacet
  facet normal 0.702247 -0.702247 -0.117041
    outer loop
      vertex 109.660345 147.660345 -84.000000
      vertex 114.014558 150.014558 -72.000000
      vertex 112.653726 148.653726 -72.000000
    endloop
  endfacet
  facet normal 0.702247 -0.702247 -0.117041
    outer loop
      vertex 109.660345 147.660345 -84.000000
      vertex 110.801177 148.801177 -84.000000
      vertex 114.014558 150.014558 -72.000000
    endloop
  endfacet
  facet normal 0.702247 -0.702247 -0.117041
    outer loop
      vertex 110.801177 148.801177 -84.000000
      vertex 115.375391 151.375391 -72.000000
      vertex 114.014558 150.014558 -72.000000
    endloop
  endfacet
  facet normal 0.702247 -0.702247 -0.117041
    outer loop
      vertex 110.801177 148.801177 -84.000000
      vertex 111.942010 149.942010 -84.000000
      vertex 115.375391 151.375391 -72.000000
    endloop
  endfacet
  facet normal 0.702247 -0.702247 -0.117041
    outer loop
      vertex 111.942010 149.942010 -84.000000
      vertex 116.736224 152.736224 -72.000000
      vertex 115.375391 151.375391 -72.000000
    endloop
  endfacet
  facet normal 0.912944 -0.276181 -0.300428
    outer loop
      vertex 111.942010 149.942010 -84.000000
      vertex 112.375736 151.375736 -84.000000
      vertex 116.736224 152.736224 -72.000000
    endloop
  endfacet
  facet normal 0.696311 -0.696311 -0.174078
    outer loop
      vertex 112.375736 151.375736 -84.000000
      vertex 118.097056 154.097056 -72.000000
      vertex 116.736224 152.736224 -72.000000
    endloop
  endfacet
  facet normal 0.696311 -0.696311 -0.174078
    outer loop
      vertex 112.375736 151.375736 -84.000000
      vertex 113.516569 152.516569 -84.000000
      vertex 118.097056 154.097056 -72.000000
    endloop
  endfacet
  facet normal 0.696311 -0.696311 -0.174078
    outer loop
      vertex 113.516569 152.516569 -84.000000
      vertex 119.457889 155.457889 -72.000000
      vertex 118.097056 154.097056 -72.000000
    endloop
  endfacet
  facet normal 0.696311 -0.696311 -0.174078
    outer loop
      vertex 113.516569 152.516569 -84.000000
      vertex 114.657401 153.657401 -84.000000
      vertex 119.457889 155.457889 -72.000000
    endloop
  endfacet
  facet normal 0.696311 -0.696311 -0.174078
    outer loop
      vertex 114.657401 153.657401 -84.000000
      vertex 120.818721 156.818721 -72.000000
      vertex 119.457889 155.457889 -72.000000
    endloop
  endfacet
  facet normal 0.696311 -0.696311 -0.174078
    outer loop
      vertex 114.657401 153.657401 -84.000000
      vertex 115.798234 154.798234 -84.000000
      vertex 120.818721 156.818721 -72.000000
    endloop
  endfacet
  facet normal 0.696311 -0.696311 -0.174078
    outer loop
      vertex 115.798234 154.798234 -84.000000
      vertex 122.179554 158.179554 -72.000000
      vertex 120.818721 156.818721 -72.000000
    endloop
  endfacet
  facet normal 0.696311 -0.696311 -0.174078
    outer loop
      vertex 115.798234 154.798234 -84.000000
      vertex 116.939066 155.939066 -84.000000
      vertex 122.179554 158.179554 -72.000000
    endloop
  endfacet
  facet normal 0.459491 -0.887494 -0.034961
    outer loop
      vertex 116.939066 155.939066 -84.000000
      vertex 123.764222 159.000000 -72.000000
      vertex 122.179554 158.179554 -72.000000
    endloop
  endfacet
  facet normal 0.690329 -0.690329 -0.216546
    outer loop
      vertex 116.939066 155.939066 -84.000000
      vertex 118.079899 157.079899 -84.000000
      vertex 123.764222 159.000000 -72.000000
    endloop
  endfacet
  facet normal 0.630759 -0.755303 -0.177932
    outer loop
      vertex 118.079899 157.079899 -84.000000
      vertex 125.194113 160.194113 -72.000000
      vertex 123.764222 159.000000 -72.000000
    endloop
  endfacet
  facet normal 0.688247 -0.688247 -0.229416
    outer loop
      vertex 118.079899 157.079899 -84.000000
      vertex 119.220732 158.220732 -84.000000
      vertex 125.194113 160.194113 -72.000000
    endloop
  endfacet
  facet normal 0.688247 -0.688247 -0.229416
    outer loop
      vertex 119.220732 158.220732 -84.000000
      vertex 126.554945 161.554945 -72.000000
      vertex 125.194113 160.194113 -72.000000
    endloop
  endfacet
  facet normal 0.515321 -0.853457 -0.077822
    outer loop
      vertex 119.220732 158.220732 -84.000000
      vertex 120.511329 159.000000 -84.000000
      vertex 126.554945 161.554945 -72.000000
    endloop
  endfacet
  facet normal 0.367593 -0.929898 0.012854
    outer loop
      vertex 120.511329 159.000000 -84.000000
      vertex 128.208671 162.208671 -72.000000
      vertex 126.554945 161.554945 -72.000000
    endloop
  endfacet
  facet normal 0.523390 -0.844991 -0.109785
    outer loop
      vertex 120.511329 159.000000 -84.000000
      vertex 121.795290 159.795290 -84.000000
      vertex 128.208671 162.208671 -72.000000
    endloop
  endfacet
  facet normal 0.443330 -0.894542 -0.057031
    outer loop
      vertex 121.795290 159.795290 -84.000000
      vertex 129.805400 163.000000 -72.000000
      vertex 128.208671 162.208671 -72.000000
    endloop
  endfacet
  facet normal 0.680357 -0.680357 -0.272449
    outer loop
      vertex 121.795290 159.795290 -84.000000
      vertex 122.936123 160.936123 -84.000000
      vertex 129.805400 163.000000 -72.000000
    endloop
  endfacet
  facet normal 0.000000 -0.985530 0.169501
    outer loop
      vertex 122.936123 160.936123 -84.000000
      vertex 131.729908 163.000000 -72.000000
      vertex 129.805400 163.000000 -72.000000
    endloop
  endfacet
  facet normal 0.039818 -0.989215 0.140955
    outer loop
      vertex 122.936123 160.936123 -84.000000
      vertex 124.523045 161.000000 -84.000000
      vertex 131.729908 163.000000 -72.000000
    endloop
  endfacet
  facet normal 0.000000 -0.986394 0.164399
    outer loop
      vertex 124.523045 161.000000 -84.000000
      vertex 133.654416 163.000000 -72.000000
      vertex 131.729908 163.000000 -72.000000
    endloop
  endfacet
  facet normal 0.514021 -0.819115 -0.254624
    outer loop
      vertex 124.523045 161.000000 -84.000000
      vertex 125.803574 161.803574 -84.000000
      vertex 133.654416 163.000000 -72.000000
    endloop
  endfacet
  facet normal 0.226862 -0.972567 -0.051455
    outer loop
      vertex 125.803574 161.803574 -84.000000
      vertex 135.409361 163.409361 -72.000000
      vertex 133.654416 163.000000 -72.000000
    endloop
  endfacet
  facet normal 0.127112 -0.991407 0.030915
    outer loop
      vertex 125.803574 161.803574 -84.000000
      vertex 127.335593 162.000000 -84.000000
      vertex 135.409361 163.409361 -72.000000
    endloop
  endfacet
  facet normal 0.329621 -0.937486 -0.111669
    outer loop
      vertex 127.335593 162.000000 -84.000000
      vertex 137.089218 164.000000 -72.000000
      vertex 135.409361 163.409361 -72.000000
    endloop
  endfacet
  facet normal 0.000000 -0.986394 0.164399
    outer loop
      vertex 127.335593 162.000000 -84.000000
      vertex 128.948974 162.000000 -84.000000
      vertex 137.089218 164.000000 -72.000000
    endloop
  endfacet
  facet normal 0.000000 -0.986394 0.164399
    outer loop
      vertex 128.948974 162.000000 -84.000000
      vertex 139.013726 164.000000 -72.000000
      vertex 137.089218 164.000000 -72.000000
    endloop
  endfacet
  facet normal 0.592749 -0.710805 -0.378688
    outer loop
      vertex 128.948974 162.000000 -84.000000
      vertex 130.148141 163.000000 -84.000000
      vertex 139.013726 164.000000 -72.000000
    endloop
  endfacet
  facet normal 0.000000 -0.996546 0.083045
    outer loop
      vertex 130.148141 163.000000 -84.000000
      vertex 140.938234 164.000000 -72.000000
      vertex 139.013726 164.000000 -72.000000
    endloop
  endfacet
  facet normal 0.000000 -0.996546 0.083045
    outer loop
      vertex 130.148141 163.000000 -84.000000
      vertex 131.761522 163.000000 -84.000000
      vertex 140.938234 164.000000 -72.000000
    endloop
  endfacet
  facet normal -0.495430 -0.748246 0.441222
    outer loop
      vertex 131.761522 163.000000 -84.000000
      vertex 142.448528 163.000000 -72.000000
      vertex 140.938234 164.000000 -72.000000
    endloop
  endfacet
  facet normal -0.546856 -0.680998 0.487021
    outer loop
      vertex 131.761522 163.000000 -84.000000
      vertex 132.972203 162.027797 -84.000000
      vertex 142.448528 163.000000 -72.000000
    endloop
  endfacet
  facet normal -0.482296 -0.756245 0.442135
    outer loop
      vertex 132.972203 162.027797 -84.000000
      vertex 143.970883 162.029117 -72.000000
      vertex 142.448528 163.000000 -72.000000
    endloop
  endfacet
  facet normal -0.017348 -0.999721 0.016010
    outer loop
      vertex 132.972203 162.027797 -84.000000
      vertex 134.574071 162.000000 -84.000000
      vertex 143.970883 162.029117 -72.000000
    endloop
  endfacet
  facet normal -0.618156 -0.618156 0.485558
    outer loop
      vertex 134.574071 162.000000 -84.000000
      vertex 145.331716 160.668284 -72.000000
      vertex 143.970883 162.029117 -72.000000
    endloop
  endfacet
  facet normal 0.000000 -0.993898 -0.110299
    outer loop
      vertex 134.574071 162.000000 -84.000000
      vertex 136.187452 162.000000 -84.000000
      vertex 145.331716 160.668284 -72.000000
    endloop
  endfacet
  facet normal -0.369673 -0.911451 0.180549
    outer loop
      vertex 136.187452 162.000000 -84.000000
      vertex 146.979411 160.000000 -72.000000
      vertex 145.331716 160.668284 -72.000000
    endloop
  endfacet
  facet normal 0.000000 -0.986394 -0.164399
    outer loop
      vertex 136.187452 162.000000 -84.000000
      vertex 137.800833 162.000000 -84.000000
      vertex 146.979411 160.000000 -72.000000
    endloop
  endfacet
  facet normal -0.647437 -0.657339 0.385656
    outer loop
      vertex 137.800833 162.000000 -84.000000
      vertex 148.346274 158.653726 -72.000000
      vertex 146.979411 160.000000 -72.000000
    endloop
  endfacet
  facet normal -0.191585 -0.975972 -0.103794
    outer loop
      vertex 137.800833 162.000000 -84.000000
      vertex 139.292893 161.707107 -84.000000
      vertex 148.346274 158.653726 -72.000000
    endloop
  endfacet
  facet normal -0.666667 -0.666667 0.333333
    outer loop
      vertex 139.292893 161.707107 -84.000000
      vertex 149.707107 157.292893 -72.000000
      vertex 148.346274 158.653726 -72.000000
    endloop
  endfacet
  facet normal -0.470355 -0.878365 0.085090
    outer loop
      vertex 139.292893 161.707107 -84.000000
      vertex 140.613381 161.000000 -84.000000
      vertex 149.707107 157.292893 -72.000000
    endloop
  endfacet
  facet normal -0.673970 -0.673970 0.302535
    outer loop
      vertex 140.613381 161.000000 -84.000000
      vertex 151.067939 155.932061 -72.000000
      vertex 149.707107 157.292893 -72.000000
    endloop
  endfacet
  facet normal -0.562724 -0.813528 0.146677
    outer loop
      vertex 140.613381 161.000000 -84.000000
      vertex 141.867452 160.132548 -84.000000
      vertex 151.067939 155.932061 -72.000000
    endloop
  endfacet
  facet normal -0.678280 -0.678280 0.282617
    outer loop
      vertex 141.867452 160.132548 -84.000000
      vertex 152.428772 154.571228 -72.000000
      vertex 151.067939 155.932061 -72.000000
    endloop
  endfacet
  facet normal -0.284533 -0.940553 -0.185473
    outer loop
      vertex 141.867452 160.132548 -84.000000
      vertex 143.301177 159.698823 -84.000000
      vertex 152.428772 154.571228 -72.000000
    endloop
  endfacet
  facet normal -0.316494 -0.935196 -0.158873
    outer loop
      vertex 143.301177 159.698823 -84.000000
      vertex 154.116670 154.000000 -72.000000
      vertex 152.428772 154.571228 -72.000000
    endloop
  endfacet
  facet normal -0.677005 -0.677005 0.288667
    outer loop
      vertex 143.301177 159.698823 -84.000000
      vertex 144.442010 158.557990 -84.000000
      vertex 154.116670 154.000000 -72.000000
    endloop
  endfacet
  facet normal -0.413802 -0.910286 -0.012140
    outer loop
      vertex 144.442010 158.557990 -84.000000
      vertex 155.736224 153.263776 -72.000000
      vertex 154.116670 154.000000 -72.000000
    endloop
  endfacet
  facet normal -0.666667 -0.666667 0.333333
    outer loop
      vertex 144.442010 158.557990 -84.000000
      vertex 145.582843 157.417157 -84.000000
      vertex 155.736224 153.263776 -72.000000
    endloop
  endfacet
  facet normal -0.639813 -0.709302 0.295855
    outer loop
      vertex 145.582843 157.417157 -84.000000
      vertex 157.137258 152.000000 -72.000000
      vertex 155.736224 153.263776 -72.000000
    endloop
  endfacet
  facet normal -0.664959 -0.664959 0.340086
    outer loop
      vertex 145.582843 157.417157 -84.000000
      vertex 146.723675 156.276325 -84.000000
      vertex 157.137258 152.000000 -72.000000
    endloop
  endfacet
  facet normal -0.421483 -0.905818 0.042964
    outer loop
      vertex 146.723675 156.276325 -84.000000
      vertex 158.750782 151.249218 -72.000000
      vertex 157.137258 152.000000 -72.000000
    endloop
  endfacet
  facet normal -0.653682 -0.653682 0.381314
    outer loop
      vertex 146.723675 156.276325 -84.000000
      vertex 147.864508 155.135492 -84.000000
      vertex 158.750782 151.249218 -72.000000
    endloop
  endfacet
  facet normal -0.653682 -0.653682 0.381314
    outer loop
      vertex 147.864508 155.135492 -84.000000
      vertex 160.111615 149.888385 -72.000000
      vertex 158.750782 151.249218 -72.000000
    endloop
  endfacet
  facet normal -0.653682 -0.653682 0.381314
    outer loop
      vertex 147.864508 155.135492 -84.000000
      vertex 149.005341 153.994659 -84.000000
      vertex 160.111615 149.888385 -72.000000
    endloop
  endfacet
  facet normal -0.733438 -0.418609 0.535570
    outer loop
      vertex 149.005341 153.994659 -84.000000
      vertex 161.000000 148.331859 -72.000000
      vertex 160.111615 149.888385 -72.000000
    endloop
  endfacet
  facet normal -0.662496 -0.662496 0.349569
    outer loop
      vertex 149.005341 153.994659 -84.000000
      vertex 150.146173 152.853827 -84.000000
      vertex 161.000000 148.331859 -72.000000
    endloop
  endfacet
  facet normal -0.711950 -0.549905 0.436728
    outer loop
      vertex 150.146173 152.853827 -84.000000
      vertex 162.126173 146.873827 -72.000000
      vertex 161.000000 148.331859 -72.000000
    endloop
  endfacet
  facet normal -0.666667 -0.666667 0.333333
    outer loop
      vertex 150.146173 152.853827 -84.000000
      vertex 151.287006 151.712994 -84.000000
      vertex 162.126173 146.873827 -72.000000
    endloop
  endfacet
  facet normal -0.751205 -0.420096 0.509127
    outer loop
      vertex 151.287006 151.712994 -84.000000
      vertex 163.000000 145.311270 -72.000000
      vertex 162.126173 146.873827 -72.000000
    endloop
  endfacet
  facet normal -0.674829 -0.674829 0.298683
    outer loop
      vertex 151.287006 151.712994 -84.000000
      vertex 152.427838 150.572162 -84.000000
      vertex 163.000000 145.311270 -72.000000
    endloop
  endfacet
  facet normal -0.724497 -0.569185 0.388757
    outer loop
      vertex 152.427838 150.572162 -84.000000
      vertex 164.140732 143.859268 -72.000000
      vertex 163.000000 145.311270 -72.000000
    endloop
  endfacet
  facet normal -0.678280 -0.678280 0.282617
    outer loop
      vertex 152.427838 150.572162 -84.000000
      vertex 153.568671 149.431329 -84.000000
      vertex 164.140732 143.859268 -72.000000
    endloop
  endfacet
  facet normal -0.678280 -0.678280 0.282617
    outer loop
      vertex 153.568671 149.431329 -84.000000
      vertex 165.501564 142.498436 -72.000000
      vertex 164.140732 143.859268 -72.000000
    endloop
  endfacet
  facet normal -0.678280 -0.678280 0.282617
    outer loop
      vertex 153.568671 149.431329 -84.000000
      vertex 154.709504 148.290496 -84.000000
      vertex 165.501564 142.498436 -72.000000
    endloop
  endfacet
  facet normal -0.678280 -0.678280 0.282617
    outer loop
      vertex 154.709504 148.290496 -84.000000
      vertex 166.862397 141.137603 -72.000000
      vertex 165.501564 142.498436 -72.000000
    endloop
  endfacet
  facet normal -0.736801 -0.143356 0.660737
    outer loop
      vertex 154.709504 148.290496 -84.000000
      vertex 155.000000 146.797443 -84.000000
      vertex 166.862397 141.137603 -72.000000
    endloop
  endfacet
  facet normal -0.664138 -0.664138 0.343280
    outer loop
      vertex 155.000000 146.797443 -84.000000
      vertex 168.223229 139.776771 -72.000000
      vertex 166.862397 141.137603 -72.000000
    endloop
  endfacet
  facet normal -0.672025 0.000000 0.740528
    outer loop
      vertex 155.000000 146.797443 -84.000000
      vertex 155.000000 145.184062 -84.000000
      vertex 168.223229 139.776771 -72.000000
    endloop
  endfacet
  facet normal -0.642263 -0.642263 0.418324
    outer loop
      vertex 155.000000 145.184062 -84.000000
      vertex 169.584062 138.415938 -72.000000
      vertex 168.223229 139.776771 -72.000000
    endloop
  endfacet
  facet normal -0.667313 -0.552575 0.499353
    outer loop
      vertex 155.000000 145.184062 -84.000000
      vertex 155.989319 143.989319 -84.000000
      vertex 169.584062 138.415938 -72.000000
    endloop
  endfacet
  facet normal -0.639291 -0.639291 0.427332
    outer loop
      vertex 155.989319 143.989319 -84.000000
      vertex 170.944895 137.055105 -72.000000
      vertex 169.584062 138.415938 -72.000000
    endloop
  endfacet
  facet normal -0.464317 0.381656 0.799218
    outer loop
      vertex 155.989319 143.989319 -84.000000
      vertex 155.000000 142.785727 -84.000000
      vertex 170.944895 137.055105 -72.000000
    endloop
  endfacet
  facet normal -0.605836 -0.605836 0.515681
    outer loop
      vertex 155.000000 142.785727 -84.000000
      vertex 172.305727 135.694273 -72.000000
      vertex 170.944895 137.055105 -72.000000
    endloop
  endfacet
  facet normal -0.569823 0.000000 0.821767
    outer loop
      vertex 155.000000 142.785727 -84.000000
      vertex 155.000000 141.172346 -84.000000
      vertex 172.305727 135.694273 -72.000000
    endloop
  endfacet
  facet normal -0.580114 -0.580114 0.571782
    outer loop
      vertex 155.000000 141.172346 -84.000000
      vertex 173.666560 134.333440 -72.000000
      vertex 172.305727 135.694273 -72.000000
    endloop
  endfacet
  facet normal -0.540760 0.000000 0.841177
    outer loop
      vertex 155.000000 141.172346 -84.000000
      vertex 155.000000 139.558965 -84.000000
      vertex 173.666560 134.333440 -72.000000
    endloop
  endfacet
  facet normal -0.558293 -0.104209 0.823073
    outer loop
      vertex 155.000000 139.558965 -84.000000
      vertex 174.000000 132.547048 -72.000000
      vertex 173.666560 134.333440 -72.000000
    endloop
  endfacet
  facet normal -0.537359 -0.012943 0.843255
    outer loop
      vertex 155.000000 139.558965 -84.000000
      vertex 155.038478 137.961522 -84.000000
      vertex 174.000000 132.547048 -72.000000
    endloop
  endfacet
  facet normal -0.534767 0.000000 0.845000
    outer loop
      vertex 155.038478 137.961522 -84.000000
      vertex 174.000000 130.622540 -72.000000
      vertex 174.000000 132.547048 -72.000000
    endloop
  endfacet
  facet normal -0.594672 -0.470569 0.651866
    outer loop
      vertex 155.038478 137.961522 -84.000000
      vertex 156.000000 136.746417 -84.000000
      vertex 174.000000 130.622540 -72.000000
    endloop
  endfacet
  facet normal -0.465648 0.277798 0.840238
    outer loop
      vertex 156.000000 136.746417 -84.000000
      vertex 173.079369 129.079369 -72.000000
      vertex 174.000000 130.622540 -72.000000
    endloop
  endfacet
  facet normal -0.633477 -0.285662 0.719100
    outer loop
      vertex 156.000000 136.746417 -84.000000
      vertex 156.613036 135.386964 -84.000000
      vertex 173.079369 129.079369 -72.000000
    endloop
  endfacet
  facet normal -0.371426 0.508400 0.776900
    outer loop
      vertex 156.613036 135.386964 -84.000000
      vertex 171.601951 128.000000 -72.000000
      vertex 173.079369 129.079369 -72.000000
    endloop
  endfacet
  facet normal -0.663295 -0.157390 0.731620
    outer loop
      vertex 156.613036 135.386964 -84.000000
      vertex 156.953238 133.953238 -84.000000
      vertex 171.601951 128.000000 -72.000000
    endloop
  endfacet
  facet normal -0.356971 0.586741 0.726847
    outer loop
      vertex 156.953238 133.953238 -84.000000
      vertex 170.064811 127.064811 -72.000000
      vertex 171.601951 128.000000 -72.000000
    endloop
  endfacet
  facet normal -0.457496 0.457496 0.762493
    outer loop
      vertex 156.953238 133.953238 -84.000000
      vertex 155.812405 132.812405 -84.000000
      vertex 170.064811 127.064811 -72.000000
    endloop
  endfacet
  facet normal -0.457496 0.457496 0.762493
    outer loop
      vertex 155.812405 132.812405 -84.000000
      vertex 168.703978 125.703978 -72.000000
      vertex 170.064811 127.064811 -72.000000
    endloop
  endfacet
  facet normal -0.457496 0.457496 0.762493
    outer loop
      vertex 155.812405 132.812405 -84.000000
      vertex 154.671573 131.671573 -84.000000
      vertex 168.703978 125.703978 -72.000000
    endloop
  endfacet
  facet normal -0.457496 0.457496 0.762493
    outer loop
      vertex 154.671573 131.671573 -84.000000
      vertex 167.343146 124.343146 -72.000000
      vertex 168.703978 125.703978 -72.000000
    endloop
  endfacet
  facet normal -0.566947 0.285159 0.772823
    outer loop
      vertex 154.671573 131.671573 -84.000000
      vertex 154.000000 130.336367 -84.000000
      vertex 167.343146 124.343146 -72.000000
    endloop
  endfacet
  facet normal -0.466430 0.466430 0.751589
    outer loop
      vertex 154.000000 130.336367 -84.000000
      vertex 165.982313 122.982313 -72.000000
      vertex 167.343146 124.343146 -72.000000
    endloop
  endfacet
  facet normal -0.738098 -0.537775 0.407442
    outer loop
      vertex 154.000000 130.336367 -84.000000
      vertex 154.902986 129.097014 -84.000000
      vertex 165.982313 122.982313 -72.000000
    endloop
  endfacet
  facet normal -0.496719 0.496719 0.711717
    outer loop
      vertex 154.902986 129.097014 -84.000000
      vertex 164.621481 121.621481 -72.000000
      vertex 165.982313 122.982313 -72.000000
    endloop
  endfacet
  facet normal -0.790829 -0.048768 0.610091
    outer loop
      vertex 154.902986 129.097014 -84.000000
      vertex 155.000000 127.523818 -84.000000
      vertex 164.621481 121.621481 -72.000000
    endloop
  endfacet
  facet normal -0.521745 0.521745 0.674956
    outer loop
      vertex 155.000000 127.523818 -84.000000
      vertex 163.260648 120.260648 -72.000000
      vertex 164.621481 121.621481 -72.000000
    endloop
  endfacet
  facet normal -0.638344 0.379990 0.669422
    outer loop
      vertex 155.000000 127.523818 -84.000000
      vertex 154.229563 126.229563 -84.000000
      vertex 163.260648 120.260648 -72.000000
    endloop
  endfacet
  facet normal -0.121830 0.849078 0.514028
    outer loop
      vertex 154.229563 126.229563 -84.000000
      vertex 161.444104 120.000000 -72.000000
      vertex 163.260648 120.260648 -72.000000
    endloop
  endfacet
  facet normal -0.554260 0.554260 0.620961
    outer loop
      vertex 154.229563 126.229563 -84.000000
      vertex 153.088730 125.088730 -84.000000
      vertex 161.444104 120.000000 -72.000000
    endloop
  endfacet
  facet normal 0.000000 0.920642 0.390408
    outer loop
      vertex 153.088730 125.088730 -84.000000
      vertex 159.519596 120.000000 -72.000000
      vertex 161.444104 120.000000 -72.000000
    endloop
  endfacet
  facet normal -0.051173 0.909285 0.413016
    outer loop
      vertex 153.088730 125.088730 -84.000000
      vertex 151.512102 125.000000 -84.000000
      vertex 159.519596 120.000000 -72.000000
    endloop
  endfacet
  facet normal 0.000000 0.923077 0.384615
    outer loop
      vertex 151.512102 125.000000 -84.000000
      vertex 157.595088 120.000000 -72.000000
      vertex 159.519596 120.000000 -72.000000
    endloop
  endfacet
  facet normal -0.439293 0.728181 0.526093
    outer loop
      vertex 151.512102 125.000000 -84.000000
      vertex 150.221279 124.221279 -84.000000
      vertex 157.595088 120.000000 -72.000000
    endloop
  endfacet
  facet normal 0.000000 0.943336 0.331840
    outer loop
      vertex 150.221279 124.221279 -84.000000
      vertex 155.670580 120.000000 -72.000000
      vertex 157.595088 120.000000 -72.000000
    endloop
  endfacet
  facet normal -0.132981 0.914508 0.382087
    outer loop
      vertex 150.221279 124.221279 -84.000000
      vertex 148.699554 124.000000 -84.000000
      vertex 155.670580 120.000000 -72.000000
    endloop
  endfacet
  facet normal 0.494795 0.869007 0.002233
    outer loop
      vertex 148.699554 124.000000 -84.000000
      vertex 154.113339 120.886661 -72.000000
      vertex 155.670580 120.000000 -72.000000
    endloop
  endfacet
  facet normal -0.397770 0.828400 0.394377
    outer loop
      vertex 148.699554 124.000000 -84.000000
      vertex 147.353827 123.353827 -84.000000
      vertex 154.113339 120.886661 -72.000000
    endloop
  endfacet
  facet normal -0.469399 0.774697 0.423685
    outer loop
      vertex 147.353827 123.353827 -84.000000
      vertex 152.649991 120.000000 -72.000000
      vertex 154.113339 120.886661 -72.000000
    endloop
  endfacet
  facet normal -0.629991 0.629991 0.454118
    outer loop
      vertex 147.353827 123.353827 -84.000000
      vertex 146.212994 122.212994 -84.000000
      vertex 152.649991 120.000000 -72.000000
    endloop
  endfacet
  facet normal 0.000000 0.983417 0.181358
    outer loop
      vertex 146.212994 122.212994 -84.000000
      vertex 150.725483 120.000000 -72.000000
      vertex 152.649991 120.000000 -72.000000
    endloop
  endfacet
  facet normal -0.278439 0.920409 0.274443
    outer loop
      vertex 146.212994 122.212994 -84.000000
      vertex 144.779268 121.779268 -84.000000
      vertex 150.725483 120.000000 -72.000000
    endloop
  endfacet
  facet normal 0.000000 0.989186 0.146669
    outer loop
      vertex 144.779268 121.779268 -84.000000
      vertex 148.800975 120.000000 -72.000000
      vertex 150.725483 120.000000 -72.000000
    endloop
  endfacet
  facet normal -0.669096 0.669096 0.323451
    outer loop
      vertex 144.779268 121.779268 -84.000000
      vertex 143.638436 120.638436 -84.000000
      vertex 148.800975 120.000000 -72.000000
    endloop
  endfacet
  facet normal -0.046086 0.996279 0.072832
    outer loop
      vertex 143.638436 120.638436 -84.000000
      vertex 146.912649 119.912649 -72.000000
      vertex 148.800975 120.000000 -72.000000
    endloop
  endfacet
  facet normal -0.688247 0.688247 0.229416
    outer loop
      vertex 143.638436 120.638436 -84.000000
      vertex 142.497603 119.497603 -84.000000
      vertex 146.912649 119.912649 -72.000000
    endloop
  endfacet
  facet normal -0.502077 0.850765 0.155299
    outer loop
      vertex 142.497603 119.497603 -84.000000
      vertex 145.366173 119.000000 -72.000000
      vertex 146.912649 119.912649 -72.000000
    endloop
  endfacet
  facet normal -0.693594 0.693594 0.194563
    outer loop
      vertex 142.497603 119.497603 -84.000000
      vertex 141.356771 118.356771 -84.000000
      vertex 145.366173 119.000000 -72.000000
    endloop
  endfacet
  facet normal -0.592967 0.790015 0.155774
    outer loop
      vertex 141.356771 118.356771 -84.000000
      vertex 143.898091 117.898091 -72.000000
      vertex 145.366173 119.000000 -72.000000
    endloop
  endfacet
  facet normal -0.696311 0.696311 0.174078
    outer loop
      vertex 141.356771 118.356771 -84.000000
      vertex 140.215938 117.215938 -84.000000
      vertex 143.898091 117.898091 -72.000000
    endloop
  endfacet
  facet normal -0.696311 0.696311 0.174078
    outer loop
      vertex 140.215938 117.215938 -84.000000
      vertex 142.537258 116.537258 -72.000000
      vertex 143.898091 117.898091 -72.000000
    endloop
  endfacet
  facet normal -0.696311 0.696311 0.174078
    outer loop
      vertex 140.215938 117.215938 -84.000000
      vertex 139.075105 116.075105 -84.000000
      vertex 142.537258 116.537258 -72.000000
    endloop
  endfacet
  facet normal -0.696311 0.696311 0.174078
    outer loop
      vertex 139.075105 116.075105 -84.000000
      vertex 141.176426 115.176426 -72.000000
      vertex 142.537258 116.537258 -72.000000
    endloop
  endfacet
  facet normal -0.047251 0.995444 0.082823
    outer loop
      vertex 139.075105 116.075105 -84.000000
      vertex 137.492834 116.000000 -84.000000
      vertex 141.176426 115.176426 -72.000000
    endloop
  endfacet
  facet normal -0.683415 0.683415 0.256689
    outer loop
      vertex 137.492834 116.000000 -84.000000
      vertex 139.815593 113.815593 -72.000000
      vertex 141.176426 115.176426 -72.000000
    endloop
  endfacet
  facet normal -0.052967 0.980595 0.188754
    outer loop
      vertex 137.492834 116.000000 -84.000000
      vertex 135.914760 115.914760 -84.000000
      vertex 139.815593 113.815593 -72.000000
    endloop
  endfacet
  facet normal -0.666667 0.666667 0.333333
    outer loop
      vertex 135.914760 115.914760 -84.000000
      vertex 138.454760 112.454760 -72.000000
      vertex 139.815593 113.815593 -72.000000
    endloop
  endfacet
  facet normal -0.560587 0.756516 0.336786
    outer loop
      vertex 135.914760 115.914760 -84.000000
      vertex 134.680286 115.000000 -84.000000
      vertex 138.454760 112.454760 -72.000000
    endloop
  endfacet
  facet normal -0.662651 0.662651 0.348980
    outer loop
      vertex 134.680286 115.000000 -84.000000
      vertex 137.093928 111.093928 -72.000000
      vertex 138.454760 112.454760 -72.000000
    endloop
  endfacet
  facet normal 0.000000 0.950893 0.309521
    outer loop
      vertex 134.680286 115.000000 -84.000000
      vertex 133.066905 115.000000 -84.000000
      vertex 137.093928 111.093928 -72.000000
    endloop
  endfacet
  facet normal -0.338203 0.855551 0.391983
    outer loop
      vertex 133.066905 115.000000 -84.000000
      vertex 135.440202 110.440202 -72.000000
      vertex 137.093928 111.093928 -72.000000
    endloop
  endfacet
  facet normal 0.000000 0.934789 0.355204
    outer loop
      vertex 133.066905 115.000000 -84.000000
      vertex 131.453524 115.000000 -84.000000
      vertex 135.440202 110.440202 -72.000000
    endloop
  endfacet
  facet normal -0.223416 0.884204 0.410206
    outer loop
      vertex 131.453524 115.000000 -84.000000
      vertex 133.698032 110.000000 -72.000000
      vertex 135.440202 110.440202 -72.000000
    endloop
  endfacet
  facet normal 0.000000 0.923077 0.384615
    outer loop
      vertex 131.453524 115.000000 -84.000000
      vertex 129.840143 115.000000 -84.000000
      vertex 133.698032 110.000000 -72.000000
    endloop
  endfacet
  facet normal 0.000000 0.923077 0.384615
    outer loop
      vertex 129.840143 115.000000 -84.000000
      vertex 131.773524 110.000000 -72.000000
      vertex 133.698032 110.000000 -72.000000
    endloop
  endfacet
  facet normal 0.000000 0.923077 0.384615
    outer loop
      vertex 129.840143 115.000000 -84.000000
      vertex 128.226762 115.000000 -84.000000
      vertex 131.773524 110.000000 -72.000000
    endloop
  endfacet
  facet normal 0.000000 0.923077 0.384615
    outer loop
      vertex 128.226762 115.000000 -84.000000
      vertex 129.849016 110.000000 -72.000000
      vertex 131.773524 110.000000 -72.000000
    endloop
  endfacet
  facet normal 0.000000 0.923077 0.384615
    outer loop
      vertex 128.226762 115.000000 -84.000000
      vertex 126.613381 115.000000 -84.000000
      vertex 129.849016 110.000000 -72.000000
    endloop
  endfacet
  facet normal 0.000000 0.923077 0.384615
    outer loop
      vertex 126.613381 115.000000 -84.000000
      vertex 127.924508 110.000000 -72.000000
      vertex 129.849016 110.000000 -72.000000
    endloop
  endfacet
  facet normal 0.000000 0.923077 0.384615
    outer loop
      vertex 126.613381 115.000000 -84.000000
      vertex 125.000000 115.000000 -84.000000
      vertex 127.924508 110.000000 -72.000000
    endloop
  endfacet
  facet normal 0.000000 0.923077 0.384615
    outer loop
      vertex 125.000000 115.000000 -84.000000
      vertex 126.000000 110.000000 -72.000000
      vertex 127.924508 110.000000 -72.000000
    endloop
  endfacet
  facet normal 0.551897 0.833527 0.025363
    outer loop
      vertex 126.000000 110.000000 -72.000000
      vertex 124.489706 111.000000 -72.000000
      vertex 133.000000 105.000000 -60.000000
    endloop
  endfacet
  facet normal 0.452196 0.883655 0.121134
    outer loop
      vertex 124.489706 111.000000 -72.000000
      vertex 131.045858 106.000000 -60.000000
      vertex 133.000000 105.000000 -60.000000
    endloop
  endfacet
  facet normal 0.551497 0.832922 0.045743
    outer loop
      vertex 124.489706 111.000000 -72.000000
      vertex 122.979411 112.000000 -72.000000
      vertex 131.045858 106.000000 -60.000000
    endloop
  endfacet
  facet normal 0.421176 0.892214 0.162991
    outer loop
      vertex 122.979411 112.000000 -72.000000
      vertex 129.064853 106.935147 -60.000000
      vertex 131.045858 106.000000 -60.000000
    endloop
  endfacet
  facet normal 0.368514 0.908593 0.196610
    outer loop
      vertex 122.979411 112.000000 -72.000000
      vertex 121.331716 112.668284 -72.000000
      vertex 129.064853 106.935147 -60.000000
    endloop
  endfacet
  facet normal 0.025156 0.908233 0.417708
    outer loop
      vertex 121.331716 112.668284 -72.000000
      vertex 126.723360 107.000000 -60.000000
      vertex 129.064853 106.935147 -60.000000
    endloop
  endfacet
  facet normal 0.707013 0.707013 0.016299
    outer loop
      vertex 121.331716 112.668284 -72.000000
      vertex 119.970883 114.029117 -72.000000
      vertex 126.723360 107.000000 -60.000000
    endloop
  endfacet
  facet normal 0.186220 0.889875 0.416466
    outer loop
      vertex 119.970883 114.029117 -72.000000
      vertex 124.543919 107.456081 -60.000000
      vertex 126.723360 107.000000 -60.000000
    endloop
  endfacet
  facet normal 0.702247 0.702247 0.117041
    outer loop
      vertex 119.970883 114.029117 -72.000000
      vertex 118.610051 115.389949 -72.000000
      vertex 124.543919 107.456081 -60.000000
    endloop
  endfacet
  facet normal 0.702247 0.702247 0.117041
    outer loop
      vertex 118.610051 115.389949 -72.000000
      vertex 122.869239 109.130761 -60.000000
      vertex 124.543919 107.456081 -60.000000
    endloop
  endfacet
  facet normal 0.702247 0.702247 0.117041
    outer loop
      vertex 118.610051 115.389949 -72.000000
      vertex 117.249218 116.750782 -72.000000
      vertex 122.869239 109.130761 -60.000000
    endloop
  endfacet
  facet normal 0.702247 0.702247 0.117041
    outer loop
      vertex 117.249218 116.750782 -72.000000
      vertex 121.194558 110.805442 -60.000000
      vertex 122.869239 109.130761 -60.000000
    endloop
  endfacet
  facet normal 0.702247 0.702247 0.117041
    outer loop
      vertex 117.249218 116.750782 -72.000000
      vertex 115.888385 118.111615 -72.000000
      vertex 121.194558 110.805442 -60.000000
    endloop
  endfacet
  facet normal 0.702247 0.702247 0.117041
    outer loop
      vertex 115.888385 118.111615 -72.000000
      vertex 119.519878 112.480122 -60.000000
      vertex 121.194558 110.805442 -60.000000
    endloop
  endfacet
  facet normal 0.868102 0.495468 -0.030190
    outer loop
      vertex 115.888385 118.111615 -72.000000
      vertex 115.000000 119.668141 -72.000000
      vertex 119.519878 112.480122 -60.000000
    endloop
  endfacet
  facet normal 0.698526 0.698526 0.155314
    outer loop
      vertex 115.000000 119.668141 -72.000000
      vertex 117.845198 114.154802 -60.000000
      vertex 119.519878 112.480122 -60.000000
    endloop
  endfacet
  facet normal 0.787998 0.608644 0.092804
    outer loop
      vertex 115.000000 119.668141 -72.000000
      vertex 113.873827 121.126173 -72.000000
      vertex 117.845198 114.154802 -60.000000
    endloop
  endfacet
  facet normal 0.696311 0.696311 0.174078
    outer loop
      vertex 113.873827 121.126173 -72.000000
      vertex 116.170517 115.829483 -60.000000
      vertex 117.845198 114.154802 -60.000000
    endloop
  endfacet
  facet normal 0.696311 0.696311 0.174078
    outer loop
      vertex 113.873827 121.126173 -72.000000
      vertex 112.512994 122.487006 -72.000000
      vertex 116.170517 115.829483 -60.000000
    endloop
  endfacet
  facet normal 0.696311 0.696311 0.174078
    outer loop
      vertex 112.512994 122.487006 -72.000000
      vertex 114.495837 117.504163 -60.000000
      vertex 116.170517 115.829483 -60.000000
    endloop
  endfacet
  facet normal 0.696311 0.696311 0.174078
    outer loop
      vertex 112.512994 122.487006 -72.000000
      vertex 111.152162 123.847838 -72.000000
      vertex 114.495837 117.504163 -60.000000
    endloop
  endfacet
  facet normal 0.897239 0.441226 -0.016757
    outer loop
      vertex 111.152162 123.847838 -72.000000
      vertex 113.528263 119.471737 -60.000000
      vertex 114.495837 117.504163 -60.000000
    endloop
  endfacet
  facet normal 0.928811 0.367163 -0.050017
    outer loop
      vertex 111.152162 123.847838 -72.000000
      vertex 110.498436 125.501564 -72.000000
      vertex 113.528263 119.471737 -60.000000
    endloop
  endfacet
  facet normal 0.742944 0.654293 0.141190
    outer loop
      vertex 110.498436 125.501564 -72.000000
      vertex 112.000000 121.207065 -60.000000
      vertex 113.528263 119.471737 -60.000000
    endloop
  endfacet
  facet normal 0.960198 0.278570 -0.020457
    outer loop
      vertex 110.498436 125.501564 -72.000000
      vertex 110.000000 127.219613 -72.000000
      vertex 112.000000 121.207065 -60.000000
    endloop
  endfacet
  facet normal 0.887383 0.454104 0.079630
    outer loop
      vertex 110.000000 127.219613 -72.000000
      vertex 111.000000 123.161207 -60.000000
      vertex 112.000000 121.207065 -60.000000
    endloop
  endfacet
  facet normal 0.888415 0.452209 0.078903
    outer loop
      vertex 110.000000 127.219613 -72.000000
      vertex 109.190984 128.809016 -72.000000
      vertex 111.000000 123.161207 -60.000000
    endloop
  endfacet
  facet normal 0.867020 0.488314 0.099121
    outer loop
      vertex 109.190984 128.809016 -72.000000
      vertex 109.918436 125.081564 -60.000000
      vertex 111.000000 123.161207 -60.000000
    endloop
  endfacet
  facet normal 0.928424 0.367011 0.057719
    outer loop
      vertex 109.190984 128.809016 -72.000000
      vertex 108.537258 130.462742 -72.000000
      vertex 109.918436 125.081564 -60.000000
    endloop
  endfacet
  facet normal 0.688247 0.688247 0.229416
    outer loop
      vertex 108.537258 130.462742 -72.000000
      vertex 108.243755 126.756245 -60.000000
      vertex 109.918436 125.081564 -60.000000
    endloop
  endfacet
  facet normal 0.921455 0.364256 0.135047
    outer loop
      vertex 108.537258 130.462742 -72.000000
      vertex 107.883532 132.116468 -72.000000
      vertex 108.243755 126.756245 -60.000000
    endloop
  endfacet
  facet normal 0.884647 0.435034 0.167767
    outer loop
      vertex 107.883532 132.116468 -72.000000
      vertex 107.276182 128.723818 -60.000000
      vertex 108.243755 126.756245 -60.000000
    endloop
  endfacet
  facet normal 0.855655 0.485070 0.180446
    outer loop
      vertex 107.883532 132.116468 -72.000000
      vertex 107.000000 133.675004 -72.000000
      vertex 107.276182 128.723818 -60.000000
    endloop
  endfacet
  facet normal 0.992206 0.121577 0.027327
    outer loop
      vertex 107.000000 133.675004 -72.000000
      vertex 107.000000 130.977776 -60.000000
      vertex 107.276182 128.723818 -60.000000
    endloop
  endfacet
  facet normal 1.000000 0.000000 -0.000000
    outer loop
      vertex 107.000000 133.675004 -72.000000
      vertex 107.000000 135.599512 -72.000000
      vertex 107.000000 130.977776 -60.000000
    endloop
  endfacet
  facet normal 1.000000 0.000000 0.000000
    outer loop
      vertex 107.000000 135.599512 -72.000000
      vertex 107.000000 133.346131 -60.000000
      vertex 107.000000 130.977776 -60.000000
    endloop
  endfacet
  facet normal 1.000000 0.000000 -0.000000
    outer loop
      vertex 107.000000 135.599512 -72.000000
      vertex 107.000000 137.524020 -72.000000
      vertex 107.000000 133.346131 -60.000000
    endloop
  endfacet
  facet normal 1.000000 0.000000 0.000000
    outer loop
      vertex 107.000000 137.524020 -72.000000
      vertex 107.000000 135.714487 -60.000000
      vertex 107.000000 133.346131 -60.000000
    endloop
  endfacet
  facet normal 0.984376 -0.174109 -0.026255
    outer loop
      vertex 107.000000 137.524020 -72.000000
      vertex 107.317157 139.317157 -72.000000
      vertex 107.000000 135.714487 -60.000000
    endloop
  endfacet
  facet normal 0.999651 0.000000 0.026421
    outer loop
      vertex 107.317157 139.317157 -72.000000
      vertex 107.000000 138.082843 -60.000000
      vertex 107.000000 135.714487 -60.000000
    endloop
  endfacet
  facet normal 0.923208 -0.384004 -0.015098
    outer loop
      vertex 107.317157 139.317157 -72.000000
      vertex 108.000000 140.958823 -72.000000
      vertex 107.000000 138.082843 -60.000000
    endloop
  endfacet
  facet normal 0.988806 -0.141076 0.048590
    outer loop
      vertex 108.000000 140.958823 -72.000000
      vertex 107.319045 140.319045 -60.000000
      vertex 107.000000 138.082843 -60.000000
    endloop
  endfacet
  facet normal 0.935786 -0.350886 0.034395
    outer loop
      vertex 108.000000 140.958823 -72.000000
      vertex 108.624609 142.624609 -72.000000
      vertex 107.319045 140.319045 -60.000000
    endloop
  endfacet
  facet normal 0.897291 -0.441252 0.012845
    outer loop
      vertex 108.624609 142.624609 -72.000000
      vertex 108.286619 142.286619 -60.000000
      vertex 107.319045 140.319045 -60.000000
    endloop
  endfacet
  facet normal 0.929858 -0.367577 0.015837
    outer loop
      vertex 108.624609 142.624609 -72.000000
      vertex 109.278335 144.278335 -72.000000
      vertex 108.286619 142.286619 -60.000000
    endloop
  endfacet
  facet normal 0.705882 -0.705882 -0.058824
    outer loop
      vertex 109.278335 144.278335 -72.000000
      vertex 109.961299 143.961299 -60.000000
      vertex 108.286619 142.286619 -60.000000
    endloop
  endfacet
  facet normal 0.705882 -0.705882 -0.058824
    outer loop
      vertex 109.278335 144.278335 -72.000000
      vertex 110.639167 145.639167 -72.000000
      vertex 109.961299 143.961299 -60.000000
    endloop
  endfacet
  facet normal 0.705882 -0.705882 -0.058824
    outer loop
      vertex 110.639167 145.639167 -72.000000
      vertex 111.635980 145.635980 -60.000000
      vertex 109.961299 143.961299 -60.000000
    endloop
  endfacet
  facet normal 0.927205 -0.366529 -0.077118
    outer loop
      vertex 110.639167 145.639167 -72.000000
      vertex 111.292893 147.292893 -72.000000
      vertex 111.635980 145.635980 -60.000000
    endloop
  endfacet
  facet normal 0.702247 -0.702247 -0.117041
    outer loop
      vertex 111.292893 147.292893 -72.000000
      vertex 113.310660 147.310660 -60.000000
      vertex 111.635980 145.635980 -60.000000
    endloop
  endfacet
  facet normal 0.702247 -0.702247 -0.117041
    outer loop
      vertex 111.292893 147.292893 -72.000000
      vertex 112.653726 148.653726 -72.000000
      vertex 113.310660 147.310660 -60.000000
    endloop
  endfacet
  facet normal 0.702247 -0.702247 -0.117041
    outer loop
      vertex 112.653726 148.653726 -72.000000
      vertex 114.985341 148.985341 -60.000000
      vertex 113.310660 147.310660 -60.000000
    endloop
  endfacet
  facet normal 0.702247 -0.702247 -0.117041
    outer loop
      vertex 112.653726 148.653726 -72.000000
      vertex 114.014558 150.014558 -72.000000
      vertex 114.985341 148.985341 -60.000000
    endloop
  endfacet
  facet normal 0.702247 -0.702247 -0.117041
    outer loop
      vertex 114.014558 150.014558 -72.000000
      vertex 116.660021 150.660021 -60.000000
      vertex 114.985341 148.985341 -60.000000
    endloop
  endfacet
  facet normal 0.702247 -0.702247 -0.117041
    outer loop
      vertex 114.014558 150.014558 -72.000000
      vertex 115.375391 151.375391 -72.000000
      vertex 116.660021 150.660021 -60.000000
    endloop
  endfacet
  facet normal 0.890721 -0.438021 -0.121466
    outer loop
      vertex 115.375391 151.375391 -72.000000
      vertex 117.627595 152.627595 -60.000000
      vertex 116.660021 150.660021 -60.000000
    endloop
  endfacet
  facet normal 0.705882 -0.705882 -0.058824
    outer loop
      vertex 115.375391 151.375391 -72.000000
      vertex 116.736224 152.736224 -72.000000
      vertex 117.627595 152.627595 -60.000000
    endloop
  endfacet
  facet normal 0.705882 -0.705882 -0.058824
    outer loop
      vertex 116.736224 152.736224 -72.000000
      vertex 119.302275 154.302275 -60.000000
      vertex 117.627595 152.627595 -60.000000
    endloop
  endfacet
  facet normal 0.705882 -0.705882 -0.058824
    outer loop
      vertex 116.736224 152.736224 -72.000000
      vertex 118.097056 154.097056 -72.000000
      vertex 119.302275 154.302275 -60.000000
    endloop
  endfacet
  facet normal 0.705882 -0.705882 -0.058824
    outer loop
      vertex 118.097056 154.097056 -72.000000
      vertex 120.976955 155.976955 -60.000000
      vertex 119.302275 154.302275 -60.000000
    endloop
  endfacet
  facet normal 0.705882 -0.705882 -0.058824
    outer loop
      vertex 118.097056 154.097056 -72.000000
      vertex 119.457889 155.457889 -72.000000
      vertex 120.976955 155.976955 -60.000000
    endloop
  endfacet
  facet normal 0.881285 -0.463641 -0.091506
    outer loop
      vertex 119.457889 155.457889 -72.000000
      vertex 122.000000 157.921552 -60.000000
      vertex 120.976955 155.976955 -60.000000
    endloop
  endfacet
  facet normal 0.707099 -0.707099 -0.004623
    outer loop
      vertex 119.457889 155.457889 -72.000000
      vertex 120.818721 156.818721 -72.000000
      vertex 122.000000 157.921552 -60.000000
    endloop
  endfacet
  facet normal 0.723606 -0.690169 -0.007803
    outer loop
      vertex 120.818721 156.818721 -72.000000
      vertex 123.619209 159.619209 -60.000000
      vertex 122.000000 157.921552 -60.000000
    endloop
  endfacet
  facet normal 0.707107 -0.707107 -0.000000
    outer loop
      vertex 120.818721 156.818721 -72.000000
      vertex 122.179554 158.179554 -72.000000
      vertex 123.619209 159.619209 -60.000000
    endloop
  endfacet
  facet normal 0.609268 -0.792659 0.022002
    outer loop
      vertex 122.179554 158.179554 -72.000000
      vertex 125.415623 161.000000 -60.000000
      vertex 123.619209 159.619209 -60.000000
    endloop
  endfacet
  facet normal 0.458130 -0.884866 0.084431
    outer loop
      vertex 122.179554 158.179554 -72.000000
      vertex 123.764222 159.000000 -72.000000
      vertex 125.415623 161.000000 -60.000000
    endloop
  endfacet
  facet normal 0.563221 -0.824136 0.059847
    outer loop
      vertex 123.764222 159.000000 -72.000000
      vertex 127.261463 162.261463 -60.000000
      vertex 125.415623 161.000000 -60.000000
    endloop
  endfacet
  facet normal 0.640836 -0.767369 0.021799
    outer loop
      vertex 123.764222 159.000000 -72.000000
      vertex 125.194113 160.194113 -72.000000
      vertex 127.261463 162.261463 -60.000000
    endloop
  endfacet
  facet normal 0.439932 -0.894608 0.078331
    outer loop
      vertex 125.194113 160.194113 -72.000000
      vertex 129.229037 163.229037 -60.000000
      vertex 127.261463 162.261463 -60.000000
    endloop
  endfacet
  facet normal 0.705882 -0.705882 -0.058824
    outer loop
      vertex 125.194113 160.194113 -72.000000
      vertex 126.554945 161.554945 -72.000000
      vertex 129.229037 163.229037 -60.000000
    endloop
  endfacet
  facet normal 0.351681 -0.934673 0.052025
    outer loop
      vertex 126.554945 161.554945 -72.000000
      vertex 131.278049 164.000000 -60.000000
      vertex 129.229037 163.229037 -60.000000
    endloop
  endfacet
  facet normal 0.367255 -0.929043 0.044748
    outer loop
      vertex 126.554945 161.554945 -72.000000
      vertex 128.208671 162.208671 -72.000000
      vertex 131.278049 164.000000 -60.000000
    endloop
  endfacet
  facet normal 0.455489 -0.890091 0.016365
    outer loop
      vertex 128.208671 162.208671 -72.000000
      vertex 133.232191 165.000000 -60.000000
      vertex 131.278049 164.000000 -60.000000
    endloop
  endfacet
  facet normal 0.443940 -0.895774 0.022521
    outer loop
      vertex 128.208671 162.208671 -72.000000
      vertex 129.805400 163.000000 -72.000000
      vertex 133.232191 165.000000 -60.000000
    endloop
  endfacet
  facet normal 0.455474 -0.890061 0.018276
    outer loop
      vertex 129.805400 163.000000 -72.000000
      vertex 135.186333 166.000000 -60.000000
      vertex 133.232191 165.000000 -60.000000
    endloop
  endfacet
  facet normal 0.000000 -0.970143 0.242536
    outer loop
      vertex 129.805400 163.000000 -72.000000
      vertex 131.729908 163.000000 -72.000000
      vertex 135.186333 166.000000 -60.000000
    endloop
  endfacet
  facet normal 0.453662 -0.886520 0.090959
    outer loop
      vertex 131.729908 163.000000 -72.000000
      vertex 137.140475 167.000000 -60.000000
      vertex 135.186333 166.000000 -60.000000
    endloop
  endfacet
  facet normal 0.000000 -0.948683 0.316228
    outer loop
      vertex 131.729908 163.000000 -72.000000
      vertex 133.654416 163.000000 -72.000000
      vertex 137.140475 167.000000 -60.000000
    endloop
  endfacet
  facet normal 0.000000 -0.948683 0.316228
    outer loop
      vertex 133.654416 163.000000 -72.000000
      vertex 139.508831 167.000000 -60.000000
      vertex 137.140475 167.000000 -60.000000
    endloop
  endfacet
  facet normal 0.222143 -0.952335 0.209069
    outer loop
      vertex 133.654416 163.000000 -72.000000
      vertex 135.409361 163.409361 -72.000000
      vertex 139.508831 167.000000 -60.000000
    endloop
  endfacet
  facet normal 0.000000 -0.958032 0.286662
    outer loop
      vertex 135.409361 163.409361 -72.000000
      vertex 141.877187 167.000000 -60.000000
      vertex 139.508831 167.000000 -60.000000
    endloop
  endfacet
  facet normal 0.329933 -0.938374 0.102951
    outer loop
      vertex 135.409361 163.409361 -72.000000
      vertex 137.089218 164.000000 -72.000000
      vertex 141.877187 167.000000 -60.000000
    endloop
  endfacet
  facet normal 0.000000 -0.970143 0.242536
    outer loop
      vertex 137.089218 164.000000 -72.000000
      vertex 144.245543 167.000000 -60.000000
      vertex 141.877187 167.000000 -60.000000
    endloop
  endfacet
  facet normal 0.000000 -0.970143 0.242536
    outer loop
      vertex 137.089218 164.000000 -72.000000
      vertex 139.013726 164.000000 -72.000000
      vertex 144.245543 167.000000 -60.000000
    endloop
  endfacet
  facet normal 0.000000 -0.970143 0.242536
    outer loop
      vertex 139.013726 164.000000 -72.000000
      vertex 146.613898 167.000000 -60.000000
      vertex 144.245543 167.000000 -60.000000
    endloop
  endfacet
  facet normal 0.000000 -0.970143 0.242536
    outer loop
      vertex 139.013726 164.000000 -72.000000
      vertex 140.938234 164.000000 -72.000000
      vertex 146.613898 167.000000 -60.000000
    endloop
  endfacet
  facet normal -0.295308 -0.884643 0.360833
    outer loop
      vertex 140.938234 164.000000 -72.000000
      vertex 148.694558 166.305442 -60.000000
      vertex 146.613898 167.000000 -60.000000
    endloop
  endfacet
  facet normal -0.490405 -0.740656 0.459273
    outer loop
      vertex 140.938234 164.000000 -72.000000
      vertex 142.448528 163.000000 -72.000000
      vertex 148.694558 166.305442 -60.000000
    endloop
  endfacet
  facet normal -0.127688 -0.937188 0.324614
    outer loop
      vertex 142.448528 163.000000 -72.000000
      vertex 150.936396 166.000000 -60.000000
      vertex 148.694558 166.305442 -60.000000
    endloop
  endfacet
  facet normal -0.462885 -0.725809 0.508861
    outer loop
      vertex 142.448528 163.000000 -72.000000
      vertex 143.970883 162.029117 -72.000000
      vertex 150.936396 166.000000 -60.000000
    endloop
  endfacet
  facet normal -0.087873 -0.929369 0.358541
    outer loop
      vertex 143.970883 162.029117 -72.000000
      vertex 153.215492 165.784508 -60.000000
      vertex 150.936396 166.000000 -60.000000
    endloop
  endfacet
  facet normal -0.561336 -0.561336 0.608114
    outer loop
      vertex 143.970883 162.029117 -72.000000
      vertex 145.331716 160.668284 -72.000000
      vertex 153.215492 165.784508 -60.000000
    endloop
  endfacet
  facet normal -0.302774 -0.788632 0.535152
    outer loop
      vertex 145.331716 160.668284 -72.000000
      vertex 155.258894 165.000000 -60.000000
      vertex 153.215492 165.784508 -60.000000
    endloop
  endfacet
  facet normal -0.315786 -0.778589 0.542290
    outer loop
      vertex 145.331716 160.668284 -72.000000
      vertex 146.979411 160.000000 -72.000000
      vertex 155.258894 165.000000 -60.000000
    endloop
  endfacet
  facet normal -0.375790 -0.734347 0.565257
    outer loop
      vertex 146.979411 160.000000 -72.000000
      vertex 157.213036 164.000000 -60.000000
      vertex 155.258894 165.000000 -60.000000
    endloop
  endfacet
  facet normal -0.538393 -0.546627 0.641352
    outer loop
      vertex 146.979411 160.000000 -72.000000
      vertex 148.346274 158.653726 -72.000000
      vertex 157.213036 164.000000 -60.000000
    endloop
  endfacet
  facet normal -0.403346 -0.687209 0.604198
    outer loop
      vertex 148.346274 158.653726 -72.000000
      vertex 159.118213 162.881787 -60.000000
      vertex 157.213036 164.000000 -60.000000
    endloop
  endfacet
  facet normal -0.529813 -0.529813 0.662266
    outer loop
      vertex 148.346274 158.653726 -72.000000
      vertex 149.707107 157.292893 -72.000000
      vertex 159.118213 162.881787 -60.000000
    endloop
  endfacet
  facet normal -0.529813 -0.529813 0.662266
    outer loop
      vertex 149.707107 157.292893 -72.000000
      vertex 160.792893 161.207107 -60.000000
      vertex 159.118213 162.881787 -60.000000
    endloop
  endfacet
  facet normal -0.529813 -0.529813 0.662266
    outer loop
      vertex 149.707107 157.292893 -72.000000
      vertex 151.067939 155.932061 -72.000000
      vertex 160.792893 161.207107 -60.000000
    endloop
  endfacet
  facet normal -0.618372 -0.399517 0.676759
    outer loop
      vertex 151.067939 155.932061 -72.000000
      vertex 162.000000 159.338751 -60.000000
      vertex 160.792893 161.207107 -60.000000
    endloop
  endfacet
  facet normal -0.540124 -0.540124 0.645392
    outer loop
      vertex 151.067939 155.932061 -72.000000
      vertex 152.428772 154.571228 -72.000000
      vertex 162.000000 159.338751 -60.000000
    endloop
  endfacet
  facet normal -0.586537 -0.474529 0.656351
    outer loop
      vertex 152.428772 154.571228 -72.000000
      vertex 163.435147 157.564853 -60.000000
      vertex 162.000000 159.338751 -60.000000
    endloop
  endfacet
  facet normal -0.283205 -0.836831 0.468518
    outer loop
      vertex 152.428772 154.571228 -72.000000
      vertex 154.116670 154.000000 -72.000000
      vertex 163.435147 157.564853 -60.000000
    endloop
  endfacet
  facet normal -0.691207 -0.339908 0.637727
    outer loop
      vertex 154.116670 154.000000 -72.000000
      vertex 164.402721 155.597279 -60.000000
      vertex 163.435147 157.564853 -60.000000
    endloop
  endfacet
  facet normal -0.373675 -0.822015 0.429719
    outer loop
      vertex 154.116670 154.000000 -72.000000
      vertex 155.736224 153.263776 -72.000000
      vertex 164.402721 155.597279 -60.000000
    endloop
  endfacet
  facet normal -0.723445 -0.355761 0.591659
    outer loop
      vertex 155.736224 153.263776 -72.000000
      vertex 165.370294 153.629706 -60.000000
      vertex 164.402721 155.597279 -60.000000
    endloop
  endfacet
  facet normal -0.584307 -0.647768 0.488858
    outer loop
      vertex 155.736224 153.263776 -72.000000
      vertex 157.137258 152.000000 -72.000000
      vertex 165.370294 153.629706 -60.000000
    endloop
  endfacet
  facet normal -0.743573 -0.365659 0.559815
    outer loop
      vertex 157.137258 152.000000 -72.000000
      vertex 166.337868 151.662132 -60.000000
      vertex 165.370294 153.629706 -60.000000
    endloop
  endfacet
  facet normal -0.404310 -0.868912 0.285527
    outer loop
      vertex 157.137258 152.000000 -72.000000
      vertex 158.750782 151.249218 -72.000000
      vertex 166.337868 151.662132 -60.000000
    endloop
  endfacet
  facet normal -0.643621 -0.633976 0.428749
    outer loop
      vertex 158.750782 151.249218 -72.000000
      vertex 167.987452 149.987452 -60.000000
      vertex 166.337868 151.662132 -60.000000
    endloop
  endfacet
  facet normal -0.639967 -0.639967 0.425306
    outer loop
      vertex 158.750782 151.249218 -72.000000
      vertex 160.111615 149.888385 -72.000000
      vertex 167.987452 149.987452 -60.000000
    endloop
  endfacet
  facet normal -0.827336 0.148318 0.541772
    outer loop
      vertex 160.111615 149.888385 -72.000000
      vertex 167.687229 148.312771 -60.000000
      vertex 167.987452 149.987452 -60.000000
    endloop
  endfacet
  facet normal -0.781992 -0.446321 0.435070
    outer loop
      vertex 160.111615 149.888385 -72.000000
      vertex 161.000000 148.331859 -72.000000
      vertex 167.687229 148.312771 -60.000000
    endloop
  endfacet
  facet normal -0.802830 -0.394799 0.446764
    outer loop
      vertex 161.000000 148.331859 -72.000000
      vertex 168.654802 146.345198 -60.000000
      vertex 167.687229 148.312771 -60.000000
    endloop
  endfacet
  facet normal -0.733883 -0.566846 0.374300
    outer loop
      vertex 161.000000 148.331859 -72.000000
      vertex 162.126173 146.873827 -72.000000
      vertex 168.654802 146.345198 -60.000000
    endloop
  endfacet
  facet normal -0.666667 -0.666667 0.333333
    outer loop
      vertex 162.126173 146.873827 -72.000000
      vertex 170.329483 144.670517 -60.000000
      vertex 168.654802 146.345198 -60.000000
    endloop
  endfacet
  facet normal -0.778448 -0.435331 0.452223
    outer loop
      vertex 162.126173 146.873827 -72.000000
      vertex 163.000000 145.311270 -72.000000
      vertex 170.329483 144.670517 -60.000000
    endloop
  endfacet
  facet normal -0.656881 -0.659196 0.366018
    outer loop
      vertex 163.000000 145.311270 -72.000000
      vertex 172.005887 143.000000 -60.000000
      vertex 170.329483 144.670517 -60.000000
    endloop
  endfacet
  facet normal -0.711348 -0.558855 0.426222
    outer loop
      vertex 163.000000 145.311270 -72.000000
      vertex 164.140732 143.859268 -72.000000
      vertex 172.005887 143.000000 -60.000000
    endloop
  endfacet
  facet normal -0.432204 -0.874360 0.220670
    outer loop
      vertex 164.140732 143.859268 -72.000000
      vertex 173.971737 142.028263 -60.000000
      vertex 172.005887 143.000000 -60.000000
    endloop
  endfacet
  facet normal -0.639602 -0.639602 0.426401
    outer loop
      vertex 164.140732 143.859268 -72.000000
      vertex 165.501564 142.498436 -72.000000
      vertex 173.971737 142.028263 -60.000000
    endloop
  endfacet
  facet normal -0.756015 -0.400210 0.517951
    outer loop
      vertex 165.501564 142.498436 -72.000000
      vertex 175.000000 140.085828 -60.000000
      vertex 173.971737 142.028263 -60.000000
    endloop
  endfacet
  facet normal -0.652512 -0.652512 0.385299
    outer loop
      vertex 165.501564 142.498436 -72.000000
      vertex 166.862397 141.137603 -72.000000
      vertex 175.000000 140.085828 -60.000000
    endloop
  endfacet
  facet normal -0.665856 -0.632235 0.396125
    outer loop
      vertex 166.862397 141.137603 -72.000000
      vertex 176.613991 138.386009 -60.000000
      vertex 175.000000 140.085828 -60.000000
    endloop
  endfacet
  facet normal -0.653682 -0.653682 0.381314
    outer loop
      vertex 166.862397 141.137603 -72.000000
      vertex 168.223229 139.776771 -72.000000
      vertex 176.613991 138.386009 -60.000000
    endloop
  endfacet
  facet normal -0.653682 -0.653682 0.381314
    outer loop
      vertex 168.223229 139.776771 -72.000000
      vertex 178.288671 136.711329 -60.000000
      vertex 176.613991 138.386009 -60.000000
    endloop
  endfacet
  facet normal -0.653682 -0.653682 0.381314
    outer loop
      vertex 168.223229 139.776771 -72.000000
      vertex 169.584062 138.415938 -72.000000
      vertex 178.288671 136.711329 -60.000000
    endloop
  endfacet
  facet normal -0.796685 -0.273280 0.539083
    outer loop
      vertex 169.584062 138.415938 -72.000000
      vertex 179.000000 134.637615 -60.000000
      vertex 178.288671 136.711329 -60.000000
    endloop
  endfacet
  facet normal -0.671048 -0.671048 0.315259
    outer loop
      vertex 169.584062 138.415938 -72.000000
      vertex 170.944895 137.055105 -72.000000
      vertex 179.000000 134.637615 -60.000000
    endloop
  endfacet
  facet normal -0.831723 -0.199487 0.518113
    outer loop
      vertex 170.944895 137.055105 -72.000000
      vertex 179.516711 132.483289 -60.000000
      vertex 179.000000 134.637615 -60.000000
    endloop
  endfacet
  facet normal -0.688247 -0.688247 0.229416
    outer loop
      vertex 170.944895 137.055105 -72.000000
      vertex 172.305727 135.694273 -72.000000
      vertex 179.516711 132.483289 -60.000000
    endloop
  endfacet
  facet normal -0.734120 -0.620831 0.275021
    outer loop
      vertex 172.305727 135.694273 -72.000000
      vertex 181.000000 130.729331 -60.000000
      vertex 179.516711 132.483289 -60.000000
    endloop
  endfacet
  facet normal -0.690628 -0.690628 0.214632
    outer loop
      vertex 172.305727 135.694273 -72.000000
      vertex 173.666560 134.333440 -72.000000
      vertex 181.000000 130.729331 -60.000000
    endloop
  endfacet
  facet normal -0.800937 -0.491585 0.341825
    outer loop
      vertex 173.666560 134.333440 -72.000000
      vertex 182.158965 128.841035 -60.000000
      vertex 181.000000 130.729331 -60.000000
    endloop
  endfacet
  facet normal -0.838574 -0.156525 0.521818
    outer loop
      vertex 173.666560 134.333440 -72.000000
      vertex 174.000000 132.547048 -72.000000
      vertex 182.158965 128.841035 -60.000000
    endloop
  endfacet
  facet normal -0.683954 -0.683954 0.253801
    outer loop
      vertex 174.000000 132.547048 -72.000000
      vertex 183.833646 127.166354 -60.000000
      vertex 182.158965 128.841035 -60.000000
    endloop
  endfacet
  facet normal -0.773469 0.000000 0.633835
    outer loop
      vertex 174.000000 132.547048 -72.000000
      vertex 174.000000 130.622540 -72.000000
      vertex 183.833646 127.166354 -60.000000
    endloop
  endfacet
  facet normal -0.780144 -0.056440 0.623049
    outer loop
      vertex 174.000000 130.622540 -72.000000
      vertex 184.000000 124.866905 -60.000000
      vertex 183.833646 127.166354 -60.000000
    endloop
  endfacet
  facet normal -0.619086 0.369337 0.693053
    outer loop
      vertex 174.000000 130.622540 -72.000000
      vertex 173.079369 129.079369 -72.000000
      vertex 184.000000 124.866905 -60.000000
    endloop
  endfacet
  facet normal -0.739586 0.000000 0.673062
    outer loop
      vertex 173.079369 129.079369 -72.000000
      vertex 184.000000 122.498549 -60.000000
      vertex 184.000000 124.866905 -60.000000
    endloop
  endfacet
  facet normal -0.421395 0.576797 0.699808
    outer loop
      vertex 173.079369 129.079369 -72.000000
      vertex 171.601951 128.000000 -72.000000
      vertex 184.000000 122.498549 -60.000000
    endloop
  endfacet
  facet normal -0.695478 0.000000 0.718547
    outer loop
      vertex 171.601951 128.000000 -72.000000
      vertex 184.000000 120.130193 -60.000000
      vertex 184.000000 122.498549 -60.000000
    endloop
  endfacet
  facet normal -0.350103 0.575453 0.739108
    outer loop
      vertex 171.601951 128.000000 -72.000000
      vertex 170.064811 127.064811 -72.000000
      vertex 184.000000 120.130193 -60.000000
    endloop
  endfacet
  facet normal -0.638352 0.046769 0.768323
    outer loop
      vertex 170.064811 127.064811 -72.000000
      vertex 183.831594 117.831594 -60.000000
      vertex 184.000000 120.130193 -60.000000
    endloop
  endfacet
  facet normal -0.419827 0.419827 0.804668
    outer loop
      vertex 170.064811 127.064811 -72.000000
      vertex 168.703978 125.703978 -72.000000
      vertex 183.831594 117.831594 -60.000000
    endloop
  endfacet
  facet normal -0.419827 0.419827 0.804668
    outer loop
      vertex 168.703978 125.703978 -72.000000
      vertex 182.156913 116.156913 -60.000000
      vertex 183.831594 117.831594 -60.000000
    endloop
  endfacet
  facet normal -0.419827 0.419827 0.804668
    outer loop
      vertex 168.703978 125.703978 -72.000000
      vertex 167.343146 124.343146 -72.000000
      vertex 182.156913 116.156913 -60.000000
    endloop
  endfacet
  facet normal 0.174912 0.900413 0.398324
    outer loop
      vertex 167.343146 124.343146 -72.000000
      vertex 180.482233 116.482233 -60.000000
      vertex 182.156913 116.156913 -60.000000
    endloop
  endfacet
  facet normal -0.444444 0.444444 0.777778
    outer loop
      vertex 167.343146 124.343146 -72.000000
      vertex 165.982313 122.982313 -72.000000
      vertex 180.482233 116.482233 -60.000000
    endloop
  endfacet
  facet normal 0.182585 0.939909 0.288502
    outer loop
      vertex 165.982313 122.982313 -72.000000
      vertex 178.807553 116.807553 -60.000000
      vertex 180.482233 116.482233 -60.000000
    endloop
  endfacet
  facet normal -0.471041 0.471041 0.745815
    outer loop
      vertex 165.982313 122.982313 -72.000000
      vertex 164.621481 121.621481 -72.000000
      vertex 178.807553 116.807553 -60.000000
    endloop
  endfacet
  facet normal -0.286886 0.722534 0.629000
    outer loop
      vertex 164.621481 121.621481 -72.000000
      vertex 176.773696 116.000000 -60.000000
      vertex 178.807553 116.807553 -60.000000
    endloop
  endfacet
  facet normal -0.488312 0.488312 0.723259
    outer loop
      vertex 164.621481 121.621481 -72.000000
      vertex 163.260648 120.260648 -72.000000
      vertex 176.773696 116.000000 -60.000000
    endloop
  endfacet
  facet normal -0.350699 0.685316 0.638242
    outer loop
      vertex 163.260648 120.260648 -72.000000
      vertex 174.819554 115.000000 -60.000000
      vertex 176.773696 116.000000 -60.000000
    endloop
  endfacet
  facet normal -0.123353 0.859691 0.495697
    outer loop
      vertex 163.260648 120.260648 -72.000000
      vertex 161.444104 120.000000 -72.000000
      vertex 174.819554 115.000000 -60.000000
    endloop
  endfacet
  facet normal -0.366281 0.640383 0.675091
    outer loop
      vertex 161.444104 120.000000 -72.000000
      vertex 172.904832 113.904832 -60.000000
      vertex 174.819554 115.000000 -60.000000
    endloop
  endfacet
  facet normal 0.000000 0.891581 0.452861
    outer loop
      vertex 161.444104 120.000000 -72.000000
      vertex 159.519596 120.000000 -72.000000
      vertex 172.904832 113.904832 -60.000000
    endloop
  endfacet
  facet normal -0.320249 0.651230 0.687997
    outer loop
      vertex 159.519596 120.000000 -72.000000
      vertex 170.937258 112.937258 -60.000000
      vertex 172.904832 113.904832 -60.000000
    endloop
  endfacet
  facet normal 0.000000 0.861811 0.507229
    outer loop
      vertex 159.519596 120.000000 -72.000000
      vertex 157.595088 120.000000 -72.000000
      vertex 170.937258 112.937258 -60.000000
    endloop
  endfacet
  facet normal -0.452151 0.452151 0.768842
    outer loop
      vertex 157.595088 120.000000 -72.000000
      vertex 169.262578 111.262578 -60.000000
      vertex 170.937258 112.937258 -60.000000
    endloop
  endfacet
  facet normal 0.000000 0.808411 0.588619
    outer loop
      vertex 157.595088 120.000000 -72.000000
      vertex 155.670580 120.000000 -72.000000
      vertex 169.262578 111.262578 -60.000000
    endloop
  endfacet
  facet normal -0.354384 0.517966 0.778539
    outer loop
      vertex 155.670580 120.000000 -72.000000
      vertex 167.417199 110.000000 -60.000000
      vertex 169.262578 111.262578 -60.000000
    endloop
  endfacet
  facet normal 0.481152 0.845047 0.233213
    outer loop
      vertex 155.670580 120.000000 -72.000000
      vertex 154.113339 120.886661 -72.000000
      vertex 167.417199 110.000000 -60.000000
    endloop
  endfacet
  facet normal 0.608408 0.792384 0.044353
    outer loop
      vertex 154.113339 120.886661 -72.000000
      vertex 165.620324 111.379676 -60.000000
      vertex 167.417199 110.000000 -60.000000
    endloop
  endfacet
  facet normal -0.335945 0.554445 0.761401
    outer loop
      vertex 154.113339 120.886661 -72.000000
      vertex 152.649991 120.000000 -72.000000
      vertex 165.620324 111.379676 -60.000000
    endloop
  endfacet
  facet normal 0.684963 0.684963 -0.248299
    outer loop
      vertex 152.649991 120.000000 -72.000000
      vertex 163.945644 113.054356 -60.000000
      vertex 165.620324 111.379676 -60.000000
    endloop
  endfacet
  facet normal 0.000000 0.865480 0.500943
    outer loop
      vertex 152.649991 120.000000 -72.000000
      vertex 150.725483 120.000000 -72.000000
      vertex 163.945644 113.054356 -60.000000
    endloop
  endfacet
  facet normal 0.441045 0.896870 0.033222
    outer loop
      vertex 150.725483 120.000000 -72.000000
      vertex 161.978070 114.021930 -60.000000
      vertex 163.945644 113.054356 -60.000000
    endloop
  endfacet
  facet normal 0.000000 0.895081 0.445905
    outer loop
      vertex 150.725483 120.000000 -72.000000
      vertex 148.800975 120.000000 -72.000000
      vertex 161.978070 114.021930 -60.000000
    endloop
  endfacet
  facet normal 0.445495 0.894217 -0.043720
    outer loop
      vertex 148.800975 120.000000 -72.000000
      vertex 160.014844 115.000000 -60.000000
      vertex 161.978070 114.021930 -60.000000
    endloop
  endfacet
  facet normal -0.041990 0.907726 0.417458
    outer loop
      vertex 148.800975 120.000000 -72.000000
      vertex 146.912649 119.912649 -72.000000
      vertex 160.014844 115.000000 -60.000000
    endloop
  endfacet
  facet normal 0.451577 0.882445 -0.131792
    outer loop
      vertex 146.912649 119.912649 -72.000000
      vertex 158.060702 116.000000 -60.000000
      vertex 160.014844 115.000000 -60.000000
    endloop
  endfacet
  facet normal -0.406017 0.687991 0.601514
    outer loop
      vertex 146.912649 119.912649 -72.000000
      vertex 145.366173 119.000000 -72.000000
      vertex 158.060702 116.000000 -60.000000
    endloop
  endfacet
  facet normal 0.000000 0.970143 0.242536
    outer loop
      vertex 145.366173 119.000000 -72.000000
      vertex 155.692346 116.000000 -60.000000
      vertex 158.060702 116.000000 -60.000000
    endloop
  endfacet
  facet normal -0.487967 0.650123 0.582433
    outer loop
      vertex 145.366173 119.000000 -72.000000
      vertex 143.898091 117.898091 -72.000000
      vertex 155.692346 116.000000 -60.000000
    endloop
  endfacet
  facet normal -0.201995 0.917136 0.343599
    outer loop
      vertex 143.898091 117.898091 -72.000000
      vertex 153.521989 115.521989 -60.000000
      vertex 155.692346 116.000000 -60.000000
    endloop
  endfacet
  facet normal -0.577350 0.577350 0.577350
    outer loop
      vertex 143.898091 117.898091 -72.000000
      vertex 142.537258 116.537258 -72.000000
      vertex 153.521989 115.521989 -60.000000
    endloop
  endfacet
  facet normal -0.548158 0.625930 0.554738
    outer loop
      vertex 142.537258 116.537258 -72.000000
      vertex 151.784062 114.000000 -60.000000
      vertex 153.521989 115.521989 -60.000000
    endloop
  endfacet
  facet normal -0.580813 0.580813 0.570361
    outer loop
      vertex 142.537258 116.537258 -72.000000
      vertex 141.176426 115.176426 -72.000000
      vertex 151.784062 114.000000 -60.000000
    endloop
  endfacet
  facet normal -0.178865 0.951222 0.251364
    outer loop
      vertex 141.176426 115.176426 -72.000000
      vertex 149.586842 113.586842 -60.000000
      vertex 151.784062 114.000000 -60.000000
    endloop
  endfacet
  facet normal -0.609208 0.609208 0.507673
    outer loop
      vertex 141.176426 115.176426 -72.000000
      vertex 139.815593 113.815593 -72.000000
      vertex 149.586842 113.586842 -60.000000
    endloop
  endfacet
  facet normal -0.609208 0.609208 0.507673
    outer loop
      vertex 139.815593 113.815593 -72.000000
      vertex 147.912162 111.912162 -60.000000
      vertex 149.586842 113.586842 -60.000000
    endloop
  endfacet
  facet normal -0.609208 0.609208 0.507673
    outer loop
      vertex 139.815593 113.815593 -72.000000
      vertex 138.454760 112.454760 -72.000000
      vertex 147.912162 111.912162 -60.000000
    endloop
  endfacet
  facet normal -0.725763 0.356901 0.588124
    outer loop
      vertex 138.454760 112.454760 -72.000000
      vertex 146.944588 109.944588 -60.000000
      vertex 147.912162 111.912162 -60.000000
    endloop
  endfacet
  facet normal -0.593362 0.593362 0.543915
    outer loop
      vertex 138.454760 112.454760 -72.000000
      vertex 137.093928 111.093928 -72.000000
      vertex 146.944588 109.944588 -60.000000
    endloop
  endfacet
  facet normal -0.707951 0.348142 0.614493
    outer loop
      vertex 137.093928 111.093928 -72.000000
      vertex 145.977014 107.977014 -60.000000
      vertex 146.944588 109.944588 -60.000000
    endloop
  endfacet
  facet normal -0.327002 0.827215 0.456929
    outer loop
      vertex 137.093928 111.093928 -72.000000
      vertex 135.440202 110.440202 -72.000000
      vertex 145.977014 107.977014 -60.000000
    endloop
  endfacet
  facet normal -0.561336 0.561336 0.608114
    outer loop
      vertex 135.440202 110.440202 -72.000000
      vertex 144.302334 106.302334 -60.000000
      vertex 145.977014 107.977014 -60.000000
    endloop
  endfacet
  facet normal -0.217770 0.861859 0.458013
    outer loop
      vertex 135.440202 110.440202 -72.000000
      vertex 133.698032 110.000000 -72.000000
      vertex 144.302334 106.302334 -60.000000
    endloop
  endfacet
  facet normal -0.367206 0.746719 0.554590
    outer loop
      vertex 133.698032 110.000000 -72.000000
      vertex 142.334760 105.334760 -60.000000
      vertex 144.302334 106.302334 -60.000000
    endloop
  endfacet
  facet normal 0.000000 0.932042 0.362350
    outer loop
      vertex 133.698032 110.000000 -72.000000
      vertex 131.773524 110.000000 -72.000000
      vertex 142.334760 105.334760 -60.000000
    endloop
  endfacet
  facet normal -0.131990 0.879128 0.457943
    outer loop
      vertex 131.773524 110.000000 -72.000000
      vertex 140.105067 105.000000 -60.000000
      vertex 142.334760 105.334760 -60.000000
    endloop
  endfacet
  facet normal 0.000000 0.923077 0.384615
    outer loop
      vertex 131.773524 110.000000 -72.000000
      vertex 129.849016 110.000000 -72.000000
      vertex 140.105067 105.000000 -60.000000
    endloop
  endfacet
  facet normal 0.000000 0.923077 0.384615
    outer loop
      vertex 129.849016 110.000000 -72.000000
      vertex 137.736711 105.000000 -60.000000
      vertex 140.105067 105.000000 -60.000000
    endloop
  endfacet
  facet normal 0.000000 0.923077 0.384615
    outer loop
      vertex 129.849016 110.000000 -72.000000
      vertex 127.924508 110.000000 -72.000000
      vertex 137.736711 105.000000 -60.000000
    endloop
  endfacet
  facet normal 0.000000 0.923077 0.384615
    outer loop
      vertex 127.924508 110.000000 -72.000000
      vertex 135.368356 105.000000 -60.000000
      vertex 137.736711 105.000000 -60.000000
    endloop
  endfacet
  facet normal 0.000000 0.923077 0.384615
    outer loop
      vertex 127.924508 110.000000 -72.000000
      vertex 126.000000 110.000000 -72.000000
      vertex 135.368356 105.000000 -60.000000
    endloop
  endfacet
  facet normal 0.000000 0.923077 0.384615
    outer loop
      vertex 126.000000 110.000000 -72.000000
      vertex 133.000000 105.000000 -60.000000
      vertex 135.368356 105.000000 -60.000000
    endloop
  endfacet
  facet normal 0.416722 0.814335 0.403982
    outer loop
      vertex 133.000000 105.000000 -60.000000
      vertex 131.045858 106.000000 -60.000000
      vertex 137.000000 97.000000 -48.000000
    endloop
  endfacet
  facet normal 0.424767 0.812735 0.398791
    outer loop
      vertex 131.045858 106.000000 -60.000000
      vertex 134.905147 98.094853 -48.000000
      vertex 137.000000 97.000000 -48.000000
    endloop
  endfacet
  facet normal 0.388051 0.822042 0.416730
    outer loop
      vertex 131.045858 106.000000 -60.000000
      vertex 129.064853 106.935147 -60.000000
      vertex 134.905147 98.094853 -48.000000
    endloop
  endfacet
  facet normal 0.425912 0.814925 0.393060
    outer loop
      vertex 129.064853 106.935147 -60.000000
      vertex 132.810294 99.189706 -48.000000
      vertex 134.905147 98.094853 -48.000000
    endloop
  endfacet
  facet normal 0.023356 0.843261 0.536996
    outer loop
      vertex 129.064853 106.935147 -60.000000
      vertex 126.723360 107.000000 -60.000000
      vertex 132.810294 99.189706 -48.000000
    endloop
  endfacet
  facet normal 0.438287 0.838604 0.323493
    outer loop
      vertex 126.723360 107.000000 -60.000000
      vertex 130.715442 100.284558 -48.000000
      vertex 132.810294 99.189706 -48.000000
    endloop
  endfacet
  facet normal 0.184685 0.882542 0.432448
    outer loop
      vertex 126.723360 107.000000 -60.000000
      vertex 124.543919 107.456081 -60.000000
      vertex 130.715442 100.284558 -48.000000
    endloop
  endfacet
  facet normal 0.679847 0.728337 0.085633
    outer loop
      vertex 124.543919 107.456081 -60.000000
      vertex 128.877645 102.000000 -48.000000
      vertex 130.715442 100.284558 -48.000000
    endloop
  endfacet
  facet normal 0.705565 0.705565 0.065991
    outer loop
      vertex 124.543919 107.456081 -60.000000
      vertex 122.869239 109.130761 -60.000000
      vertex 128.877645 102.000000 -48.000000
    endloop
  endfacet
  facet normal 0.177960 0.882515 0.435313
    outer loop
      vertex 122.869239 109.130761 -60.000000
      vertex 126.525736 102.474264 -48.000000
      vertex 128.877645 102.000000 -48.000000
    endloop
  endfacet
  facet normal 0.696311 0.696311 0.174078
    outer loop
      vertex 122.869239 109.130761 -60.000000
      vertex 121.194558 110.805442 -60.000000
      vertex 126.525736 102.474264 -48.000000
    endloop
  endfacet
  facet normal 0.696311 0.696311 0.174078
    outer loop
      vertex 121.194558 110.805442 -60.000000
      vertex 124.723776 104.276224 -48.000000
      vertex 126.525736 102.474264 -48.000000
    endloop
  endfacet
  facet normal 0.696311 0.696311 0.174078
    outer loop
      vertex 121.194558 110.805442 -60.000000
      vertex 119.519878 112.480122 -60.000000
      vertex 124.723776 104.276224 -48.000000
    endloop
  endfacet
  facet normal 0.429315 0.821437 0.375406
    outer loop
      vertex 119.519878 112.480122 -60.000000
      vertex 122.628924 105.371076 -48.000000
      vertex 124.723776 104.276224 -48.000000
    endloop
  endfacet
  facet normal 0.688247 0.688247 0.229416
    outer loop
      vertex 119.519878 112.480122 -60.000000
      vertex 117.845198 114.154802 -60.000000
      vertex 122.628924 105.371076 -48.000000
    endloop
  endfacet
  facet normal 0.688247 0.688247 0.229416
    outer loop
      vertex 117.845198 114.154802 -60.000000
      vertex 120.826964 107.173036 -48.000000
      vertex 122.628924 105.371076 -48.000000
    endloop
  endfacet
  facet normal 0.688247 0.688247 0.229416
    outer loop
      vertex 117.845198 114.154802 -60.000000
      vertex 116.170517 115.829483 -60.000000
      vertex 120.826964 107.173036 -48.000000
    endloop
  endfacet
  facet normal 0.688247 0.688247 0.229416
    outer loop
      vertex 116.170517 115.829483 -60.000000
      vertex 119.025004 108.974996 -48.000000
      vertex 120.826964 107.173036 -48.000000
    endloop
  endfacet
  facet normal 0.688247 0.688247 0.229416
    outer loop
      vertex 116.170517 115.829483 -60.000000
      vertex 114.495837 117.504163 -60.000000
      vertex 119.025004 108.974996 -48.000000
    endloop
  endfacet
  facet normal 0.688247 0.688247 0.229416
    outer loop
      vertex 114.495837 117.504163 -60.000000
      vertex 117.223045 110.776955 -48.000000
      vertex 119.025004 108.974996 -48.000000
    endloop
  endfacet
  facet normal 0.896520 0.440872 0.043404
    outer loop
      vertex 114.495837 117.504163 -60.000000
      vertex 113.528263 119.471737 -60.000000
      vertex 117.223045 110.776955 -48.000000
    endloop
  endfacet
  facet normal 0.678280 0.678280 0.282617
    outer loop
      vertex 113.528263 119.471737 -60.000000
      vertex 115.421085 112.578915 -48.000000
      vertex 117.223045 110.776955 -48.000000
    endloop
  endfacet
  facet normal 0.726091 0.639451 0.252772
    outer loop
      vertex 113.528263 119.471737 -60.000000
      vertex 112.000000 121.207065 -60.000000
      vertex 115.421085 112.578915 -48.000000
    endloop
  endfacet
  facet normal 0.883408 0.461704 0.080120
    outer loop
      vertex 112.000000 121.207065 -60.000000
      vertex 114.326232 114.673768 -48.000000
      vertex 115.421085 112.578915 -48.000000
    endloop
  endfacet
  facet normal 0.887687 0.454259 0.075237
    outer loop
      vertex 112.000000 121.207065 -60.000000
      vertex 111.000000 123.161207 -60.000000
      vertex 114.326232 114.673768 -48.000000
    endloop
  endfacet
  facet normal 0.883296 0.461645 0.081678
    outer loop
      vertex 111.000000 123.161207 -60.000000
      vertex 113.231380 116.768620 -48.000000
      vertex 114.326232 114.673768 -48.000000
    endloop
  endfacet
  facet normal 0.867038 0.488325 0.098914
    outer loop
      vertex 111.000000 123.161207 -60.000000
      vertex 109.918436 125.081564 -60.000000
      vertex 113.231380 116.768620 -48.000000
    endloop
  endfacet
  facet normal 0.849643 0.513287 0.121009
    outer loop
      vertex 109.918436 125.081564 -60.000000
      vertex 112.000000 118.806922 -48.000000
      vertex 113.231380 116.768620 -48.000000
    endloop
  endfacet
  facet normal 0.686463 0.686463 0.239866
    outer loop
      vertex 109.918436 125.081564 -60.000000
      vertex 108.243755 126.756245 -60.000000
      vertex 112.000000 118.806922 -48.000000
    endloop
  endfacet
  facet normal 0.905518 0.424301 -0.002370
    outer loop
      vertex 108.243755 126.756245 -60.000000
      vertex 111.000000 120.941064 -48.000000
      vertex 112.000000 118.806922 -48.000000
    endloop
  endfacet
  facet normal 0.897339 0.441275 0.007734
    outer loop
      vertex 108.243755 126.756245 -60.000000
      vertex 107.276182 128.723818 -60.000000
      vertex 111.000000 120.941064 -48.000000
    endloop
  endfacet
  facet normal 0.700674 0.677974 0.222277
    outer loop
      vertex 107.276182 128.723818 -60.000000
      vertex 109.239714 122.760286 -48.000000
      vertex 111.000000 120.941064 -48.000000
    endloop
  endfacet
  facet normal 0.987456 0.120995 -0.101445
    outer loop
      vertex 107.276182 128.723818 -60.000000
      vertex 107.000000 130.977776 -60.000000
      vertex 109.239714 122.760286 -48.000000
    endloop
  endfacet
  facet normal 0.876222 0.457948 0.150058
    outer loop
      vertex 107.000000 130.977776 -60.000000
      vertex 108.144861 124.855139 -48.000000
      vertex 109.239714 122.760286 -48.000000
    endloop
  endfacet
  facet normal 0.995480 0.000000 -0.094974
    outer loop
      vertex 107.000000 130.977776 -60.000000
      vertex 107.000000 133.346131 -60.000000
      vertex 108.144861 124.855139 -48.000000
    endloop
  endfacet
  facet normal 0.861157 0.450075 0.236306
    outer loop
      vertex 107.000000 133.346131 -60.000000
      vertex 107.050009 126.949991 -48.000000
      vertex 108.144861 124.855139 -48.000000
    endloop
  endfacet
  facet normal 0.999991 0.000000 -0.004167
    outer loop
      vertex 107.000000 133.346131 -60.000000
      vertex 107.000000 135.714487 -60.000000
      vertex 107.050009 126.949991 -48.000000
    endloop
  endfacet
  facet normal 0.999752 0.019780 0.010280
    outer loop
      vertex 107.000000 135.714487 -60.000000
      vertex 107.000000 129.477633 -48.000000
      vertex 107.050009 126.949991 -48.000000
    endloop
  endfacet
  facet normal 1.000000 0.000000 -0.000000
    outer loop
      vertex 107.000000 135.714487 -60.000000
      vertex 107.000000 138.082843 -60.000000
      vertex 107.000000 129.477633 -48.000000
    endloop
  endfacet
  facet normal 0.929387 0.299955 0.215098
    outer loop
      vertex 107.000000 138.082843 -60.000000
      vertex 106.274517 131.725483 -48.000000
      vertex 107.000000 129.477633 -48.000000
    endloop
  endfacet
  facet normal 0.989864 -0.141227 -0.014975
    outer loop
      vertex 107.000000 138.082843 -60.000000
      vertex 107.319045 140.319045 -60.000000
      vertex 106.274517 131.725483 -48.000000
    endloop
  endfacet
  facet normal 0.988743 0.066787 0.133893
    outer loop
      vertex 107.319045 140.319045 -60.000000
      vertex 106.113229 134.113229 -48.000000
      vertex 106.274517 131.725483 -48.000000
    endloop
  endfacet
  facet normal 0.888936 -0.437143 -0.136745
    outer loop
      vertex 107.319045 140.319045 -60.000000
      vertex 108.286619 142.286619 -60.000000
      vertex 106.113229 134.113229 -48.000000
    endloop
  endfacet
  facet normal 0.922732 -0.375165 -0.088410
    outer loop
      vertex 108.286619 142.286619 -60.000000
      vertex 107.000000 136.294273 -48.000000
      vertex 106.113229 134.113229 -48.000000
    endloop
  endfacet
  facet normal 0.681396 -0.681396 -0.267205
    outer loop
      vertex 108.286619 142.286619 -60.000000
      vertex 109.961299 143.961299 -60.000000
      vertex 107.000000 136.294273 -48.000000
    endloop
  endfacet
  facet normal 0.830779 -0.538891 -0.139293
    outer loop
      vertex 109.961299 143.961299 -60.000000
      vertex 108.302935 138.302935 -48.000000
      vertex 107.000000 136.294273 -48.000000
    endloop
  endfacet
  facet normal 0.688247 -0.688247 -0.229416
    outer loop
      vertex 109.961299 143.961299 -60.000000
      vertex 111.635980 145.635980 -60.000000
      vertex 108.302935 138.302935 -48.000000
    endloop
  endfacet
  facet normal 0.720475 -0.662560 -0.204767
    outer loop
      vertex 111.635980 145.635980 -60.000000
      vertex 110.000000 140.148343 -48.000000
      vertex 108.302935 138.302935 -48.000000
    endloop
  endfacet
  facet normal 0.689569 -0.689569 -0.221332
    outer loop
      vertex 111.635980 145.635980 -60.000000
      vertex 113.310660 147.310660 -60.000000
      vertex 110.000000 140.148343 -48.000000
    endloop
  endfacet
  facet normal 0.861494 -0.503838 -0.063044
    outer loop
      vertex 113.310660 147.310660 -60.000000
      vertex 111.199747 142.199747 -48.000000
      vertex 110.000000 140.148343 -48.000000
    endloop
  endfacet
  facet normal 0.696311 -0.696311 -0.174078
    outer loop
      vertex 113.310660 147.310660 -60.000000
      vertex 114.985341 148.985341 -60.000000
      vertex 111.199747 142.199747 -48.000000
    endloop
  endfacet
  facet normal 0.696311 -0.696311 -0.174078
    outer loop
      vertex 114.985341 148.985341 -60.000000
      vertex 113.001707 144.001707 -48.000000
      vertex 111.199747 142.199747 -48.000000
    endloop
  endfacet
  facet normal 0.696311 -0.696311 -0.174078
    outer loop
      vertex 114.985341 148.985341 -60.000000
      vertex 116.660021 150.660021 -60.000000
      vertex 113.001707 144.001707 -48.000000
    endloop
  endfacet
  facet normal 0.696311 -0.696311 -0.174078
    outer loop
      vertex 116.660021 150.660021 -60.000000
      vertex 114.803667 145.803667 -48.000000
      vertex 113.001707 144.001707 -48.000000
    endloop
  endfacet
  facet normal 0.896657 -0.440940 -0.039737
    outer loop
      vertex 116.660021 150.660021 -60.000000
      vertex 117.627595 152.627595 -60.000000
      vertex 114.803667 145.803667 -48.000000
    endloop
  endfacet
  facet normal 0.861027 -0.501786 -0.082723
    outer loop
      vertex 117.627595 152.627595 -60.000000
      vertex 116.000000 147.856485 -48.000000
      vertex 114.803667 145.803667 -48.000000
    endloop
  endfacet
  facet normal 0.695279 -0.695279 -0.182135
    outer loop
      vertex 117.627595 152.627595 -60.000000
      vertex 119.302275 154.302275 -60.000000
      vertex 116.000000 147.856485 -48.000000
    endloop
  endfacet
  facet normal 0.725692 -0.669213 -0.159764
    outer loop
      vertex 119.302275 154.302275 -60.000000
      vertex 117.700479 149.700479 -48.000000
      vertex 116.000000 147.856485 -48.000000
    endloop
  endfacet
  facet normal 0.696311 -0.696311 -0.174078
    outer loop
      vertex 119.302275 154.302275 -60.000000
      vertex 120.976955 155.976955 -60.000000
      vertex 117.700479 149.700479 -48.000000
    endloop
  endfacet
  facet normal 0.886257 -0.463193 -0.000285
    outer loop
      vertex 120.976955 155.976955 -60.000000
      vertex 118.795332 151.795332 -48.000000
      vertex 117.700479 149.700479 -48.000000
    endloop
  endfacet
  facet normal 0.884998 -0.465594 -0.001351
    outer loop
      vertex 120.976955 155.976955 -60.000000
      vertex 122.000000 157.921552 -60.000000
      vertex 118.795332 151.795332 -48.000000
    endloop
  endfacet
  facet normal 0.696856 -0.696856 -0.169658
    outer loop
      vertex 122.000000 157.921552 -60.000000
      vertex 120.597291 153.597291 -48.000000
      vertex 118.795332 151.795332 -48.000000
    endloop
  endfacet
  facet normal 0.714075 -0.681077 -0.161960
    outer loop
      vertex 122.000000 157.921552 -60.000000
      vertex 123.619209 159.619209 -60.000000
      vertex 120.597291 153.597291 -48.000000
    endloop
  endfacet
  facet normal 0.696311 -0.696311 -0.174078
    outer loop
      vertex 123.619209 159.619209 -60.000000
      vertex 122.399251 155.399251 -48.000000
      vertex 120.597291 153.597291 -48.000000
    endloop
  endfacet
  facet normal 0.595572 -0.774841 -0.211935
    outer loop
      vertex 123.619209 159.619209 -60.000000
      vertex 125.415623 161.000000 -60.000000
      vertex 122.399251 155.399251 -48.000000
    endloop
  endfacet
  facet normal 0.886238 -0.463183 0.006588
    outer loop
      vertex 125.415623 161.000000 -60.000000
      vertex 123.494104 157.494104 -48.000000
      vertex 122.399251 155.399251 -48.000000
    endloop
  endfacet
  facet normal 0.557920 -0.816378 -0.149174
    outer loop
      vertex 125.415623 161.000000 -60.000000
      vertex 127.261463 162.261463 -60.000000
      vertex 123.494104 157.494104 -48.000000
    endloop
  endfacet
  facet normal 0.705882 -0.705882 -0.058824
    outer loop
      vertex 127.261463 162.261463 -60.000000
      vertex 125.296063 159.296063 -48.000000
      vertex 123.494104 157.494104 -48.000000
    endloop
  endfacet
  facet normal 0.436439 -0.887505 -0.147836
    outer loop
      vertex 127.261463 162.261463 -60.000000
      vertex 129.229037 163.229037 -60.000000
      vertex 125.296063 159.296063 -48.000000
    endloop
  endfacet
  facet normal 0.707107 -0.707107 0.000000
    outer loop
      vertex 129.229037 163.229037 -60.000000
      vertex 127.098023 161.098023 -48.000000
      vertex 125.296063 159.296063 -48.000000
    endloop
  endfacet
  facet normal 0.350281 -0.930951 -0.103118
    outer loop
      vertex 129.229037 163.229037 -60.000000
      vertex 131.278049 164.000000 -60.000000
      vertex 127.098023 161.098023 -48.000000
    endloop
  endfacet
  facet normal 0.705110 -0.705110 0.075097
    outer loop
      vertex 131.278049 164.000000 -60.000000
      vertex 128.899983 162.899983 -48.000000
      vertex 127.098023 161.098023 -48.000000
    endloop
  endfacet
  facet normal 0.455533 -0.890177 0.008673
    outer loop
      vertex 131.278049 164.000000 -60.000000
      vertex 133.232191 165.000000 -60.000000
      vertex 128.899983 162.899983 -48.000000
    endloop
  endfacet
  facet normal 0.465239 -0.885088 0.013068
    outer loop
      vertex 133.232191 165.000000 -60.000000
      vertex 130.992696 164.000000 -48.000000
      vertex 128.899983 162.899983 -48.000000
    endloop
  endfacet
  facet normal 0.455524 -0.890158 0.010832
    outer loop
      vertex 133.232191 165.000000 -60.000000
      vertex 135.186333 166.000000 -60.000000
      vertex 130.992696 164.000000 -48.000000
    endloop
  endfacet
  facet normal 0.699914 -0.702759 0.127472
    outer loop
      vertex 135.186333 166.000000 -60.000000
      vertex 132.796795 165.796795 -48.000000
      vertex 130.992696 164.000000 -48.000000
    endloop
  endfacet
  facet normal 0.454253 -0.887674 0.075423
    outer loop
      vertex 135.186333 166.000000 -60.000000
      vertex 137.140475 167.000000 -60.000000
      vertex 132.796795 165.796795 -48.000000
    endloop
  endfacet
  facet normal 0.461762 -0.883518 0.078558
    outer loop
      vertex 137.140475 167.000000 -60.000000
      vertex 134.891648 166.891648 -48.000000
      vertex 132.796795 165.796795 -48.000000
    endloop
  endfacet
  facet normal 0.000000 -0.999959 -0.009029
    outer loop
      vertex 137.140475 167.000000 -60.000000
      vertex 139.508831 167.000000 -60.000000
      vertex 134.891648 166.891648 -48.000000
    endloop
  endfacet
  facet normal 0.456625 -0.873690 0.167805
    outer loop
      vertex 139.508831 167.000000 -60.000000
      vertex 136.986501 167.986501 -48.000000
      vertex 134.891648 166.891648 -48.000000
    endloop
  endfacet
  facet normal 0.000000 -0.996638 0.081932
    outer loop
      vertex 139.508831 167.000000 -60.000000
      vertex 141.877187 167.000000 -60.000000
      vertex 136.986501 167.986501 -48.000000
    endloop
  endfacet
  facet normal 0.417120 -0.876035 0.242018
    outer loop
      vertex 141.877187 167.000000 -60.000000
      vertex 139.115051 169.000000 -48.000000
      vertex 136.986501 167.986501 -48.000000
    endloop
  endfacet
  facet normal 0.000000 -0.986394 0.164399
    outer loop
      vertex 141.877187 167.000000 -60.000000
      vertex 144.245543 167.000000 -60.000000
      vertex 139.115051 169.000000 -48.000000
    endloop
  endfacet
  facet normal 0.000000 -0.986394 0.164399
    outer loop
      vertex 144.245543 167.000000 -60.000000
      vertex 141.663407 169.000000 -48.000000
      vertex 139.115051 169.000000 -48.000000
    endloop
  endfacet
  facet normal 0.000000 -0.986394 0.164399
    outer loop
      vertex 144.245543 167.000000 -60.000000
      vertex 146.613898 167.000000 -60.000000
      vertex 141.663407 169.000000 -48.000000
    endloop
  endfacet
  facet normal 0.000000 -0.986394 0.164399
    outer loop
      vertex 146.613898 167.000000 -60.000000
      vertex 144.211763 169.000000 -48.000000
      vertex 141.663407 169.000000 -48.000000
    endloop
  endfacet
  facet normal -0.315230 -0.944320 0.094285
    outer loop
      vertex 146.613898 167.000000 -60.000000
      vertex 148.694558 166.305442 -60.000000
      vertex 144.211763 169.000000 -48.000000
    endloop
  endfacet
  facet normal 0.000000 -0.975704 0.219091
    outer loop
      vertex 148.694558 166.305442 -60.000000
      vertex 146.760118 169.000000 -48.000000
      vertex 144.211763 169.000000 -48.000000
    endloop
  endfacet
  facet normal -0.132359 -0.971468 0.196803
    outer loop
      vertex 148.694558 166.305442 -60.000000
      vertex 150.936396 166.000000 -60.000000
      vertex 146.760118 169.000000 -48.000000
    endloop
  endfacet
  facet normal -0.391266 -0.915594 0.092729
    outer loop
      vertex 150.936396 166.000000 -60.000000
      vertex 148.925231 168.074769 -48.000000
      vertex 146.760118 169.000000 -48.000000
    endloop
  endfacet
  facet normal -0.093002 -0.983609 0.154477
    outer loop
      vertex 150.936396 166.000000 -60.000000
      vertex 153.215492 165.784508 -60.000000
      vertex 148.925231 168.074769 -48.000000
    endloop
  endfacet
  facet normal 0.383669 -0.872131 0.303621
    outer loop
      vertex 153.215492 165.784508 -60.000000
      vertex 151.028403 169.000000 -48.000000
      vertex 148.925231 168.074769 -48.000000
    endloop
  endfacet
  facet normal -0.352446 -0.918013 0.181753
    outer loop
      vertex 153.215492 165.784508 -60.000000
      vertex 155.258894 165.000000 -60.000000
      vertex 151.028403 169.000000 -48.000000
    endloop
  endfacet
  facet normal 0.000000 -0.948683 0.316228
    outer loop
      vertex 155.258894 165.000000 -60.000000
      vertex 153.576758 169.000000 -48.000000
      vertex 151.028403 169.000000 -48.000000
    endloop
  endfacet
  facet normal -0.443678 -0.867010 0.226810
    outer loop
      vertex 155.258894 165.000000 -60.000000
      vertex 157.213036 164.000000 -60.000000
      vertex 153.576758 169.000000 -48.000000
    endloop
  endfacet
  facet normal -0.411756 -0.878747 0.241373
    outer loop
      vertex 157.213036 164.000000 -60.000000
      vertex 155.710900 168.000000 -48.000000
      vertex 153.576758 169.000000 -48.000000
    endloop
  endfacet
  facet normal -0.493934 -0.841549 0.218687
    outer loop
      vertex 157.213036 164.000000 -60.000000
      vertex 159.118213 162.881787 -60.000000
      vertex 155.710900 168.000000 -48.000000
    endloop
  endfacet
  facet normal -0.363479 -0.889697 0.276265
    outer loop
      vertex 159.118213 162.881787 -60.000000
      vertex 157.890429 167.109571 -48.000000
      vertex 155.710900 168.000000 -48.000000
    endloop
  endfacet
  facet normal -0.696311 -0.696311 0.174078
    outer loop
      vertex 159.118213 162.881787 -60.000000
      vertex 160.792893 161.207107 -60.000000
      vertex 157.890429 167.109571 -48.000000
    endloop
  endfacet
  facet normal -0.146350 -0.901226 0.407890
    outer loop
      vertex 160.792893 161.207107 -60.000000
      vertex 160.278175 166.721825 -48.000000
      vertex 157.890429 167.109571 -48.000000
    endloop
  endfacet
  facet normal -0.821455 -0.530726 0.208665
    outer loop
      vertex 160.792893 161.207107 -60.000000
      vertex 162.000000 159.338751 -60.000000
      vertex 160.278175 166.721825 -48.000000
    endloop
  endfacet
  facet normal -0.670768 -0.670768 0.316449
    outer loop
      vertex 162.000000 159.338751 -60.000000
      vertex 162.080134 164.919866 -48.000000
      vertex 160.278175 166.721825 -48.000000
    endloop
  endfacet
  facet normal -0.745109 -0.602820 0.285343
    outer loop
      vertex 162.000000 159.338751 -60.000000
      vertex 163.435147 157.564853 -60.000000
      vertex 162.080134 164.919866 -48.000000
    endloop
  endfacet
  facet normal -0.415795 -0.795567 0.440667
    outer loop
      vertex 163.435147 157.564853 -60.000000
      vertex 164.174987 163.825013 -48.000000
      vertex 162.080134 164.919866 -48.000000
    endloop
  endfacet
  facet normal -0.862879 -0.424329 0.274563
    outer loop
      vertex 163.435147 157.564853 -60.000000
      vertex 164.402721 155.597279 -60.000000
      vertex 164.174987 163.825013 -48.000000
    endloop
  endfacet
  facet normal -0.397383 -0.760339 0.513781
    outer loop
      vertex 164.402721 155.597279 -60.000000
      vertex 166.269840 162.730160 -48.000000
      vertex 164.174987 163.825013 -48.000000
    endloop
  endfacet
  facet normal -0.832628 -0.409453 0.372933
    outer loop
      vertex 164.402721 155.597279 -60.000000
      vertex 165.370294 153.629706 -60.000000
      vertex 166.269840 162.730160 -48.000000
    endloop
  endfacet
  facet normal -0.609208 -0.609208 0.507673
    outer loop
      vertex 165.370294 153.629706 -60.000000
      vertex 168.071799 160.928201 -48.000000
      vertex 166.269840 162.730160 -48.000000
    endloop
  endfacet
  facet normal -0.812007 -0.399313 0.425669
    outer loop
      vertex 165.370294 153.629706 -60.000000
      vertex 166.337868 151.662132 -60.000000
      vertex 168.071799 160.928201 -48.000000
    endloop
  endfacet
  facet normal -0.593362 -0.593362 0.543915
    outer loop
      vertex 166.337868 151.662132 -60.000000
      vertex 169.873759 159.126241 -48.000000
      vertex 168.071799 160.928201 -48.000000
    endloop
  endfacet
  facet normal -0.598306 -0.589340 0.542870
    outer loop
      vertex 166.337868 151.662132 -60.000000
      vertex 167.987452 149.987452 -60.000000
      vertex 169.873759 159.126241 -48.000000
    endloop
  endfacet
  facet normal -0.795201 -0.415603 0.441509
    outer loop
      vertex 167.987452 149.987452 -60.000000
      vertex 170.968612 157.031388 -48.000000
      vertex 169.873759 159.126241 -48.000000
    endloop
  endfacet
  facet normal -0.974674 0.174731 0.139572
    outer loop
      vertex 167.987452 149.987452 -60.000000
      vertex 167.687229 148.312771 -60.000000
      vertex 170.968612 157.031388 -48.000000
    endloop
  endfacet
  facet normal -0.577350 -0.577350 0.577350
    outer loop
      vertex 167.687229 148.312771 -60.000000
      vertex 172.770571 155.229429 -48.000000
      vertex 170.968612 157.031388 -48.000000
    endloop
  endfacet
  facet normal -0.757716 -0.372614 0.535748
    outer loop
      vertex 167.687229 148.312771 -60.000000
      vertex 168.654802 146.345198 -60.000000
      vertex 172.770571 155.229429 -48.000000
    endloop
  endfacet
  facet normal -0.921095 -0.086138 0.379691
    outer loop
      vertex 168.654802 146.345198 -60.000000
      vertex 173.000000 152.776105 -48.000000
      vertex 172.770571 155.229429 -48.000000
    endloop
  endfacet
  facet normal -0.596930 -0.596930 0.536049
    outer loop
      vertex 168.654802 146.345198 -60.000000
      vertex 170.329483 144.670517 -60.000000
      vertex 173.000000 152.776105 -48.000000
    endloop
  endfacet
  facet normal -0.976121 0.000000 0.217229
    outer loop
      vertex 170.329483 144.670517 -60.000000
      vertex 173.000000 150.227750 -48.000000
      vertex 173.000000 152.776105 -48.000000
    endloop
  endfacet
  facet normal -0.635076 -0.637314 0.436474
    outer loop
      vertex 170.329483 144.670517 -60.000000
      vertex 172.005887 143.000000 -60.000000
      vertex 173.000000 150.227750 -48.000000
    endloop
  endfacet
  facet normal -0.859760 -0.402860 0.313872
    outer loop
      vertex 172.005887 143.000000 -60.000000
      vertex 174.000000 148.093607 -48.000000
      vertex 173.000000 150.227750 -48.000000
    endloop
  endfacet
  facet normal -0.403468 -0.816226 0.413508
    outer loop
      vertex 172.005887 143.000000 -60.000000
      vertex 173.971737 142.028263 -60.000000
      vertex 174.000000 148.093607 -48.000000
    endloop
  endfacet
  facet normal -0.684780 -0.649740 0.330021
    outer loop
      vertex 173.971737 142.028263 -60.000000
      vertex 175.735769 146.264231 -48.000000
      vertex 174.000000 148.093607 -48.000000
    endloop
  endfacet
  facet normal -0.847671 -0.448730 0.283010
    outer loop
      vertex 173.971737 142.028263 -60.000000
      vertex 175.000000 140.085828 -60.000000
      vertex 175.735769 146.264231 -48.000000
    endloop
  endfacet
  facet normal -0.806762 -0.503747 0.308828
    outer loop
      vertex 175.000000 140.085828 -60.000000
      vertex 177.000000 144.239537 -48.000000
      vertex 175.735769 146.264231 -48.000000
    endloop
  endfacet
  facet normal -0.682484 -0.648023 0.338056
    outer loop
      vertex 175.000000 140.085828 -60.000000
      vertex 176.613991 138.386009 -60.000000
      vertex 177.000000 144.239537 -48.000000
    endloop
  endfacet
  facet normal -0.881291 -0.412949 0.229783
    outer loop
      vertex 176.613991 138.386009 -60.000000
      vertex 178.000000 142.105395 -48.000000
      vertex 177.000000 144.239537 -48.000000
    endloop
  endfacet
  facet normal -0.677129 -0.677129 0.288084
    outer loop
      vertex 176.613991 138.386009 -60.000000
      vertex 178.288671 136.711329 -60.000000
      vertex 178.000000 142.105395 -48.000000
    endloop
  endfacet
  facet normal -0.892868 -0.418373 0.166582
    outer loop
      vertex 178.288671 136.711329 -60.000000
      vertex 179.000000 139.971253 -48.000000
      vertex 178.000000 142.105395 -48.000000
    endloop
  endfacet
  facet normal -0.936213 -0.321141 0.142738
    outer loop
      vertex 178.288671 136.711329 -60.000000
      vertex 179.000000 134.637615 -60.000000
      vertex 179.000000 139.971253 -48.000000
    endloop
  endfacet
  facet normal -0.889835 -0.416952 0.185323
    outer loop
      vertex 179.000000 134.637615 -60.000000
      vertex 180.000000 137.837110 -48.000000
      vertex 179.000000 139.971253 -48.000000
    endloop
  endfacet
  facet normal -0.962598 -0.230877 0.141774
    outer loop
      vertex 179.000000 134.637615 -60.000000
      vertex 179.516711 132.483289 -60.000000
      vertex 180.000000 137.837110 -48.000000
    endloop
  endfacet
  facet normal -0.832816 -0.492264 0.253165
    outer loop
      vertex 179.516711 132.483289 -60.000000
      vertex 181.210033 135.789967 -48.000000
      vertex 180.000000 137.837110 -48.000000
    endloop
  endfacet
  facet normal -0.734192 -0.620892 0.274693
    outer loop
      vertex 179.516711 132.483289 -60.000000
      vertex 181.000000 130.729331 -60.000000
      vertex 181.210033 135.789967 -48.000000
    endloop
  endfacet
  facet normal -0.867190 -0.453228 0.206313
    outer loop
      vertex 181.000000 130.729331 -60.000000
      vertex 182.304886 133.695114 -48.000000
      vertex 181.210033 135.789967 -48.000000
    endloop
  endfacet
  facet normal -0.832026 -0.510666 0.216685
    outer loop
      vertex 181.000000 130.729331 -60.000000
      vertex 182.158965 128.841035 -60.000000
      vertex 182.304886 133.695114 -48.000000
    endloop
  endfacet
  facet normal -0.869356 -0.454360 0.194363
    outer loop
      vertex 182.158965 128.841035 -60.000000
      vertex 183.399739 131.600261 -48.000000
      vertex 182.304886 133.695114 -48.000000
    endloop
  endfacet
  facet normal -0.688247 -0.688247 0.229416
    outer loop
      vertex 182.158965 128.841035 -60.000000
      vertex 183.833646 127.166354 -60.000000
      vertex 183.399739 131.600261 -48.000000
    endloop
  endfacet
  facet normal -0.965941 -0.252125 0.058231
    outer loop
      vertex 183.833646 127.166354 -60.000000
      vertex 184.000000 129.300542 -48.000000
      vertex 183.399739 131.600261 -48.000000
    endloop
  endfacet
  facet normal -0.997039 -0.072131 0.026650
    outer loop
      vertex 183.833646 127.166354 -60.000000
      vertex 184.000000 124.866905 -60.000000
      vertex 184.000000 129.300542 -48.000000
    endloop
  endfacet
  facet normal -1.000000 0.000000 0.000000
    outer loop
      vertex 184.000000 124.866905 -60.000000
      vertex 184.000000 126.752186 -48.000000
      vertex 184.000000 129.300542 -48.000000
    endloop
  endfacet
  facet normal -1.000000 0.000000 0.000000
    outer loop
      vertex 184.000000 124.866905 -60.000000
      vertex 184.000000 122.498549 -60.000000
      vertex 184.000000 126.752186 -48.000000
    endloop
  endfacet
  facet normal -0.968294 -0.235459 0.083463
    outer loop
      vertex 184.000000 122.498549 -60.000000
      vertex 184.562977 124.437023 -48.000000
      vertex 184.000000 126.752186 -48.000000
    endloop
  endfacet
  facet normal -0.998901 0.000000 0.046863
    outer loop
      vertex 184.000000 122.498549 -60.000000
      vertex 184.000000 120.130193 -60.000000
      vertex 184.562977 124.437023 -48.000000
    endloop
  endfacet
  facet normal -0.977350 -0.180424 0.110607
    outer loop
      vertex 184.000000 120.130193 -60.000000
      vertex 185.000000 122.069688 -48.000000
      vertex 184.562977 124.437023 -48.000000
    endloop
  endfacet
  facet normal -0.994801 0.072884 0.071120
    outer loop
      vertex 184.000000 120.130193 -60.000000
      vertex 183.831594 117.831594 -60.000000
      vertex 185.000000 122.069688 -48.000000
    endloop
  endfacet
  facet normal -0.980803 -0.133107 0.142508
    outer loop
      vertex 183.831594 117.831594 -60.000000
      vertex 185.247317 120.247317 -48.000000
      vertex 185.000000 122.069688 -48.000000
    endloop
  endfacet
  facet normal -0.705882 0.705882 -0.058824
    outer loop
      vertex 183.831594 117.831594 -60.000000
      vertex 182.156913 116.156913 -60.000000
      vertex 185.247317 120.247317 -48.000000
    endloop
  endfacet
  facet normal -0.882313 -0.326870 0.338644
    outer loop
      vertex 182.156913 116.156913 -60.000000
      vertex 186.000000 118.215618 -48.000000
      vertex 185.247317 120.247317 -48.000000
    endloop
  endfacet
  facet normal 0.185862 0.956780 -0.223668
    outer loop
      vertex 182.156913 116.156913 -60.000000
      vertex 180.482233 116.482233 -60.000000
      vertex 186.000000 118.215618 -48.000000
    endloop
  endfacet
  facet normal -0.908555 0.000000 0.417766
    outer loop
      vertex 180.482233 116.482233 -60.000000
      vertex 186.000000 115.667262 -48.000000
      vertex 186.000000 118.215618 -48.000000
    endloop
  endfacet
  facet normal 0.190651 0.981433 -0.021011
    outer loop
      vertex 180.482233 116.482233 -60.000000
      vertex 178.807553 116.807553 -60.000000
      vertex 186.000000 115.667262 -48.000000
    endloop
  endfacet
  facet normal -0.857731 0.000000 0.514099
    outer loop
      vertex 178.807553 116.807553 -60.000000
      vertex 186.000000 113.118906 -48.000000
      vertex 186.000000 115.667262 -48.000000
    endloop
  endfacet
  facet normal -0.329160 0.829004 0.452114
    outer loop
      vertex 178.807553 116.807553 -60.000000
      vertex 176.773696 116.000000 -60.000000
      vertex 186.000000 113.118906 -48.000000
    endloop
  endfacet
  facet normal -0.792767 0.000000 0.609525
    outer loop
      vertex 176.773696 116.000000 -60.000000
      vertex 186.000000 110.570550 -48.000000
      vertex 186.000000 113.118906 -48.000000
    endloop
  endfacet
  facet normal -0.363910 0.711131 0.601550
    outer loop
      vertex 176.773696 116.000000 -60.000000
      vertex 174.819554 115.000000 -60.000000
      vertex 186.000000 110.570550 -48.000000
    endloop
  endfacet
  facet normal -0.731650 0.000000 0.681681
    outer loop
      vertex 174.819554 115.000000 -60.000000
      vertex 186.000000 108.022195 -48.000000
      vertex 186.000000 110.570550 -48.000000
    endloop
  endfacet
  facet normal -0.356854 0.623901 0.695271
    outer loop
      vertex 174.819554 115.000000 -60.000000
      vertex 172.904832 113.904832 -60.000000
      vertex 186.000000 108.022195 -48.000000
    endloop
  endfacet
  facet normal -0.473636 0.467823 0.746198
    outer loop
      vertex 172.904832 113.904832 -60.000000
      vertex 184.213734 106.213734 -48.000000
      vertex 186.000000 108.022195 -48.000000
    endloop
  endfacet
  facet normal -0.313442 0.637389 0.703910
    outer loop
      vertex 172.904832 113.904832 -60.000000
      vertex 170.937258 112.937258 -60.000000
      vertex 184.213734 106.213734 -48.000000
    endloop
  endfacet
  facet normal -0.352545 0.594174 0.722958
    outer loop
      vertex 170.937258 112.937258 -60.000000
      vertex 182.168124 105.000000 -48.000000
      vertex 184.213734 106.213734 -48.000000
    endloop
  endfacet
  facet normal -0.468730 0.468730 0.748722
    outer loop
      vertex 170.937258 112.937258 -60.000000
      vertex 169.262578 111.262578 -60.000000
      vertex 182.168124 105.000000 -48.000000
    endloop
  endfacet
  facet normal 0.000000 0.886533 0.462665
    outer loop
      vertex 169.262578 111.262578 -60.000000
      vertex 179.619768 105.000000 -48.000000
      vertex 182.168124 105.000000 -48.000000
    endloop
  endfacet
  facet normal -0.415954 0.607957 0.676291
    outer loop
      vertex 169.262578 111.262578 -60.000000
      vertex 167.417199 110.000000 -60.000000
      vertex 179.619768 105.000000 -48.000000
    endloop
  endfacet
  facet normal 0.000000 0.923077 0.384615
    outer loop
      vertex 167.417199 110.000000 -60.000000
      vertex 177.071413 105.000000 -48.000000
      vertex 179.619768 105.000000 -48.000000
    endloop
  endfacet
  facet normal 0.601408 0.783267 -0.157482
    outer loop
      vertex 167.417199 110.000000 -60.000000
      vertex 165.620324 111.379676 -60.000000
      vertex 177.071413 105.000000 -48.000000
    endloop
  endfacet
  facet normal 0.000000 0.882973 0.469424
    outer loop
      vertex 165.620324 111.379676 -60.000000
      vertex 174.523057 105.000000 -48.000000
      vertex 177.071413 105.000000 -48.000000
    endloop
  endfacet
  facet normal 0.699419 0.699419 -0.147056
    outer loop
      vertex 165.620324 111.379676 -60.000000
      vertex 163.945644 113.054356 -60.000000
      vertex 174.523057 105.000000 -48.000000
    endloop
  endfacet
  facet normal 0.000000 0.830310 0.557301
    outer loop
      vertex 163.945644 113.054356 -60.000000
      vertex 171.974701 105.000000 -48.000000
      vertex 174.523057 105.000000 -48.000000
    endloop
  endfacet
  facet normal 0.421850 0.857838 0.293523
    outer loop
      vertex 163.945644 113.054356 -60.000000
      vertex 161.978070 114.021930 -60.000000
      vertex 171.974701 105.000000 -48.000000
    endloop
  endfacet
  facet normal 0.000000 0.799298 0.600934
    outer loop
      vertex 161.978070 114.021930 -60.000000
      vertex 169.426346 105.000000 -48.000000
      vertex 171.974701 105.000000 -48.000000
    endloop
  endfacet
  facet normal 0.414574 0.832151 0.368312
    outer loop
      vertex 161.978070 114.021930 -60.000000
      vertex 160.014844 115.000000 -60.000000
      vertex 169.426346 105.000000 -48.000000
    endloop
  endfacet
  facet normal -0.287216 0.612960 0.736062
    outer loop
      vertex 160.014844 115.000000 -60.000000
      vertex 167.292203 104.000000 -48.000000
      vertex 169.426346 105.000000 -48.000000
    endloop
  endfacet
  facet normal 0.400882 0.783380 0.474985
    outer loop
      vertex 160.014844 115.000000 -60.000000
      vertex 158.060702 116.000000 -60.000000
      vertex 167.292203 104.000000 -48.000000
    endloop
  endfacet
  facet normal -0.239588 0.588142 0.772455
    outer loop
      vertex 158.060702 116.000000 -60.000000
      vertex 165.111766 103.111766 -48.000000
      vertex 167.292203 104.000000 -48.000000
    endloop
  endfacet
  facet normal 0.000000 0.681437 0.731877
    outer loop
      vertex 158.060702 116.000000 -60.000000
      vertex 155.692346 116.000000 -60.000000
      vertex 165.111766 103.111766 -48.000000
    endloop
  endfacet
  facet normal -0.029899 0.669340 0.742354
    outer loop
      vertex 155.692346 116.000000 -60.000000
      vertex 162.609706 103.000000 -48.000000
      vertex 165.111766 103.111766 -48.000000
    endloop
  endfacet
  facet normal -0.138926 0.630778 0.763426
    outer loop
      vertex 155.692346 116.000000 -60.000000
      vertex 153.521989 115.521989 -60.000000
      vertex 162.609706 103.000000 -48.000000
    endloop
  endfacet
  facet normal 0.000000 0.691898 0.721995
    outer loop
      vertex 153.521989 115.521989 -60.000000
      vertex 160.061350 103.000000 -48.000000
      vertex 162.609706 103.000000 -48.000000
    endloop
  endfacet
  facet normal -0.433583 0.495100 0.752916
    outer loop
      vertex 153.521989 115.521989 -60.000000
      vertex 151.784062 114.000000 -60.000000
      vertex 160.061350 103.000000 -48.000000
    endloop
  endfacet
  facet normal -0.282208 0.602273 0.746743
    outer loop
      vertex 151.784062 114.000000 -60.000000
      vertex 157.927208 102.000000 -48.000000
      vertex 160.061350 103.000000 -48.000000
    endloop
  endfacet
  facet normal -0.125717 0.668579 0.732937
    outer loop
      vertex 151.784062 114.000000 -60.000000
      vertex 149.586842 113.586842 -60.000000
      vertex 157.927208 102.000000 -48.000000
    endloop
  endfacet
  facet normal 0.431223 0.780019 0.453450
    outer loop
      vertex 149.586842 113.586842 -60.000000
      vertex 155.853675 103.146325 -48.000000
      vertex 157.927208 102.000000 -48.000000
    endloop
  endfacet
  facet normal -0.503892 0.503892 0.701559
    outer loop
      vertex 149.586842 113.586842 -60.000000
      vertex 147.912162 111.912162 -60.000000
      vertex 155.853675 103.146325 -48.000000
    endloop
  endfacet
  facet normal 0.706274 0.706274 0.048517
    outer loop
      vertex 147.912162 111.912162 -60.000000
      vertex 154.051716 104.948284 -48.000000
      vertex 155.853675 103.146325 -48.000000
    endloop
  endfacet
  facet normal -0.729898 0.358934 0.581735
    outer loop
      vertex 147.912162 111.912162 -60.000000
      vertex 146.944588 109.944588 -60.000000
      vertex 154.051716 104.948284 -48.000000
    endloop
  endfacet
  facet normal -0.361988 0.764874 0.532853
    outer loop
      vertex 146.944588 109.944588 -60.000000
      vertex 151.956863 103.956863 -48.000000
      vertex 154.051716 104.948284 -48.000000
    endloop
  endfacet
  facet normal -0.771176 0.379233 0.511341
    outer loop
      vertex 146.944588 109.944588 -60.000000
      vertex 145.977014 107.977014 -60.000000
      vertex 151.956863 103.956863 -48.000000
    endloop
  endfacet
  facet normal -0.609208 0.609208 0.507673
    outer loop
      vertex 145.977014 107.977014 -60.000000
      vertex 150.154903 102.154903 -48.000000
      vertex 151.956863 103.956863 -48.000000
    endloop
  endfacet
  facet normal -0.609208 0.609208 0.507673
    outer loop
      vertex 145.977014 107.977014 -60.000000
      vertex 144.302334 106.302334 -60.000000
      vertex 150.154903 102.154903 -48.000000
    endloop
  endfacet
  facet normal -0.609208 0.609208 0.507673
    outer loop
      vertex 144.302334 106.302334 -60.000000
      vertex 148.352944 100.352944 -48.000000
      vertex 150.154903 102.154903 -48.000000
    endloop
  endfacet
  facet normal -0.379426 0.771568 0.510606
    outer loop
      vertex 144.302334 106.302334 -60.000000
      vertex 142.334760 105.334760 -60.000000
      vertex 148.352944 100.352944 -48.000000
    endloop
  endfacet
  facet normal -0.593362 0.593362 0.543915
    outer loop
      vertex 142.334760 105.334760 -60.000000
      vertex 146.550984 98.550984 -48.000000
      vertex 148.352944 100.352944 -48.000000
    endloop
  endfacet
  facet normal -0.126684 0.843785 0.521515
    outer loop
      vertex 142.334760 105.334760 -60.000000
      vertex 140.105067 105.000000 -60.000000
      vertex 146.550984 98.550984 -48.000000
    endloop
  endfacet
  facet normal -0.193992 0.816878 0.543210
    outer loop
      vertex 140.105067 105.000000 -60.000000
      vertex 144.230854 98.000000 -48.000000
      vertex 146.550984 98.550984 -48.000000
    endloop
  endfacet
  facet normal 0.000000 0.863779 0.503871
    outer loop
      vertex 140.105067 105.000000 -60.000000
      vertex 137.736711 105.000000 -60.000000
      vertex 144.230854 98.000000 -48.000000
    endloop
  endfacet
  facet normal 0.000000 0.863779 0.503871
    outer loop
      vertex 137.736711 105.000000 -60.000000
      vertex 141.682498 98.000000 -48.000000
      vertex 144.230854 98.000000 -48.000000
    endloop
  endfacet
  facet normal 0.000000 0.863779 0.503871
    outer loop
      vertex 137.736711 105.000000 -60.000000
      vertex 135.368356 105.000000 -60.000000
      vertex 141.682498 98.000000 -48.000000
    endloop
  endfacet
  facet normal -0.339201 0.723902 0.600756
    outer loop
      vertex 135.368356 105.000000 -60.000000
      vertex 139.548356 97.000000 -48.000000
      vertex 141.682498 98.000000 -48.000000
    endloop
  endfacet
  facet normal 0.000000 0.832050 0.554700
    outer loop
      vertex 135.368356 105.000000 -60.000000
      vertex 133.000000 105.000000 -60.000000
      vertex 139.548356 97.000000 -48.000000
    endloop
  endfacet
  facet normal 0.000000 0.832050 0.554700
    outer loop
      vertex 133.000000 105.000000 -60.000000
      vertex 137.000000 97.000000 -48.000000
      vertex 139.548356 97.000000 -48.000000
    endloop
  endfacet
  facet normal 0.461819 0.883628 0.076970
    outer loop
      vertex 137.000000 97.000000 -48.000000
      vertex 134.905147 98.094853 -48.000000
      vertex 135.000000 97.000000 -36.000000
    endloop
  endfacet
  facet normal 0.384762 0.919468 0.080849
    outer loop
      vertex 134.905147 98.094853 -48.000000
      vertex 132.610294 98.000000 -36.000000
      vertex 135.000000 97.000000 -36.000000
    endloop
  endfacet
  facet normal 0.461092 0.882236 0.095152
    outer loop
      vertex 134.905147 98.094853 -48.000000
      vertex 132.810294 99.189706 -48.000000
      vertex 132.610294 98.000000 -36.000000
    endloop
  endfacet
  facet normal 0.384189 0.918100 0.097426
    outer loop
      vertex 132.810294 99.189706 -48.000000
      vertex 130.220589 99.000000 -36.000000
      vertex 132.610294 98.000000 -36.000000
    endloop
  endfacet
  facet normal 0.460214 0.880557 0.113239
    outer loop
      vertex 132.810294 99.189706 -48.000000
      vertex 130.715442 100.284558 -48.000000
      vertex 130.220589 99.000000 -36.000000
    endloop
  endfacet
  facet normal 0.428777 0.896237 0.113621
    outer loop
      vertex 130.715442 100.284558 -48.000000
      vertex 127.880416 100.119584 -36.000000
      vertex 130.220589 99.000000 -36.000000
    endloop
  endfacet
  facet normal 0.672562 0.720533 0.168800
    outer loop
      vertex 130.715442 100.284558 -48.000000
      vertex 128.877645 102.000000 -48.000000
      vertex 127.880416 100.119584 -36.000000
    endloop
  endfacet
  facet normal 0.670680 0.722257 0.168914
    outer loop
      vertex 128.877645 102.000000 -48.000000
      vertex 125.855391 102.000000 -36.000000
      vertex 127.880416 100.119584 -36.000000
    endloop
  endfacet
  facet normal 0.197427 0.979056 0.049723
    outer loop
      vertex 128.877645 102.000000 -48.000000
      vertex 126.525736 102.474264 -48.000000
      vertex 125.855391 102.000000 -36.000000
    endloop
  endfacet
  facet normal 0.524036 0.849374 0.062843
    outer loop
      vertex 126.525736 102.474264 -48.000000
      vertex 123.622183 103.377817 -36.000000
      vertex 125.855391 102.000000 -36.000000
    endloop
  endfacet
  facet normal 0.702247 0.702247 0.117041
    outer loop
      vertex 126.525736 102.474264 -48.000000
      vertex 124.723776 104.276224 -48.000000
      vertex 123.622183 103.377817 -36.000000
    endloop
  endfacet
  facet normal 0.702247 0.702247 0.117041
    outer loop
      vertex 124.723776 104.276224 -48.000000
      vertex 121.639512 105.360488 -36.000000
      vertex 123.622183 103.377817 -36.000000
    endloop
  endfacet
  facet normal 0.462842 0.885585 0.038943
    outer loop
      vertex 124.723776 104.276224 -48.000000
      vertex 122.628924 105.371076 -48.000000
      vertex 121.639512 105.360488 -36.000000
    endloop
  endfacet
  facet normal 0.488555 0.871567 0.041051
    outer loop
      vertex 122.628924 105.371076 -48.000000
      vertex 119.363949 106.636051 -36.000000
      vertex 121.639512 105.360488 -36.000000
    endloop
  endfacet
  facet normal 0.702247 0.702247 0.117041
    outer loop
      vertex 122.628924 105.371076 -48.000000
      vertex 120.826964 107.173036 -48.000000
      vertex 119.363949 106.636051 -36.000000
    endloop
  endfacet
  facet normal 0.702247 0.702247 0.117041
    outer loop
      vertex 120.826964 107.173036 -48.000000
      vertex 117.381279 108.618721 -36.000000
      vertex 119.363949 106.636051 -36.000000
    endloop
  endfacet
  facet normal 0.702247 0.702247 0.117041
    outer loop
      vertex 120.826964 107.173036 -48.000000
      vertex 119.025004 108.974996 -48.000000
      vertex 117.381279 108.618721 -36.000000
    endloop
  endfacet
  facet normal 0.702247 0.702247 0.117041
    outer loop
      vertex 119.025004 108.974996 -48.000000
      vertex 115.398608 110.601392 -36.000000
      vertex 117.381279 108.618721 -36.000000
    endloop
  endfacet
  facet normal 0.702247 0.702247 0.117041
    outer loop
      vertex 119.025004 108.974996 -48.000000
      vertex 117.223045 110.776955 -48.000000
      vertex 115.398608 110.601392 -36.000000
    endloop
  endfacet
  facet normal 0.838809 0.527361 0.135245
    outer loop
      vertex 117.223045 110.776955 -48.000000
      vertex 114.000000 112.825988 -36.000000
      vertex 115.398608 110.601392 -36.000000
    endloop
  endfacet
  facet normal 0.705421 0.705421 0.069014
    outer loop
      vertex 117.223045 110.776955 -48.000000
      vertex 115.421085 112.578915 -48.000000
      vertex 114.000000 112.825988 -36.000000
    endloop
  endfacet
  facet normal 0.735989 0.673013 0.073302
    outer loop
      vertex 115.421085 112.578915 -48.000000
      vertex 112.140374 114.859626 -36.000000
      vertex 114.000000 112.825988 -36.000000
    endloop
  endfacet
  facet normal 0.875897 0.457778 0.152459
    outer loop
      vertex 115.421085 112.578915 -48.000000
      vertex 114.326232 114.673768 -48.000000
      vertex 112.140374 114.859626 -36.000000
    endloop
  endfacet
  facet normal 0.862483 0.483464 0.149618
    outer loop
      vertex 114.326232 114.673768 -48.000000
      vertex 110.864811 117.135189 -36.000000
      vertex 112.140374 114.859626 -36.000000
    endloop
  endfacet
  facet normal 0.875040 0.457330 0.158600
    outer loop
      vertex 114.326232 114.673768 -48.000000
      vertex 113.231380 116.768620 -48.000000
      vertex 110.864811 117.135189 -36.000000
    endloop
  endfacet
  facet normal 0.861734 0.483043 0.155190
    outer loop
      vertex 113.231380 116.768620 -48.000000
      vertex 109.589247 119.410753 -36.000000
      vertex 110.864811 117.135189 -36.000000
    endloop
  endfacet
  facet normal 0.846962 0.511667 0.144405
    outer loop
      vertex 113.231380 116.768620 -48.000000
      vertex 112.000000 118.806922 -48.000000
      vertex 109.589247 119.410753 -36.000000
    endloop
  endfacet
  facet normal 0.796719 0.590122 0.130363
    outer loop
      vertex 112.000000 118.806922 -48.000000
      vertex 108.000000 121.556384 -36.000000
      vertex 109.589247 119.410753 -36.000000
    endloop
  endfacet
  facet normal 0.887139 0.415689 0.200470
    outer loop
      vertex 112.000000 118.806922 -48.000000
      vertex 111.000000 120.941064 -48.000000
      vertex 108.000000 121.556384 -36.000000
    endloop
  endfacet
  facet normal 0.902646 0.377722 0.206293
    outer loop
      vertex 111.000000 120.941064 -48.000000
      vertex 107.000000 123.946089 -36.000000
      vertex 108.000000 121.556384 -36.000000
    endloop
  endfacet
  facet normal 0.717119 0.693887 0.065277
    outer loop
      vertex 111.000000 120.941064 -48.000000
      vertex 109.239714 122.760286 -48.000000
      vertex 107.000000 123.946089 -36.000000
    endloop
  endfacet
  facet normal 0.966831 0.198412 0.160846
    outer loop
      vertex 109.239714 122.760286 -48.000000
      vertex 106.469664 126.530336 -36.000000
      vertex 107.000000 123.946089 -36.000000
    endloop
  endfacet
  facet normal 0.884716 0.462387 0.058957
    outer loop
      vertex 109.239714 122.760286 -48.000000
      vertex 108.144861 124.855139 -48.000000
      vertex 106.469664 126.530336 -36.000000
    endloop
  endfacet
  facet normal 0.970920 0.214886 0.105542
    outer loop
      vertex 108.144861 124.855139 -48.000000
      vertex 105.901207 129.098793 -36.000000
      vertex 106.469664 126.530336 -36.000000
    endloop
  endfacet
  facet normal 0.886256 0.463192 0.001902
    outer loop
      vertex 108.144861 124.855139 -48.000000
      vertex 107.050009 126.949991 -48.000000
      vertex 105.901207 129.098793 -36.000000
    endloop
  endfacet
  facet normal 0.937272 0.347514 0.027500
    outer loop
      vertex 107.050009 126.949991 -48.000000
      vertex 105.000000 131.529420 -36.000000
      vertex 105.901207 129.098793 -36.000000
    endloop
  endfacet
  facet normal 0.986742 0.019522 0.161119
    outer loop
      vertex 107.050009 126.949991 -48.000000
      vertex 107.000000 129.477633 -48.000000
      vertex 105.000000 131.529420 -36.000000
    endloop
  endfacet
  facet normal 0.980322 -0.085382 0.177986
    outer loop
      vertex 107.000000 129.477633 -48.000000
      vertex 105.235706 134.235706 -36.000000
      vertex 105.000000 131.529420 -36.000000
    endloop
  endfacet
  facet normal 0.951506 0.307094 0.018130
    outer loop
      vertex 107.000000 129.477633 -48.000000
      vertex 106.274517 131.725483 -48.000000
      vertex 105.235706 134.235706 -36.000000
    endloop
  endfacet
  facet normal 0.746547 -0.635335 0.197529
    outer loop
      vertex 106.274517 131.725483 -48.000000
      vertex 107.000000 136.308831 -36.000000
      vertex 105.235706 134.235706 -36.000000
    endloop
  endfacet
  facet normal 0.994052 0.067146 -0.085744
    outer loop
      vertex 106.274517 131.725483 -48.000000
      vertex 106.113229 134.113229 -48.000000
      vertex 107.000000 136.308831 -36.000000
    endloop
  endfacet
  facet normal 0.922485 -0.386025 0.002460
    outer loop
      vertex 106.113229 134.113229 -48.000000
      vertex 108.000000 138.698537 -36.000000
      vertex 107.000000 136.308831 -36.000000
    endloop
  endfacet
  facet normal 0.926358 -0.376640 -0.001735
    outer loop
      vertex 106.113229 134.113229 -48.000000
      vertex 107.000000 136.294273 -48.000000
      vertex 108.000000 138.698537 -36.000000
    endloop
  endfacet
  facet normal 0.758583 -0.648159 0.066647
    outer loop
      vertex 107.000000 136.294273 -48.000000
      vertex 109.769504 140.769504 -36.000000
      vertex 108.000000 138.698537 -36.000000
    endloop
  endfacet
  facet normal 0.838921 -0.544173 0.009325
    outer loop
      vertex 107.000000 136.294273 -48.000000
      vertex 108.302935 138.302935 -48.000000
      vertex 109.769504 140.769504 -36.000000
    endloop
  endfacet
  facet normal 0.705882 -0.705882 0.058824
    outer loop
      vertex 108.302935 138.302935 -48.000000
      vertex 111.752174 142.752174 -36.000000
      vertex 109.769504 140.769504 -36.000000
    endloop
  endfacet
  facet normal 0.735502 -0.676378 0.039371
    outer loop
      vertex 108.302935 138.302935 -48.000000
      vertex 110.000000 140.148343 -48.000000
      vertex 111.752174 142.752174 -36.000000
    endloop
  endfacet
  facet normal 0.706218 -0.706218 0.050121
    outer loop
      vertex 110.000000 140.148343 -48.000000
      vertex 113.734844 144.734844 -36.000000
      vertex 111.752174 142.752174 -36.000000
    endloop
  endfacet
  facet normal 0.860748 -0.503402 -0.075492
    outer loop
      vertex 110.000000 140.148343 -48.000000
      vertex 111.199747 142.199747 -48.000000
      vertex 113.734844 144.734844 -36.000000
    endloop
  endfacet
  facet normal 0.707107 -0.707107 0.000000
    outer loop
      vertex 111.199747 142.199747 -48.000000
      vertex 115.717514 146.717514 -36.000000
      vertex 113.734844 144.734844 -36.000000
    endloop
  endfacet
  facet normal 0.707107 -0.707107 0.000000
    outer loop
      vertex 111.199747 142.199747 -48.000000
      vertex 113.001707 144.001707 -48.000000
      vertex 115.717514 146.717514 -36.000000
    endloop
  endfacet
  facet normal 0.962233 -0.212964 -0.169573
    outer loop
      vertex 113.001707 144.001707 -48.000000
      vertex 116.285971 149.285971 -36.000000
      vertex 115.717514 146.717514 -36.000000
    endloop
  endfacet
  facet normal 0.702247 -0.702247 0.117041
    outer loop
      vertex 113.001707 144.001707 -48.000000
      vertex 114.803667 145.803667 -48.000000
      vertex 116.285971 149.285971 -36.000000
    endloop
  endfacet
  facet normal 0.770818 -0.630964 0.087885
    outer loop
      vertex 114.803667 145.803667 -48.000000
      vertex 118.000000 151.379916 -36.000000
      vertex 116.285971 149.285971 -36.000000
    endloop
  endfacet
  facet normal 0.863982 -0.503508 0.003843
    outer loop
      vertex 114.803667 145.803667 -48.000000
      vertex 116.000000 147.856485 -48.000000
      vertex 118.000000 151.379916 -36.000000
    endloop
  endfacet
  facet normal 0.813544 -0.580458 0.034843
    outer loop
      vertex 116.000000 147.856485 -48.000000
      vertex 119.544205 153.544205 -36.000000
      vertex 118.000000 151.379916 -36.000000
    endloop
  endfacet
  facet normal 0.731177 -0.674270 0.103635
    outer loop
      vertex 116.000000 147.856485 -48.000000
      vertex 117.700479 149.700479 -48.000000
      vertex 119.544205 153.544205 -36.000000
    endloop
  endfacet
  facet normal 0.833071 -0.551036 0.048506
    outer loop
      vertex 117.700479 149.700479 -48.000000
      vertex 121.000000 155.745114 -36.000000
      vertex 119.544205 153.544205 -36.000000
    endloop
  endfacet
  facet normal 0.886210 -0.463168 -0.010365
    outer loop
      vertex 117.700479 149.700479 -48.000000
      vertex 118.795332 151.795332 -48.000000
      vertex 121.000000 155.745114 -36.000000
    endloop
  endfacet
  facet normal 0.749844 -0.656945 0.078469
    outer loop
      vertex 118.795332 151.795332 -48.000000
      vertex 122.802439 157.802439 -36.000000
      vertex 121.000000 155.745114 -36.000000
    endloop
  endfacet
  facet normal 0.702247 -0.702247 0.117041
    outer loop
      vertex 118.795332 151.795332 -48.000000
      vertex 120.597291 153.597291 -48.000000
      vertex 122.802439 157.802439 -36.000000
    endloop
  endfacet
  facet normal 0.702247 -0.702247 0.117041
    outer loop
      vertex 120.597291 153.597291 -48.000000
      vertex 124.785109 159.785109 -36.000000
      vertex 122.802439 157.802439 -36.000000
    endloop
  endfacet
  facet normal 0.702247 -0.702247 0.117041
    outer loop
      vertex 120.597291 153.597291 -48.000000
      vertex 122.399251 155.399251 -48.000000
      vertex 124.785109 159.785109 -36.000000
    endloop
  endfacet
  facet normal 0.702247 -0.702247 0.117041
    outer loop
      vertex 122.399251 155.399251 -48.000000
      vertex 126.767779 161.767779 -36.000000
      vertex 124.785109 159.785109 -36.000000
    endloop
  endfacet
  facet normal 0.883654 -0.461833 -0.076590
    outer loop
      vertex 122.399251 155.399251 -48.000000
      vertex 123.494104 157.494104 -48.000000
      vertex 126.767779 161.767779 -36.000000
    endloop
  endfacet
  facet normal 0.870530 -0.487974 -0.063699
    outer loop
      vertex 123.494104 157.494104 -48.000000
      vertex 128.043343 164.043343 -36.000000
      vertex 126.767779 161.767779 -36.000000
    endloop
  endfacet
  facet normal 0.702247 -0.702247 0.117041
    outer loop
      vertex 123.494104 157.494104 -48.000000
      vertex 125.296063 159.296063 -48.000000
      vertex 128.043343 164.043343 -36.000000
    endloop
  endfacet
  facet normal 0.702247 -0.702247 0.117041
    outer loop
      vertex 125.296063 159.296063 -48.000000
      vertex 130.026013 166.026013 -36.000000
      vertex 128.043343 164.043343 -36.000000
    endloop
  endfacet
  facet normal 0.702247 -0.702247 0.117041
    outer loop
      vertex 125.296063 159.296063 -48.000000
      vertex 127.098023 161.098023 -48.000000
      vertex 130.026013 166.026013 -36.000000
    endloop
  endfacet
  facet normal 0.702247 -0.702247 0.117041
    outer loop
      vertex 127.098023 161.098023 -48.000000
      vertex 132.008683 168.008683 -36.000000
      vertex 130.026013 166.026013 -36.000000
    endloop
  endfacet
  facet normal 0.702247 -0.702247 0.117041
    outer loop
      vertex 127.098023 161.098023 -48.000000
      vertex 128.899983 162.899983 -48.000000
      vertex 132.008683 168.008683 -36.000000
    endloop
  endfacet
  facet normal 0.702247 -0.702247 0.117041
    outer loop
      vertex 128.899983 162.899983 -48.000000
      vertex 133.991354 169.991354 -36.000000
      vertex 132.008683 168.008683 -36.000000
    endloop
  endfacet
  facet normal 0.442408 -0.841654 0.309668
    outer loop
      vertex 128.899983 162.899983 -48.000000
      vertex 130.992696 164.000000 -48.000000
      vertex 133.991354 169.991354 -36.000000
    endloop
  endfacet
  facet normal 0.366038 -0.865924 0.340870
    outer loop
      vertex 130.992696 164.000000 -48.000000
      vertex 136.377478 171.000000 -36.000000
      vertex 133.991354 169.991354 -36.000000
    endloop
  endfacet
  facet normal 0.702398 -0.705253 0.096209
    outer loop
      vertex 130.992696 164.000000 -48.000000
      vertex 132.796795 165.796795 -48.000000
      vertex 136.377478 171.000000 -36.000000
    endloop
  endfacet
  facet normal 0.371262 -0.887207 0.273912
    outer loop
      vertex 132.796795 165.796795 -48.000000
      vertex 138.767183 172.000000 -36.000000
      vertex 136.377478 171.000000 -36.000000
    endloop
  endfacet
  facet normal 0.451635 -0.864142 0.222001
    outer loop
      vertex 132.796795 165.796795 -48.000000
      vertex 134.891648 166.891648 -48.000000
      vertex 138.767183 172.000000 -36.000000
    endloop
  endfacet
  facet normal 0.372865 -0.891037 0.258890
    outer loop
      vertex 134.891648 166.891648 -48.000000
      vertex 141.156889 173.000000 -36.000000
      vertex 138.767183 172.000000 -36.000000
    endloop
  endfacet
  facet normal 0.453370 -0.867461 0.204858
    outer loop
      vertex 134.891648 166.891648 -48.000000
      vertex 136.986501 167.986501 -48.000000
      vertex 141.156889 173.000000 -36.000000
    endloop
  endfacet
  facet normal 0.248190 -0.921497 0.298740
    outer loop
      vertex 136.986501 167.986501 -48.000000
      vertex 143.679394 173.679394 -36.000000
      vertex 141.156889 173.000000 -36.000000
    endloop
  endfacet
  facet normal 0.422456 -0.887241 0.185293
    outer loop
      vertex 136.986501 167.986501 -48.000000
      vertex 139.115051 169.000000 -48.000000
      vertex 143.679394 173.679394 -36.000000
    endloop
  endfacet
  facet normal 0.112765 -0.939497 0.323465
    outer loop
      vertex 139.115051 169.000000 -48.000000
      vertex 146.350514 174.000000 -36.000000
      vertex 143.679394 173.679394 -36.000000
    endloop
  endfacet
  facet normal 0.000000 -0.923077 0.384615
    outer loop
      vertex 139.115051 169.000000 -48.000000
      vertex 141.663407 169.000000 -48.000000
      vertex 146.350514 174.000000 -36.000000
    endloop
  endfacet
  facet normal 0.000000 -0.923077 0.384615
    outer loop
      vertex 141.663407 169.000000 -48.000000
      vertex 149.154433 174.000000 -36.000000
      vertex 146.350514 174.000000 -36.000000
    endloop
  endfacet
  facet normal 0.000000 -0.923077 0.384615
    outer loop
      vertex 141.663407 169.000000 -48.000000
      vertex 144.211763 169.000000 -48.000000
      vertex 149.154433 174.000000 -36.000000
    endloop
  endfacet
  facet normal 0.000000 -0.923077 0.384615
    outer loop
      vertex 144.211763 169.000000 -48.000000
      vertex 151.958352 174.000000 -36.000000
      vertex 149.154433 174.000000 -36.000000
    endloop
  endfacet
  facet normal 0.000000 -0.923077 0.384615
    outer loop
      vertex 144.211763 169.000000 -48.000000
      vertex 146.760118 169.000000 -48.000000
      vertex 151.958352 174.000000 -36.000000
    endloop
  endfacet
  facet normal 0.000000 -0.923077 0.384615
    outer loop
      vertex 146.760118 169.000000 -48.000000
      vertex 154.762271 174.000000 -36.000000
      vertex 151.958352 174.000000 -36.000000
    endloop
  endfacet
  facet normal -0.330198 -0.772689 0.542145
    outer loop
      vertex 146.760118 169.000000 -48.000000
      vertex 148.925231 168.074769 -48.000000
      vertex 154.762271 174.000000 -36.000000
    endloop
  endfacet
  facet normal 0.000000 -0.896651 0.442739
    outer loop
      vertex 148.925231 168.074769 -48.000000
      vertex 157.566190 174.000000 -36.000000
      vertex 154.762271 174.000000 -36.000000
    endloop
  endfacet
  facet normal 0.397496 -0.903561 0.159922
    outer loop
      vertex 148.925231 168.074769 -48.000000
      vertex 151.028403 169.000000 -48.000000
      vertex 157.566190 174.000000 -36.000000
    endloop
  endfacet
  facet normal -0.331790 -0.792881 0.511131
    outer loop
      vertex 151.028403 169.000000 -48.000000
      vertex 159.955896 173.000000 -36.000000
      vertex 157.566190 174.000000 -36.000000
    endloop
  endfacet
  facet normal 0.000000 -0.948683 0.316228
    outer loop
      vertex 151.028403 169.000000 -48.000000
      vertex 153.576758 169.000000 -48.000000
      vertex 159.955896 173.000000 -36.000000
    endloop
  endfacet
  facet normal -0.343509 -0.820884 0.456235
    outer loop
      vertex 153.576758 169.000000 -48.000000
      vertex 162.345602 172.000000 -36.000000
      vertex 159.955896 173.000000 -36.000000
    endloop
  endfacet
  facet normal -0.373902 -0.797959 0.472714
    outer loop
      vertex 153.576758 169.000000 -48.000000
      vertex 155.710900 168.000000 -48.000000
      vertex 162.345602 172.000000 -36.000000
    endloop
  endfacet
  facet normal -0.281033 -0.853032 0.439725
    outer loop
      vertex 155.710900 168.000000 -48.000000
      vertex 164.812834 171.187166 -36.000000
      vertex 162.345602 172.000000 -36.000000
    endloop
  endfacet
  facet normal -0.333787 -0.817021 0.470174
    outer loop
      vertex 155.710900 168.000000 -48.000000
      vertex 157.890429 167.109571 -48.000000
      vertex 164.812834 171.187166 -36.000000
    endloop
  endfacet
  facet normal -0.196584 -0.888226 0.415222
    outer loop
      vertex 157.890429 167.109571 -48.000000
      vertex 167.381291 170.618709 -36.000000
      vertex 164.812834 171.187166 -36.000000
    endloop
  endfacet
  facet normal -0.148026 -0.911544 0.383635
    outer loop
      vertex 157.890429 167.109571 -48.000000
      vertex 160.278175 166.721825 -48.000000
      vertex 167.381291 170.618709 -36.000000
    endloop
  endfacet
  facet normal -0.424309 -0.756954 0.496973
    outer loop
      vertex 160.278175 166.721825 -48.000000
      vertex 169.656854 169.343146 -36.000000
      vertex 167.381291 170.618709 -36.000000
    endloop
  endfacet
  facet normal -0.577350 -0.577350 0.577350
    outer loop
      vertex 160.278175 166.721825 -48.000000
      vertex 162.080134 164.919866 -48.000000
      vertex 169.656854 169.343146 -36.000000
    endloop
  endfacet
  facet normal -0.413661 -0.737958 0.533199
    outer loop
      vertex 162.080134 164.919866 -48.000000
      vertex 171.932418 168.067582 -36.000000
      vertex 169.656854 169.343146 -36.000000
    endloop
  endfacet
  facet normal -0.394943 -0.755670 0.522477
    outer loop
      vertex 162.080134 164.919866 -48.000000
      vertex 164.174987 163.825013 -48.000000
      vertex 171.932418 168.067582 -36.000000
    endloop
  endfacet
  facet normal -0.577350 -0.577350 0.577350
    outer loop
      vertex 164.174987 163.825013 -48.000000
      vertex 173.915088 166.084912 -36.000000
      vertex 171.932418 168.067582 -36.000000
    endloop
  endfacet
  facet normal -0.407077 -0.778887 0.477098
    outer loop
      vertex 164.174987 163.825013 -48.000000
      vertex 166.269840 162.730160 -48.000000
      vertex 173.915088 166.084912 -36.000000
    endloop
  endfacet
  facet normal -0.593362 -0.593362 0.543915
    outer loop
      vertex 166.269840 162.730160 -48.000000
      vertex 175.897758 164.102242 -36.000000
      vertex 173.915088 166.084912 -36.000000
    endloop
  endfacet
  facet normal -0.593362 -0.593362 0.543915
    outer loop
      vertex 166.269840 162.730160 -48.000000
      vertex 168.071799 160.928201 -48.000000
      vertex 175.897758 164.102242 -36.000000
    endloop
  endfacet
  facet normal -0.428511 -0.764450 0.481659
    outer loop
      vertex 168.071799 160.928201 -48.000000
      vertex 178.173322 162.826678 -36.000000
      vertex 175.897758 164.102242 -36.000000
    endloop
  endfacet
  facet normal -0.577350 -0.577350 0.577350
    outer loop
      vertex 168.071799 160.928201 -48.000000
      vertex 169.873759 159.126241 -48.000000
      vertex 178.173322 162.826678 -36.000000
    endloop
  endfacet
  facet normal -0.756984 -0.254228 0.601949
    outer loop
      vertex 169.873759 159.126241 -48.000000
      vertex 179.000000 160.365180 -36.000000
      vertex 178.173322 162.826678 -36.000000
    endloop
  endfacet
  facet normal -0.718601 -0.375569 0.585286
    outer loop
      vertex 169.873759 159.126241 -48.000000
      vertex 170.968612 157.031388 -48.000000
      vertex 179.000000 160.365180 -36.000000
    endloop
  endfacet
  facet normal -0.746980 -0.312583 0.586781
    outer loop
      vertex 170.968612 157.031388 -48.000000
      vertex 180.000000 157.975475 -36.000000
      vertex 179.000000 160.365180 -36.000000
    endloop
  endfacet
  facet normal -0.609593 -0.609593 0.506748
    outer loop
      vertex 170.968612 157.031388 -48.000000
      vertex 172.770571 155.229429 -48.000000
      vertex 180.000000 157.975475 -36.000000
    endloop
  endfacet
  facet normal -0.835702 0.349709 0.423444
    outer loop
      vertex 172.770571 155.229429 -48.000000
      vertex 179.000000 155.585769 -36.000000
      vertex 180.000000 157.975475 -36.000000
    endloop
  endfacet
  facet normal -0.883497 -0.082622 0.461093
    outer loop
      vertex 172.770571 155.229429 -48.000000
      vertex 173.000000 152.776105 -48.000000
      vertex 179.000000 155.585769 -36.000000
    endloop
  endfacet
  facet normal -0.894427 0.000000 0.447214
    outer loop
      vertex 173.000000 152.776105 -48.000000
      vertex 179.000000 152.781850 -36.000000
      vertex 179.000000 155.585769 -36.000000
    endloop
  endfacet
  facet normal -0.894427 0.000000 0.447214
    outer loop
      vertex 173.000000 152.776105 -48.000000
      vertex 173.000000 150.227750 -48.000000
      vertex 179.000000 152.781850 -36.000000
    endloop
  endfacet
  facet normal -0.810545 -0.339182 0.477465
    outer loop
      vertex 173.000000 150.227750 -48.000000
      vertex 180.000000 150.392144 -36.000000
      vertex 179.000000 152.781850 -36.000000
    endloop
  endfacet
  facet normal -0.798757 -0.374275 0.471069
    outer loop
      vertex 173.000000 150.227750 -48.000000
      vertex 174.000000 148.093607 -48.000000
      vertex 180.000000 150.392144 -36.000000
    endloop
  endfacet
  facet normal -0.813334 -0.340349 0.471859
    outer loop
      vertex 174.000000 148.093607 -48.000000
      vertex 181.000000 148.002439 -36.000000
      vertex 180.000000 150.392144 -36.000000
    endloop
  endfacet
  facet normal -0.669319 -0.635071 0.385611
    outer loop
      vertex 174.000000 148.093607 -48.000000
      vertex 175.735769 146.264231 -48.000000
      vertex 181.000000 148.002439 -36.000000
    endloop
  endfacet
  facet normal -0.654021 -0.653217 0.381529
    outer loop
      vertex 175.735769 146.264231 -48.000000
      vertex 182.980946 146.019054 -36.000000
      vertex 181.000000 148.002439 -36.000000
    endloop
  endfacet
  facet normal -0.758278 -0.473474 0.448148
    outer loop
      vertex 175.735769 146.264231 -48.000000
      vertex 177.000000 144.239537 -48.000000
      vertex 182.980946 146.019054 -36.000000
    endloop
  endfacet
  facet normal -0.816840 -0.349483 0.458949
    outer loop
      vertex 177.000000 144.239537 -48.000000
      vertex 184.000000 143.637241 -36.000000
      vertex 182.980946 146.019054 -36.000000
    endloop
  endfacet
  facet normal -0.807673 -0.378453 0.452148
    outer loop
      vertex 177.000000 144.239537 -48.000000
      vertex 178.000000 142.105395 -48.000000
      vertex 184.000000 143.637241 -36.000000
    endloop
  endfacet
  facet normal -0.891820 -0.038151 0.450780
    outer loop
      vertex 178.000000 142.105395 -48.000000
      vertex 184.117859 140.882141 -36.000000
      vertex 184.000000 143.637241 -36.000000
    endloop
  endfacet
  facet normal -0.835350 -0.391422 0.385979
    outer loop
      vertex 178.000000 142.105395 -48.000000
      vertex 179.000000 139.971253 -48.000000
      vertex 184.117859 140.882141 -36.000000
    endloop
  endfacet
  facet normal -0.666311 -0.666311 0.334752
    outer loop
      vertex 179.000000 139.971253 -48.000000
      vertex 186.100530 138.899470 -36.000000
      vertex 184.117859 140.882141 -36.000000
    endloop
  endfacet
  facet normal -0.810599 -0.379824 0.445716
    outer loop
      vertex 179.000000 139.971253 -48.000000
      vertex 180.000000 137.837110 -48.000000
      vertex 186.100530 138.899470 -36.000000
    endloop
  endfacet
  facet normal -0.676251 -0.619495 0.398635
    outer loop
      vertex 180.000000 137.837110 -48.000000
      vertex 187.916800 136.916800 -36.000000
      vertex 186.100530 138.899470 -36.000000
    endloop
  endfacet
  facet normal -0.760975 -0.449800 0.467544
    outer loop
      vertex 180.000000 137.837110 -48.000000
      vertex 181.210033 135.789967 -48.000000
      vertex 187.916800 136.916800 -36.000000
    endloop
  endfacet
  facet normal -0.840081 0.317712 0.439685
    outer loop
      vertex 181.210033 135.789967 -48.000000
      vertex 187.000000 134.492632 -36.000000
      vertex 187.916800 136.916800 -36.000000
    endloop
  endfacet
  facet normal -0.829134 -0.433338 0.353206
    outer loop
      vertex 181.210033 135.789967 -48.000000
      vertex 182.304886 133.695114 -48.000000
      vertex 187.000000 134.492632 -36.000000
    endloop
  endfacet
  facet normal -0.860430 -0.360057 0.360581
    outer loop
      vertex 182.304886 133.695114 -48.000000
      vertex 188.000000 132.102926 -36.000000
      vertex 187.000000 134.492632 -36.000000
    endloop
  endfacet
  facet normal -0.834093 -0.435930 0.338014
    outer loop
      vertex 182.304886 133.695114 -48.000000
      vertex 183.399739 131.600261 -48.000000
      vertex 188.000000 132.102926 -36.000000
    endloop
  endfacet
  facet normal -0.933739 0.000000 0.357954
    outer loop
      vertex 183.399739 131.600261 -48.000000
      vertex 188.000000 129.299007 -36.000000
      vertex 188.000000 132.102926 -36.000000
    endloop
  endfacet
  facet normal -0.920880 -0.240363 0.306929
    outer loop
      vertex 183.399739 131.600261 -48.000000
      vertex 184.000000 129.300542 -48.000000
      vertex 188.000000 129.299007 -36.000000
    endloop
  endfacet
  facet normal -0.881756 -0.368981 0.293871
    outer loop
      vertex 184.000000 129.300542 -48.000000
      vertex 189.000000 126.909302 -36.000000
      vertex 188.000000 129.299007 -36.000000
    endloop
  endfacet
  facet normal -0.923077 0.000000 0.384615
    outer loop
      vertex 184.000000 129.300542 -48.000000
      vertex 184.000000 126.752186 -48.000000
      vertex 189.000000 126.909302 -36.000000
    endloop
  endfacet
  facet normal -0.923077 0.000000 0.384615
    outer loop
      vertex 184.000000 126.752186 -48.000000
      vertex 189.000000 124.105382 -36.000000
      vertex 189.000000 126.909302 -36.000000
    endloop
  endfacet
  facet normal -0.916343 -0.222827 0.332661
    outer loop
      vertex 184.000000 126.752186 -48.000000
      vertex 184.562977 124.437023 -48.000000
      vertex 189.000000 124.105382 -36.000000
    endloop
  endfacet
  facet normal -0.937938 0.000000 0.346804
    outer loop
      vertex 184.562977 124.437023 -48.000000
      vertex 189.000000 121.301463 -36.000000
      vertex 189.000000 124.105382 -36.000000
    endloop
  endfacet
  facet normal -0.937635 -0.173093 0.301464
    outer loop
      vertex 184.562977 124.437023 -48.000000
      vertex 185.000000 122.069688 -48.000000
      vertex 189.000000 121.301463 -36.000000
    endloop
  endfacet
  facet normal -0.948683 0.000000 0.316228
    outer loop
      vertex 185.000000 122.069688 -48.000000
      vertex 189.000000 118.497544 -36.000000
      vertex 189.000000 121.301463 -36.000000
    endloop
  endfacet
  facet normal -0.951635 -0.129148 0.278767
    outer loop
      vertex 185.000000 122.069688 -48.000000
      vertex 185.247317 120.247317 -48.000000
      vertex 189.000000 118.497544 -36.000000
    endloop
  endfacet
  facet normal -0.954419 0.000000 0.298469
    outer loop
      vertex 185.247317 120.247317 -48.000000
      vertex 189.000000 115.693625 -36.000000
      vertex 189.000000 118.497544 -36.000000
    endloop
  endfacet
  facet normal -0.925736 -0.342957 0.159356
    outer loop
      vertex 185.247317 120.247317 -48.000000
      vertex 186.000000 118.215618 -48.000000
      vertex 189.000000 115.693625 -36.000000
    endloop
  endfacet
  facet normal -0.939073 -0.297437 0.172257
    outer loop
      vertex 186.000000 118.215618 -48.000000
      vertex 189.785097 113.214903 -36.000000
      vertex 189.000000 115.693625 -36.000000
    endloop
  endfacet
  facet normal -0.953683 0.000000 0.300815
    outer loop
      vertex 186.000000 118.215618 -48.000000
      vertex 186.000000 115.667262 -48.000000
      vertex 189.785097 113.214903 -36.000000
    endloop
  endfacet
  facet normal -0.876340 -0.444510 0.185578
    outer loop
      vertex 186.000000 115.667262 -48.000000
      vertex 190.939340 110.939340 -36.000000
      vertex 189.785097 113.214903 -36.000000
    endloop
  endfacet
  facet normal -0.924728 0.000000 0.380629
    outer loop
      vertex 186.000000 115.667262 -48.000000
      vertex 186.000000 113.118906 -48.000000
      vertex 190.939340 110.939340 -36.000000
    endloop
  endfacet
  facet normal -0.796107 0.446256 0.408741
    outer loop
      vertex 186.000000 113.118906 -48.000000
      vertex 189.663776 108.663776 -36.000000
      vertex 190.939340 110.939340 -36.000000
    endloop
  endfacet
  facet normal -0.956416 0.000000 0.292008
    outer loop
      vertex 186.000000 113.118906 -48.000000
      vertex 186.000000 110.570550 -48.000000
      vertex 189.663776 108.663776 -36.000000
    endloop
  endfacet
  facet normal -0.824855 0.462371 0.325310
    outer loop
      vertex 186.000000 110.570550 -48.000000
      vertex 188.388213 106.388213 -36.000000
      vertex 189.663776 108.663776 -36.000000
    endloop
  endfacet
  facet normal -0.980766 0.000000 0.195190
    outer loop
      vertex 186.000000 110.570550 -48.000000
      vertex 186.000000 108.022195 -48.000000
      vertex 188.388213 106.388213 -36.000000
    endloop
  endfacet
  facet normal -0.516236 0.828864 0.215603
    outer loop
      vertex 186.000000 108.022195 -48.000000
      vertex 186.159310 105.000000 -36.000000
      vertex 188.388213 106.388213 -36.000000
    endloop
  endfacet
  facet normal -0.699409 0.690825 0.183269
    outer loop
      vertex 186.000000 108.022195 -48.000000
      vertex 184.213734 106.213734 -48.000000
      vertex 186.159310 105.000000 -36.000000
    endloop
  endfacet
  facet normal -0.666435 0.723209 0.181199
    outer loop
      vertex 184.213734 106.213734 -48.000000
      vertex 184.129979 103.129979 -36.000000
      vertex 186.159310 105.000000 -36.000000
    endloop
  endfacet
  facet normal -0.498624 0.840373 0.212479
    outer loop
      vertex 184.213734 106.213734 -48.000000
      vertex 182.168124 105.000000 -48.000000
      vertex 184.129979 103.129979 -36.000000
    endloop
  endfacet
  facet normal -0.426051 0.880723 0.206902
    outer loop
      vertex 182.168124 105.000000 -48.000000
      vertex 181.794113 102.000000 -36.000000
      vertex 184.129979 103.129979 -36.000000
    endloop
  endfacet
  facet normal 0.000000 0.970143 0.242536
    outer loop
      vertex 182.168124 105.000000 -48.000000
      vertex 179.619768 105.000000 -48.000000
      vertex 181.794113 102.000000 -36.000000
    endloop
  endfacet
  facet normal 0.000000 0.970143 0.242536
    outer loop
      vertex 179.619768 105.000000 -48.000000
      vertex 178.990193 102.000000 -36.000000
      vertex 181.794113 102.000000 -36.000000
    endloop
  endfacet
  facet normal 0.000000 0.970143 0.242536
    outer loop
      vertex 179.619768 105.000000 -48.000000
      vertex 177.071413 105.000000 -48.000000
      vertex 178.990193 102.000000 -36.000000
    endloop
  endfacet
  facet normal 0.000000 0.970143 0.242536
    outer loop
      vertex 177.071413 105.000000 -48.000000
      vertex 176.186274 102.000000 -36.000000
      vertex 178.990193 102.000000 -36.000000
    endloop
  endfacet
  facet normal 0.000000 0.970143 0.242536
    outer loop
      vertex 177.071413 105.000000 -48.000000
      vertex 174.523057 105.000000 -48.000000
      vertex 176.186274 102.000000 -36.000000
    endloop
  endfacet
  facet normal 0.000000 0.970143 0.242536
    outer loop
      vertex 174.523057 105.000000 -48.000000
      vertex 173.382355 102.000000 -36.000000
      vertex 176.186274 102.000000 -36.000000
    endloop
  endfacet
  facet normal 0.000000 0.970143 0.242536
    outer loop
      vertex 174.523057 105.000000 -48.000000
      vertex 171.974701 105.000000 -48.000000
      vertex 173.382355 102.000000 -36.000000
    endloop
  endfacet
  facet normal 0.381561 0.906287 0.181813
    outer loop
      vertex 171.974701 105.000000 -48.000000
      vertex 170.994802 103.005198 -36.000000
      vertex 173.382355 102.000000 -36.000000
    endloop
  endfacet
  facet normal 0.000000 0.986463 0.163983
    outer loop
      vertex 171.974701 105.000000 -48.000000
      vertex 169.426346 105.000000 -48.000000
      vertex 170.994802 103.005198 -36.000000
    endloop
  endfacet
  facet normal 0.706884 0.706884 0.025115
    outer loop
      vertex 169.426346 105.000000 -48.000000
      vertex 169.012132 104.987868 -36.000000
      vertex 170.994802 103.005198 -36.000000
    endloop
  endfacet
  facet normal -0.424262 0.905435 -0.013729
    outer loop
      vertex 169.426346 105.000000 -48.000000
      vertex 167.292203 104.000000 -48.000000
      vertex 169.012132 104.987868 -36.000000
    endloop
  endfacet
  facet normal 0.698274 0.698274 -0.157565
    outer loop
      vertex 167.292203 104.000000 -48.000000
      vertex 167.029462 106.970538 -36.000000
      vertex 169.012132 104.987868 -36.000000
    endloop
  endfacet
  facet normal -0.367052 0.901040 -0.231084
    outer loop
      vertex 167.292203 104.000000 -48.000000
      vertex 165.111766 103.111766 -48.000000
      vertex 167.029462 106.970538 -36.000000
    endloop
  endfacet
  facet normal 0.460262 0.821093 -0.337588
    outer loop
      vertex 165.111766 103.111766 -48.000000
      vertex 164.753898 108.246102 -36.000000
      vertex 167.029462 106.970538 -36.000000
    endloop
  endfacet
  facet normal -0.041014 0.918165 -0.394070
    outer loop
      vertex 165.111766 103.111766 -48.000000
      vertex 162.609706 103.000000 -48.000000
      vertex 164.753898 108.246102 -36.000000
    endloop
  endfacet
  facet normal 0.262080 0.866178 -0.425500
    outer loop
      vertex 162.609706 103.000000 -48.000000
      vertex 162.262254 109.000000 -36.000000
      vertex 164.753898 108.246102 -36.000000
    endloop
  endfacet
  facet normal 0.000000 0.894427 -0.447214
    outer loop
      vertex 162.609706 103.000000 -48.000000
      vertex 160.061350 103.000000 -48.000000
      vertex 162.262254 109.000000 -36.000000
    endloop
  endfacet
  facet normal -0.636944 0.729888 -0.248123
    outer loop
      vertex 160.061350 103.000000 -48.000000
      vertex 160.202771 107.202771 -36.000000
      vertex 162.262254 109.000000 -36.000000
    endloop
  endfacet
  facet normal -0.405029 0.864390 -0.297963
    outer loop
      vertex 160.061350 103.000000 -48.000000
      vertex 157.927208 102.000000 -48.000000
      vertex 160.202771 107.202771 -36.000000
    endloop
  endfacet
  facet normal -0.696817 0.696817 -0.169977
    outer loop
      vertex 157.927208 102.000000 -48.000000
      vertex 158.220101 105.220101 -36.000000
      vertex 160.202771 107.202771 -36.000000
    endloop
  endfacet
  facet normal 0.469745 0.849700 -0.239476
    outer loop
      vertex 157.927208 102.000000 -48.000000
      vertex 155.853675 103.146325 -48.000000
      vertex 158.220101 105.220101 -36.000000
    endloop
  endfacet
  facet normal 0.008610 0.985071 -0.171933
    outer loop
      vertex 155.853675 103.146325 -48.000000
      vertex 156.237431 105.237431 -36.000000
      vertex 158.220101 105.220101 -36.000000
    endloop
  endfacet
  facet normal 0.699706 0.699706 -0.144306
    outer loop
      vertex 155.853675 103.146325 -48.000000
      vertex 154.051716 104.948284 -48.000000
      vertex 156.237431 105.237431 -36.000000
    endloop
  endfacet
  facet normal -0.702732 0.702732 0.111065
    outer loop
      vertex 154.051716 104.948284 -48.000000
      vertex 154.254760 103.254760 -36.000000
      vertex 156.237431 105.237431 -36.000000
    endloop
  endfacet
  facet normal -0.423943 0.895782 0.133592
    outer loop
      vertex 154.051716 104.948284 -48.000000
      vertex 151.956863 103.956863 -48.000000
      vertex 154.254760 103.254760 -36.000000
    endloop
  endfacet
  facet normal -0.856072 0.479870 0.192007
    outer loop
      vertex 151.956863 103.956863 -48.000000
      vertex 152.979197 100.979197 -36.000000
      vertex 154.254760 103.254760 -36.000000
    endloop
  endfacet
  facet normal -0.688247 0.688247 0.229416
    outer loop
      vertex 151.956863 103.956863 -48.000000
      vertex 150.154903 102.154903 -48.000000
      vertex 152.979197 100.979197 -36.000000
    endloop
  endfacet
  facet normal -0.479422 0.855272 0.196631
    outer loop
      vertex 150.154903 102.154903 -48.000000
      vertex 150.703633 99.703633 -36.000000
      vertex 152.979197 100.979197 -36.000000
    endloop
  endfacet
  facet normal -0.696311 0.696311 0.174078
    outer loop
      vertex 150.154903 102.154903 -48.000000
      vertex 148.352944 100.352944 -48.000000
      vertex 150.703633 99.703633 -36.000000
    endloop
  endfacet
  facet normal -0.621869 0.765914 0.163261
    outer loop
      vertex 148.352944 100.352944 -48.000000
      vertex 148.605382 98.000000 -36.000000
      vertex 150.703633 99.703633 -36.000000
    endloop
  endfacet
  facet normal -0.698918 0.698918 0.151746
    outer loop
      vertex 148.352944 100.352944 -48.000000
      vertex 146.550984 98.550984 -48.000000
      vertex 148.605382 98.000000 -36.000000
    endloop
  endfacet
  facet normal 0.000000 0.998948 0.045867
    outer loop
      vertex 146.550984 98.550984 -48.000000
      vertex 145.801463 98.000000 -36.000000
      vertex 148.605382 98.000000 -36.000000
    endloop
  endfacet
  facet normal -0.230948 0.972496 0.030227
    outer loop
      vertex 146.550984 98.550984 -48.000000
      vertex 144.230854 98.000000 -48.000000
      vertex 145.801463 98.000000 -36.000000
    endloop
  endfacet
  facet normal -0.385534 0.921313 0.050460
    outer loop
      vertex 144.230854 98.000000 -48.000000
      vertex 143.411758 97.000000 -36.000000
      vertex 145.801463 98.000000 -36.000000
    endloop
  endfacet
  facet normal 0.000000 0.996546 0.083045
    outer loop
      vertex 144.230854 98.000000 -48.000000
      vertex 141.682498 98.000000 -48.000000
      vertex 143.411758 97.000000 -36.000000
    endloop
  endfacet
  facet normal 0.000000 0.996546 0.083045
    outer loop
      vertex 141.682498 98.000000 -48.000000
      vertex 140.607838 97.000000 -36.000000
      vertex 143.411758 97.000000 -36.000000
    endloop
  endfacet
  facet normal -0.424005 0.904886 0.037435
    outer loop
      vertex 141.682498 98.000000 -48.000000
      vertex 139.548356 97.000000 -48.000000
      vertex 140.607838 97.000000 -36.000000
    endloop
  endfacet
  facet normal 0.000000 1.000000 -0.000000
    outer loop
      vertex 139.548356 97.000000 -48.000000
      vertex 137.803919 97.000000 -36.000000
      vertex 140.607838 97.000000 -36.000000
    endloop
  endfacet
  facet normal 0.000000 1.000000 0.000000
    outer loop
      vertex 139.548356 97.000000 -48.000000
      vertex 137.000000 97.000000 -48.000000
      vertex 137.803919 97.000000 -36.000000
    endloop
  endfacet
  facet normal 0.000000 1.000000 -0.000000
    outer loop
      vertex 137.000000 97.000000 -48.000000
      vertex 135.000000 97.000000 -36.000000
      vertex 137.803919 97.000000 -36.000000
    endloop
  endfacet
  facet normal 0.382600 0.914302 0.132925
    outer loop
      vertex 135.000000 97.000000 -36.000000
      vertex 132.610294 98.000000 -36.000000
      vertex 138.000000 94.000000 -24.000000
    endloop
  endfacet
  facet normal 0.355209 0.922977 0.148120
    outer loop
      vertex 132.610294 98.000000 -36.000000
      vertex 135.401594 95.000000 -24.000000
      vertex 138.000000 94.000000 -24.000000
    endloop
  endfacet
  facet normal 0.382254 0.913474 0.139453
    outer loop
      vertex 132.610294 98.000000 -36.000000
      vertex 130.220589 99.000000 -36.000000
      vertex 135.401594 95.000000 -24.000000
    endloop
  endfacet
  facet normal 0.145723 0.955722 0.255658
    outer loop
      vertex 130.220589 99.000000 -36.000000
      vertex 132.567939 95.432061 -24.000000
      vertex 135.401594 95.000000 -24.000000
    endloop
  endfacet
  facet normal 0.424462 0.887218 0.180765
    outer loop
      vertex 130.220589 99.000000 -36.000000
      vertex 127.880416 100.119584 -36.000000
      vertex 132.567939 95.432061 -24.000000
    endloop
  endfacet
  facet normal 0.501605 0.854070 0.137682
    outer loop
      vertex 127.880416 100.119584 -36.000000
      vertex 130.144802 96.855198 -24.000000
      vertex 132.567939 95.432061 -24.000000
    endloop
  endfacet
  facet normal 0.678752 0.730950 0.070762
    outer loop
      vertex 127.880416 100.119584 -36.000000
      vertex 125.855391 102.000000 -36.000000
      vertex 130.144802 96.855198 -24.000000
    endloop
  endfacet
  facet normal 0.497649 0.847334 0.185395
    outer loop
      vertex 125.855391 102.000000 -36.000000
      vertex 127.721665 98.278335 -24.000000
      vertex 130.144802 96.855198 -24.000000
    endloop
  endfacet
  facet normal 0.516562 0.837260 0.179330
    outer loop
      vertex 125.855391 102.000000 -36.000000
      vertex 123.622183 103.377817 -36.000000
      vertex 127.721665 98.278335 -24.000000
    endloop
  endfacet
  facet normal 0.497213 0.846591 0.189905
    outer loop
      vertex 123.622183 103.377817 -36.000000
      vertex 125.298528 99.701472 -24.000000
      vertex 127.721665 98.278335 -24.000000
    endloop
  endfacet
  facet normal 0.702247 0.702247 0.117041
    outer loop
      vertex 123.622183 103.377817 -36.000000
      vertex 121.639512 105.360488 -36.000000
      vertex 125.298528 99.701472 -24.000000
    endloop
  endfacet
  facet normal 0.491050 0.836098 0.244561
    outer loop
      vertex 121.639512 105.360488 -36.000000
      vertex 122.875391 101.124609 -24.000000
      vertex 125.298528 99.701472 -24.000000
    endloop
  endfacet
  facet normal 0.473514 0.844734 0.249415
    outer loop
      vertex 121.639512 105.360488 -36.000000
      vertex 119.363949 106.636051 -36.000000
      vertex 122.875391 101.124609 -24.000000
    endloop
  endfacet
  facet normal 0.702247 0.702247 0.117041
    outer loop
      vertex 119.363949 106.636051 -36.000000
      vertex 120.745147 103.254853 -24.000000
      vertex 122.875391 101.124609 -24.000000
    endloop
  endfacet
  facet normal 0.702247 0.702247 0.117041
    outer loop
      vertex 119.363949 106.636051 -36.000000
      vertex 117.381279 108.618721 -36.000000
      vertex 120.745147 103.254853 -24.000000
    endloop
  endfacet
  facet normal 0.702247 0.702247 0.117041
    outer loop
      vertex 117.381279 108.618721 -36.000000
      vertex 118.614903 105.385097 -24.000000
      vertex 120.745147 103.254853 -24.000000
    endloop
  endfacet
  facet normal 0.702247 0.702247 0.117041
    outer loop
      vertex 117.381279 108.618721 -36.000000
      vertex 115.398608 110.601392 -36.000000
      vertex 118.614903 105.385097 -24.000000
    endloop
  endfacet
  facet normal 0.702247 0.702247 0.117041
    outer loop
      vertex 115.398608 110.601392 -36.000000
      vertex 116.484659 107.515341 -24.000000
      vertex 118.614903 105.385097 -24.000000
    endloop
  endfacet
  facet normal 0.845054 0.531287 0.060151
    outer loop
      vertex 115.398608 110.601392 -36.000000
      vertex 114.000000 112.825988 -36.000000
      vertex 116.484659 107.515341 -24.000000
    endloop
  endfacet
  facet normal 0.488082 0.831045 0.266722
    outer loop
      vertex 114.000000 112.825988 -36.000000
      vertex 114.061522 108.938478 -24.000000
      vertex 116.484659 107.515341 -24.000000
    endloop
  endfacet
  facet normal 0.721512 0.659775 0.210041
    outer loop
      vertex 114.000000 112.825988 -36.000000
      vertex 112.140374 114.859626 -36.000000
      vertex 114.061522 108.938478 -24.000000
    endloop
  endfacet
  facet normal 0.688247 0.688247 0.229416
    outer loop
      vertex 112.140374 114.859626 -36.000000
      vertex 111.931279 111.068721 -24.000000
      vertex 114.061522 108.938478 -24.000000
    endloop
  endfacet
  facet normal 0.860011 0.482078 0.167278
    outer loop
      vertex 112.140374 114.859626 -36.000000
      vertex 110.864811 117.135189 -36.000000
      vertex 111.931279 111.068721 -24.000000
    endloop
  endfacet
  facet normal 0.678280 0.678280 0.282617
    outer loop
      vertex 110.864811 117.135189 -36.000000
      vertex 109.801035 113.198965 -24.000000
      vertex 111.931279 111.068721 -24.000000
    endloop
  endfacet
  facet normal 0.848653 0.475711 0.231273
    outer loop
      vertex 110.864811 117.135189 -36.000000
      vertex 109.589247 119.410753 -36.000000
      vertex 109.801035 113.198965 -24.000000
    endloop
  endfacet
  facet normal 0.578746 0.728353 0.366817
    outer loop
      vertex 109.589247 119.410753 -36.000000
      vertex 107.534428 115.000000 -24.000000
      vertex 109.801035 113.198965 -24.000000
    endloop
  endfacet
  facet normal 0.756946 0.560662 0.335694
    outer loop
      vertex 109.589247 119.410753 -36.000000
      vertex 108.000000 121.556384 -36.000000
      vertex 107.534428 115.000000 -24.000000
    endloop
  endfacet
  facet normal 0.553157 0.721858 0.415859
    outer loop
      vertex 108.000000 121.556384 -36.000000
      vertex 105.247654 116.752346 -24.000000
      vertex 107.534428 115.000000 -24.000000
    endloop
  endfacet
  facet normal 0.866254 0.362494 0.343805
    outer loop
      vertex 108.000000 121.556384 -36.000000
      vertex 107.000000 123.946089 -36.000000
      vertex 105.247654 116.752346 -24.000000
    endloop
  endfacet
  facet normal 0.830870 0.415349 0.370324
    outer loop
      vertex 107.000000 123.946089 -36.000000
      vertex 104.000000 119.248171 -24.000000
      vertex 105.247654 116.752346 -24.000000
    endloop
  endfacet
  facet normal 0.932002 0.191264 0.307879
    outer loop
      vertex 107.000000 123.946089 -36.000000
      vertex 106.469664 126.530336 -36.000000
      vertex 104.000000 119.248171 -24.000000
    endloop
  endfacet
  facet normal 0.863501 0.332320 0.379380
    outer loop
      vertex 106.469664 126.530336 -36.000000
      vertex 103.000000 121.846577 -24.000000
      vertex 104.000000 119.248171 -24.000000
    endloop
  endfacet
  facet normal 0.916698 0.202886 0.344242
    outer loop
      vertex 106.469664 126.530336 -36.000000
      vertex 105.901207 129.098793 -36.000000
      vertex 103.000000 121.846577 -24.000000
    endloop
  endfacet
  facet normal 0.971996 0.000000 0.234997
    outer loop
      vertex 105.901207 129.098793 -36.000000
      vertex 103.000000 124.859197 -24.000000
      vertex 103.000000 121.846577 -24.000000
    endloop
  endfacet
  facet normal 0.885121 0.328178 0.329938
    outer loop
      vertex 105.901207 129.098793 -36.000000
      vertex 105.000000 131.529420 -36.000000
      vertex 103.000000 124.859197 -24.000000
    endloop
  endfacet
  facet normal 0.986394 0.000000 0.164399
    outer loop
      vertex 105.000000 131.529420 -36.000000
      vertex 103.000000 127.871817 -24.000000
      vertex 103.000000 124.859197 -24.000000
    endloop
  endfacet
  facet normal 0.986662 -0.085934 0.138251
    outer loop
      vertex 105.000000 131.529420 -36.000000
      vertex 105.235706 134.235706 -36.000000
      vertex 103.000000 127.871817 -24.000000
    endloop
  endfacet
  facet normal 0.983084 0.000000 0.183157
    outer loop
      vertex 105.235706 134.235706 -36.000000
      vertex 103.000000 130.056009 -24.000000
      vertex 103.000000 127.871817 -24.000000
    endloop
  endfacet
  facet normal 0.758888 -0.645837 -0.083563
    outer loop
      vertex 105.235706 134.235706 -36.000000
      vertex 107.000000 136.308831 -36.000000
      vertex 103.000000 130.056009 -24.000000
    endloop
  endfacet
  facet normal 0.950954 -0.015421 0.308949
    outer loop
      vertex 107.000000 136.308831 -36.000000
      vertex 103.048528 133.048528 -24.000000
      vertex 103.000000 130.056009 -24.000000
    endloop
  endfacet
  facet normal 0.904767 -0.378610 0.195065
    outer loop
      vertex 107.000000 136.308831 -36.000000
      vertex 108.000000 138.698537 -36.000000
      vertex 103.048528 133.048528 -24.000000
    endloop
  endfacet
  facet normal 0.706509 -0.706509 -0.041127
    outer loop
      vertex 108.000000 138.698537 -36.000000
      vertex 105.178772 135.178772 -24.000000
      vertex 103.048528 133.048528 -24.000000
    endloop
  endfacet
  facet normal 0.760221 -0.649558 -0.011795
    outer loop
      vertex 108.000000 138.698537 -36.000000
      vertex 109.769504 140.769504 -36.000000
      vertex 105.178772 135.178772 -24.000000
    endloop
  endfacet
  facet normal 0.858503 -0.504209 0.093522
    outer loop
      vertex 109.769504 140.769504 -36.000000
      vertex 106.601909 137.601909 -24.000000
      vertex 105.178772 135.178772 -24.000000
    endloop
  endfacet
  facet normal 0.707107 -0.707107 -0.000000
    outer loop
      vertex 109.769504 140.769504 -36.000000
      vertex 111.752174 142.752174 -36.000000
      vertex 106.601909 137.601909 -24.000000
    endloop
  endfacet
  facet normal 0.852398 -0.500623 0.150978
    outer loop
      vertex 111.752174 142.752174 -36.000000
      vertex 108.025046 140.025046 -24.000000
      vertex 106.601909 137.601909 -24.000000
    endloop
  endfacet
  facet normal 0.705882 -0.705882 0.058824
    outer loop
      vertex 111.752174 142.752174 -36.000000
      vertex 113.734844 144.734844 -36.000000
      vertex 108.025046 140.025046 -24.000000
    endloop
  endfacet
  facet normal 0.705882 -0.705882 0.058824
    outer loop
      vertex 113.734844 144.734844 -36.000000
      vertex 110.155290 142.155290 -24.000000
      vertex 108.025046 140.025046 -24.000000
    endloop
  endfacet
  facet normal 0.705882 -0.705882 0.058824
    outer loop
      vertex 113.734844 144.734844 -36.000000
      vertex 115.717514 146.717514 -36.000000
      vertex 110.155290 142.155290 -24.000000
    endloop
  endfacet
  facet normal 0.705882 -0.705882 0.058824
    outer loop
      vertex 115.717514 146.717514 -36.000000
      vertex 112.285534 144.285534 -24.000000
      vertex 110.155290 142.155290 -24.000000
    endloop
  endfacet
  facet normal 0.950386 -0.210342 0.229180
    outer loop
      vertex 115.717514 146.717514 -36.000000
      vertex 116.285971 149.285971 -36.000000
      vertex 112.285534 144.285534 -24.000000
    endloop
  endfacet
  facet normal 0.859775 -0.504956 0.076206
    outer loop
      vertex 116.285971 149.285971 -36.000000
      vertex 113.708671 146.708671 -24.000000
      vertex 112.285534 144.285534 -24.000000
    endloop
  endfacet
  facet normal 0.773461 -0.633127 0.030140
    outer loop
      vertex 116.285971 149.285971 -36.000000
      vertex 118.000000 151.379916 -36.000000
      vertex 113.708671 146.708671 -24.000000
    endloop
  endfacet
  facet normal 0.856997 -0.503325 0.110542
    outer loop
      vertex 118.000000 151.379916 -36.000000
      vertex 115.131808 149.131808 -24.000000
      vertex 113.708671 146.708671 -24.000000
    endloop
  endfacet
  facet normal 0.811062 -0.578687 0.085444
    outer loop
      vertex 118.000000 151.379916 -36.000000
      vertex 119.544205 153.544205 -36.000000
      vertex 115.131808 149.131808 -24.000000
    endloop
  endfacet
  facet normal 0.766957 -0.639999 0.046682
    outer loop
      vertex 119.544205 153.544205 -36.000000
      vertex 117.000000 151.370597 -24.000000
      vertex 115.131808 149.131808 -24.000000
    endloop
  endfacet
  facet normal 0.831597 -0.550061 0.076678
    outer loop
      vertex 119.544205 153.544205 -36.000000
      vertex 121.000000 155.745114 -36.000000
      vertex 117.000000 151.370597 -24.000000
    endloop
  endfacet
  facet normal 0.918485 -0.353480 0.177303
    outer loop
      vertex 121.000000 155.745114 -36.000000
      vertex 118.000000 153.969004 -24.000000
      vertex 117.000000 151.370597 -24.000000
    endloop
  endfacet
  facet normal 0.749102 -0.656294 0.090138
    outer loop
      vertex 121.000000 155.745114 -36.000000
      vertex 122.802439 157.802439 -36.000000
      vertex 118.000000 153.969004 -24.000000
    endloop
  endfacet
  facet normal 0.851680 -0.490660 0.184102
    outer loop
      vertex 122.802439 157.802439 -36.000000
      vertex 119.401219 156.401219 -24.000000
      vertex 118.000000 153.969004 -24.000000
    endloop
  endfacet
  facet normal 0.702247 -0.702247 0.117041
    outer loop
      vertex 122.802439 157.802439 -36.000000
      vertex 124.785109 159.785109 -36.000000
      vertex 119.401219 156.401219 -24.000000
    endloop
  endfacet
  facet normal 0.837694 -0.491988 0.237102
    outer loop
      vertex 124.785109 159.785109 -36.000000
      vertex 120.824356 158.824356 -24.000000
      vertex 119.401219 156.401219 -24.000000
    endloop
  endfacet
  facet normal 0.696311 -0.696311 0.174078
    outer loop
      vertex 124.785109 159.785109 -36.000000
      vertex 126.767779 161.767779 -36.000000
      vertex 120.824356 158.824356 -24.000000
    endloop
  endfacet
  facet normal 0.825265 -0.484688 0.289855
    outer loop
      vertex 126.767779 161.767779 -36.000000
      vertex 122.247494 161.247494 -24.000000
      vertex 120.824356 158.824356 -24.000000
    endloop
  endfacet
  facet normal 0.833799 -0.467385 0.293820
    outer loop
      vertex 126.767779 161.767779 -36.000000
      vertex 128.043343 164.043343 -36.000000
      vertex 122.247494 161.247494 -24.000000
    endloop
  endfacet
  facet normal 0.696311 -0.696311 0.174078
    outer loop
      vertex 128.043343 164.043343 -36.000000
      vertex 124.377737 163.377737 -24.000000
      vertex 122.247494 161.247494 -24.000000
    endloop
  endfacet
  facet normal 0.696311 -0.696311 0.174078
    outer loop
      vertex 128.043343 164.043343 -36.000000
      vertex 130.026013 166.026013 -36.000000
      vertex 124.377737 163.377737 -24.000000
    endloop
  endfacet
  facet normal 0.696311 -0.696311 0.174078
    outer loop
      vertex 130.026013 166.026013 -36.000000
      vertex 126.507981 165.507981 -24.000000
      vertex 124.377737 163.377737 -24.000000
    endloop
  endfacet
  facet normal 0.696311 -0.696311 0.174078
    outer loop
      vertex 130.026013 166.026013 -36.000000
      vertex 132.008683 168.008683 -36.000000
      vertex 126.507981 165.507981 -24.000000
    endloop
  endfacet
  facet normal 0.696311 -0.696311 0.174078
    outer loop
      vertex 132.008683 168.008683 -36.000000
      vertex 128.638225 167.638225 -24.000000
      vertex 126.507981 165.507981 -24.000000
    endloop
  endfacet
  facet normal 0.696311 -0.696311 0.174078
    outer loop
      vertex 132.008683 168.008683 -36.000000
      vertex 133.991354 169.991354 -36.000000
      vertex 128.638225 167.638225 -24.000000
    endloop
  endfacet
  facet normal 0.829184 -0.486990 0.274398
    outer loop
      vertex 133.991354 169.991354 -36.000000
      vertex 130.061362 170.061362 -24.000000
      vertex 128.638225 167.638225 -24.000000
    endloop
  endfacet
  facet normal 0.385963 -0.913061 0.131729
    outer loop
      vertex 133.991354 169.991354 -36.000000
      vertex 136.377478 171.000000 -36.000000
      vertex 130.061362 170.061362 -24.000000
    endloop
  endfacet
  facet normal 0.674075 -0.674075 0.302069
    outer loop
      vertex 136.377478 171.000000 -36.000000
      vertex 132.191606 172.191606 -24.000000
      vertex 130.061362 170.061362 -24.000000
    endloop
  endfacet
  facet normal 0.376509 -0.899745 0.220680
    outer loop
      vertex 136.377478 171.000000 -36.000000
      vertex 138.767183 172.000000 -36.000000
      vertex 132.191606 172.191606 -24.000000
    endloop
  endfacet
  facet normal 0.656813 -0.656813 0.370398
    outer loop
      vertex 138.767183 172.000000 -36.000000
      vertex 134.321850 174.321850 -24.000000
      vertex 132.191606 172.191606 -24.000000
    endloop
  endfacet
  facet normal 0.367501 -0.878219 0.306063
    outer loop
      vertex 138.767183 172.000000 -36.000000
      vertex 141.156889 173.000000 -36.000000
      vertex 134.321850 174.321850 -24.000000
    endloop
  endfacet
  facet normal 0.540107 -0.745882 0.389800
    outer loop
      vertex 141.156889 173.000000 -36.000000
      vertex 136.639357 176.000000 -24.000000
      vertex 134.321850 174.321850 -24.000000
    endloop
  endfacet
  facet normal 0.246275 -0.914389 0.321310
    outer loop
      vertex 141.156889 173.000000 -36.000000
      vertex 143.679394 173.679394 -36.000000
      vertex 136.639357 176.000000 -24.000000
    endloop
  endfacet
  facet normal 0.568925 -0.678340 0.464951
    outer loop
      vertex 143.679394 173.679394 -36.000000
      vertex 138.875231 177.875231 -24.000000
      vertex 136.639357 176.000000 -24.000000
    endloop
  endfacet
  facet normal 0.110843 -0.923484 0.367275
    outer loop
      vertex 143.679394 173.679394 -36.000000
      vertex 146.350514 174.000000 -36.000000
      vertex 138.875231 177.875231 -24.000000
    endloop
  endfacet
  facet normal 0.706179 -0.414747 0.573844
    outer loop
      vertex 146.350514 174.000000 -36.000000
      vertex 140.298368 180.298368 -24.000000
      vertex 138.875231 177.875231 -24.000000
    endloop
  endfacet
  facet normal 0.000000 -0.885447 0.464739
    outer loop
      vertex 146.350514 174.000000 -36.000000
      vertex 149.154433 174.000000 -36.000000
      vertex 140.298368 180.298368 -24.000000
    endloop
  endfacet
  facet normal 0.640236 -0.376018 0.669856
    outer loop
      vertex 149.154433 174.000000 -36.000000
      vertex 141.721505 182.721505 -24.000000
      vertex 140.298368 180.298368 -24.000000
    endloop
  endfacet
  facet normal 0.000000 -0.808921 0.587917
    outer loop
      vertex 149.154433 174.000000 -36.000000
      vertex 151.958352 174.000000 -36.000000
      vertex 141.721505 182.721505 -24.000000
    endloop
  endfacet
  facet normal 0.471616 -0.471616 0.745088
    outer loop
      vertex 151.958352 174.000000 -36.000000
      vertex 143.851749 184.851749 -24.000000
      vertex 141.721505 182.721505 -24.000000
    endloop
  endfacet
  facet normal 0.000000 -0.741702 0.670730
    outer loop
      vertex 151.958352 174.000000 -36.000000
      vertex 154.762271 174.000000 -36.000000
      vertex 143.851749 184.851749 -24.000000
    endloop
  endfacet
  facet normal 0.055787 -0.714788 0.697113
    outer loop
      vertex 154.762271 174.000000 -36.000000
      vertex 145.981993 185.018007 -24.000000
      vertex 143.851749 184.851749 -24.000000
    endloop
  endfacet
  facet normal 0.000000 -0.736603 0.676325
    outer loop
      vertex 154.762271 174.000000 -36.000000
      vertex 157.566190 174.000000 -36.000000
      vertex 145.981993 185.018007 -24.000000
    endloop
  endfacet
  facet normal -0.004426 -0.738721 0.673997
    outer loop
      vertex 157.566190 174.000000 -36.000000
      vertex 148.987154 185.000000 -24.000000
      vertex 145.981993 185.018007 -24.000000
    endloop
  endfacet
  facet normal -0.335423 -0.801562 0.494965
    outer loop
      vertex 157.566190 174.000000 -36.000000
      vertex 159.955896 173.000000 -36.000000
      vertex 148.987154 185.000000 -24.000000
    endloop
  endfacet
  facet normal 0.000000 -0.707107 0.707107
    outer loop
      vertex 159.955896 173.000000 -36.000000
      vertex 151.171346 185.000000 -24.000000
      vertex 148.987154 185.000000 -24.000000
    endloop
  endfacet
  facet normal -0.325153 -0.777021 0.538994
    outer loop
      vertex 159.955896 173.000000 -36.000000
      vertex 162.345602 172.000000 -36.000000
      vertex 151.171346 185.000000 -24.000000
    endloop
  endfacet
  facet normal -0.030423 -0.691960 0.721294
    outer loop
      vertex 162.345602 172.000000 -36.000000
      vertex 154.130084 184.869916 -24.000000
      vertex 151.171346 185.000000 -24.000000
    endloop
  endfacet
  facet normal -0.243814 -0.740061 0.626789
    outer loop
      vertex 162.345602 172.000000 -36.000000
      vertex 164.812834 171.187166 -36.000000
      vertex 154.130084 184.869916 -24.000000
    endloop
  endfacet
  facet normal -0.696311 -0.696311 0.174078
    outer loop
      vertex 164.812834 171.187166 -36.000000
      vertex 156.260328 182.739672 -24.000000
      vertex 154.130084 184.869916 -24.000000
    endloop
  endfacet
  facet normal -0.169898 -0.767651 0.617937
    outer loop
      vertex 164.812834 171.187166 -36.000000
      vertex 167.381291 170.618709 -36.000000
      vertex 156.260328 182.739672 -24.000000
    endloop
  endfacet
  facet normal -0.587315 -0.773790 0.237297
    outer loop
      vertex 167.381291 170.618709 -36.000000
      vertex 158.552351 181.000000 -24.000000
      vertex 156.260328 182.739672 -24.000000
    endloop
  endfacet
  facet normal -0.454793 -0.811337 0.367281
    outer loop
      vertex 167.381291 170.618709 -36.000000
      vertex 169.656854 169.343146 -36.000000
      vertex 158.552351 181.000000 -24.000000
    endloop
  endfacet
  facet normal -0.615899 -0.767911 0.176015
    outer loop
      vertex 169.656854 169.343146 -36.000000
      vertex 160.813708 179.186292 -24.000000
      vertex 158.552351 181.000000 -24.000000
    endloop
  endfacet
  facet normal -0.460767 -0.821993 0.334697
    outer loop
      vertex 169.656854 169.343146 -36.000000
      vertex 171.932418 168.067582 -36.000000
      vertex 160.813708 179.186292 -24.000000
    endloop
  endfacet
  facet normal -0.212784 -0.807129 0.550695
    outer loop
      vertex 171.932418 168.067582 -36.000000
      vertex 163.529739 178.470261 -24.000000
      vertex 160.813708 179.186292 -24.000000
    endloop
  endfacet
  facet normal -0.702247 -0.702247 0.117041
    outer loop
      vertex 171.932418 168.067582 -36.000000
      vertex 173.915088 166.084912 -36.000000
      vertex 163.529739 178.470261 -24.000000
    endloop
  endfacet
  facet normal -0.461531 -0.785837 0.411642
    outer loop
      vertex 173.915088 166.084912 -36.000000
      vertex 165.952876 177.047124 -24.000000
      vertex 163.529739 178.470261 -24.000000
    endloop
  endfacet
  facet normal -0.696311 -0.696311 0.174078
    outer loop
      vertex 173.915088 166.084912 -36.000000
      vertex 175.897758 164.102242 -36.000000
      vertex 165.952876 177.047124 -24.000000
    endloop
  endfacet
  facet normal -0.309980 -0.763428 0.566648
    outer loop
      vertex 175.897758 164.102242 -36.000000
      vertex 168.531763 176.000000 -24.000000
      vertex 165.952876 177.047124 -24.000000
    endloop
  endfacet
  facet normal -0.425767 -0.759554 0.491733
    outer loop
      vertex 175.897758 164.102242 -36.000000
      vertex 178.173322 162.826678 -36.000000
      vertex 168.531763 176.000000 -24.000000
    endloop
  endfacet
  facet normal -0.584739 -0.736921 0.339158
    outer loop
      vertex 178.173322 162.826678 -36.000000
      vertex 170.799150 174.200850 -24.000000
      vertex 168.531763 176.000000 -24.000000
    endloop
  endfacet
  facet normal -0.912674 -0.306516 -0.270321
    outer loop
      vertex 178.173322 162.826678 -36.000000
      vertex 179.000000 160.365180 -36.000000
      vertex 170.799150 174.200850 -24.000000
    endloop
  endfacet
  facet normal -0.424982 -0.723605 0.543862
    outer loop
      vertex 179.000000 160.365180 -36.000000
      vertex 173.222287 172.777713 -24.000000
      vertex 170.799150 174.200850 -24.000000
    endloop
  endfacet
  facet normal -0.921561 -0.385638 -0.044814
    outer loop
      vertex 179.000000 160.365180 -36.000000
      vertex 180.000000 157.975475 -36.000000
      vertex 173.222287 172.777713 -24.000000
    endloop
  endfacet
  facet normal -0.639245 -0.639245 0.427470
    outer loop
      vertex 180.000000 157.975475 -36.000000
      vertex 175.352531 170.647469 -24.000000
      vertex 173.222287 172.777713 -24.000000
    endloop
  endfacet
  facet normal -0.732712 0.306612 -0.607554
    outer loop
      vertex 180.000000 157.975475 -36.000000
      vertex 179.000000 155.585769 -36.000000
      vertex 175.352531 170.647469 -24.000000
    endloop
  endfacet
  facet normal -0.586739 -0.586739 0.558098
    outer loop
      vertex 179.000000 155.585769 -36.000000
      vertex 177.482775 168.517225 -24.000000
      vertex 175.352531 170.647469 -24.000000
    endloop
  endfacet
  facet normal -0.992102 -0.000000 -0.125437
    outer loop
      vertex 179.000000 155.585769 -36.000000
      vertex 179.000000 152.781850 -36.000000
      vertex 177.482775 168.517225 -24.000000
    endloop
  endfacet
  facet normal -0.724279 -0.460914 0.512813
    outer loop
      vertex 179.000000 152.781850 -36.000000
      vertex 179.000000 166.133061 -24.000000
      vertex 177.482775 168.517225 -24.000000
    endloop
  endfacet
  facet normal -0.847617 -0.354695 0.394634
    outer loop
      vertex 179.000000 152.781850 -36.000000
      vertex 180.000000 150.392144 -36.000000
      vertex 179.000000 166.133061 -24.000000
    endloop
  endfacet
  facet normal -0.559116 -0.524820 0.641836
    outer loop
      vertex 180.000000 150.392144 -36.000000
      vertex 181.036156 163.963844 -24.000000
      vertex 179.000000 166.133061 -24.000000
    endloop
  endfacet
  facet normal -0.819705 -0.343015 0.458720
    outer loop
      vertex 180.000000 150.392144 -36.000000
      vertex 181.000000 148.002439 -36.000000
      vertex 181.036156 163.963844 -24.000000
    endloop
  endfacet
  facet normal -0.514533 -0.514533 0.685939
    outer loop
      vertex 181.000000 148.002439 -36.000000
      vertex 183.166400 161.833600 -24.000000
      vertex 181.036156 163.963844 -24.000000
    endloop
  endfacet
  facet normal -0.514958 -0.514325 0.685776
    outer loop
      vertex 181.000000 148.002439 -36.000000
      vertex 182.980946 146.019054 -36.000000
      vertex 183.166400 161.833600 -24.000000
    endloop
  endfacet
  facet normal -0.712799 -0.418635 0.562727
    outer loop
      vertex 182.980946 146.019054 -36.000000
      vertex 184.589537 159.410463 -24.000000
      vertex 183.166400 161.833600 -24.000000
    endloop
  endfacet
  facet normal -0.801413 -0.342883 0.490069
    outer loop
      vertex 182.980946 146.019054 -36.000000
      vertex 184.000000 143.637241 -36.000000
      vertex 184.589537 159.410463 -24.000000
    endloop
  endfacet
  facet normal -0.509032 -0.509032 0.694098
    outer loop
      vertex 184.000000 143.637241 -36.000000
      vertex 186.719781 157.280219 -24.000000
      vertex 184.589537 159.410463 -24.000000
    endloop
  endfacet
  facet normal -0.963316 -0.041209 0.265186
    outer loop
      vertex 184.000000 143.637241 -36.000000
      vertex 184.117859 140.882141 -36.000000
      vertex 186.719781 157.280219 -24.000000
    endloop
  endfacet
  facet normal -0.647647 -0.380371 0.660206
    outer loop
      vertex 184.117859 140.882141 -36.000000
      vertex 188.142918 154.857082 -24.000000
      vertex 186.719781 157.280219 -24.000000
    endloop
  endfacet
  facet normal -0.485071 -0.485071 0.727607
    outer loop
      vertex 184.117859 140.882141 -36.000000
      vertex 186.100530 138.899470 -36.000000
      vertex 188.142918 154.857082 -24.000000
    endloop
  endfacet
  facet normal -0.826790 -0.266641 0.495299
    outer loop
      vertex 186.100530 138.899470 -36.000000
      vertex 189.000000 152.199478 -24.000000
      vertex 188.142918 154.857082 -24.000000
    endloop
  endfacet
  facet normal -0.540811 -0.495422 0.679765
    outer loop
      vertex 186.100530 138.899470 -36.000000
      vertex 187.916800 136.916800 -36.000000
      vertex 189.000000 152.199478 -24.000000
    endloop
  endfacet
  facet normal -0.995951 0.000000 0.089901
    outer loop
      vertex 187.916800 136.916800 -36.000000
      vertex 189.000000 149.186858 -24.000000
      vertex 189.000000 152.199478 -24.000000
    endloop
  endfacet
  facet normal -0.901339 0.340879 -0.267189
    outer loop
      vertex 187.916800 136.916800 -36.000000
      vertex 187.000000 134.492632 -36.000000
      vertex 189.000000 149.186858 -24.000000
    endloop
  endfacet
  facet normal -0.986394 0.000000 0.164399
    outer loop
      vertex 187.000000 134.492632 -36.000000
      vertex 189.000000 146.174238 -24.000000
      vertex 189.000000 149.186858 -24.000000
    endloop
  endfacet
  facet normal -0.815243 -0.341148 0.467970
    outer loop
      vertex 187.000000 134.492632 -36.000000
      vertex 188.000000 132.102926 -36.000000
      vertex 189.000000 146.174238 -24.000000
    endloop
  endfacet
  facet normal -0.996546 0.000000 0.083045
    outer loop
      vertex 188.000000 132.102926 -36.000000
      vertex 189.000000 143.161618 -24.000000
      vertex 189.000000 146.174238 -24.000000
    endloop
  endfacet
  facet normal -0.996546 0.000000 0.083045
    outer loop
      vertex 188.000000 132.102926 -36.000000
      vertex 188.000000 129.299007 -36.000000
      vertex 189.000000 143.161618 -24.000000
    endloop
  endfacet
  facet normal -0.996546 0.000000 0.083045
    outer loop
      vertex 188.000000 129.299007 -36.000000
      vertex 189.000000 140.148999 -24.000000
      vertex 189.000000 143.161618 -24.000000
    endloop
  endfacet
  facet normal -0.848717 -0.355156 0.391846
    outer loop
      vertex 188.000000 129.299007 -36.000000
      vertex 189.000000 126.909302 -36.000000
      vertex 189.000000 140.148999 -24.000000
    endloop
  endfacet
  facet normal -1.000000 0.000000 0.000000
    outer loop
      vertex 189.000000 126.909302 -36.000000
      vertex 189.000000 137.136379 -24.000000
      vertex 189.000000 140.148999 -24.000000
    endloop
  endfacet
  facet normal -1.000000 0.000000 0.000000
    outer loop
      vertex 189.000000 126.909302 -36.000000
      vertex 189.000000 124.105382 -36.000000
      vertex 189.000000 137.136379 -24.000000
    endloop
  endfacet
  facet normal -1.000000 0.000000 0.000000
    outer loop
      vertex 189.000000 124.105382 -36.000000
      vertex 189.000000 134.123759 -24.000000
      vertex 189.000000 137.136379 -24.000000
    endloop
  endfacet
  facet normal -1.000000 0.000000 0.000000
    outer loop
      vertex 189.000000 124.105382 -36.000000
      vertex 189.000000 121.301463 -36.000000
      vertex 189.000000 134.123759 -24.000000
    endloop
  endfacet
  facet normal -1.000000 0.000000 0.000000
    outer loop
      vertex 189.000000 121.301463 -36.000000
      vertex 189.000000 131.111139 -24.000000
      vertex 189.000000 134.123759 -24.000000
    endloop
  endfacet
  facet normal -1.000000 0.000000 0.000000
    outer loop
      vertex 189.000000 121.301463 -36.000000
      vertex 189.000000 118.497544 -36.000000
      vertex 189.000000 131.111139 -24.000000
    endloop
  endfacet
  facet normal -1.000000 0.000000 0.000000
    outer loop
      vertex 189.000000 118.497544 -36.000000
      vertex 189.000000 128.098519 -24.000000
      vertex 189.000000 131.111139 -24.000000
    endloop
  endfacet
  facet normal -1.000000 0.000000 0.000000
    outer loop
      vertex 189.000000 118.497544 -36.000000
      vertex 189.000000 115.693625 -36.000000
      vertex 189.000000 128.098519 -24.000000
    endloop
  endfacet
  facet normal -0.947152 0.223036 -0.230561
    outer loop
      vertex 189.000000 115.693625 -36.000000
      vertex 188.353633 125.353633 -24.000000
      vertex 189.000000 128.098519 -24.000000
    endloop
  endfacet
  facet normal -0.936272 -0.296550 0.188291
    outer loop
      vertex 189.000000 115.693625 -36.000000
      vertex 189.785097 113.214903 -36.000000
      vertex 188.353633 125.353633 -24.000000
    endloop
  endfacet
  facet normal -0.964572 0.119012 -0.235450
    outer loop
      vertex 189.785097 113.214903 -36.000000
      vertex 188.000000 122.487494 -24.000000
      vertex 188.353633 125.353633 -24.000000
    endloop
  endfacet
  facet normal -0.871568 -0.442089 0.211956
    outer loop
      vertex 189.785097 113.214903 -36.000000
      vertex 190.939340 110.939340 -36.000000
      vertex 188.000000 122.487494 -24.000000
    endloop
  endfacet
  facet normal -0.822612 0.295448 -0.485818
    outer loop
      vertex 190.939340 110.939340 -36.000000
      vertex 187.078427 119.921573 -24.000000
      vertex 188.000000 122.487494 -24.000000
    endloop
  endfacet
  facet normal -0.732492 0.410597 -0.543014
    outer loop
      vertex 190.939340 110.939340 -36.000000
      vertex 189.663776 108.663776 -36.000000
      vertex 187.078427 119.921573 -24.000000
    endloop
  endfacet
  facet normal -0.985937 -0.060281 -0.155864
    outer loop
      vertex 189.663776 108.663776 -36.000000
      vertex 187.208671 117.791329 -24.000000
      vertex 187.078427 119.921573 -24.000000
    endloop
  endfacet
  facet normal -0.764199 0.428371 -0.482180
    outer loop
      vertex 189.663776 108.663776 -36.000000
      vertex 188.388213 106.388213 -36.000000
      vertex 187.208671 117.791329 -24.000000
    endloop
  endfacet
  facet normal -0.944946 -0.278513 0.171776
    outer loop
      vertex 188.388213 106.388213 -36.000000
      vertex 188.000000 115.106488 -24.000000
      vertex 187.208671 117.791329 -24.000000
    endloop
  endfacet
  facet normal -0.446537 0.716956 -0.535331
    outer loop
      vertex 188.388213 106.388213 -36.000000
      vertex 186.159310 105.000000 -36.000000
      vertex 188.000000 115.106488 -24.000000
    endloop
  endfacet
  facet normal -0.988439 0.000000 0.151617
    outer loop
      vertex 186.159310 105.000000 -36.000000
      vertex 188.000000 112.093869 -24.000000
      vertex 188.000000 115.106488 -24.000000
    endloop
  endfacet
  facet normal -0.643368 0.698178 -0.314045
    outer loop
      vertex 186.159310 105.000000 -36.000000
      vertex 184.129979 103.129979 -36.000000
      vertex 188.000000 112.093869 -24.000000
    endloop
  endfacet
  facet normal -0.951731 0.000000 0.306935
    outer loop
      vertex 184.129979 103.129979 -36.000000
      vertex 188.000000 109.081249 -24.000000
      vertex 188.000000 112.093869 -24.000000
    endloop
  endfacet
  facet normal -0.416414 0.860801 -0.292611
    outer loop
      vertex 184.129979 103.129979 -36.000000
      vertex 181.794113 102.000000 -36.000000
      vertex 188.000000 109.081249 -24.000000
    endloop
  endfacet
  facet normal -0.861694 0.480930 0.161833
    outer loop
      vertex 181.794113 102.000000 -36.000000
      vertex 186.634315 106.634315 -24.000000
      vertex 188.000000 109.081249 -24.000000
    endloop
  endfacet
  facet normal 0.000000 0.932852 -0.360261
    outer loop
      vertex 181.794113 102.000000 -36.000000
      vertex 178.990193 102.000000 -36.000000
      vertex 186.634315 106.634315 -24.000000
    endloop
  endfacet
  facet normal -0.696242 0.696242 0.174629
    outer loop
      vertex 178.990193 102.000000 -36.000000
      vertex 184.504071 104.504071 -24.000000
      vertex 186.634315 106.634315 -24.000000
    endloop
  endfacet
  facet normal 0.000000 0.978914 -0.204273
    outer loop
      vertex 178.990193 102.000000 -36.000000
      vertex 176.186274 102.000000 -36.000000
      vertex 184.504071 104.504071 -24.000000
    endloop
  endfacet
  facet normal -0.523070 0.831035 0.189152
    outer loop
      vertex 176.186274 102.000000 -36.000000
      vertex 182.114457 103.000000 -24.000000
      vertex 184.504071 104.504071 -24.000000
    endloop
  endfacet
  facet normal 0.000000 0.996546 -0.083045
    outer loop
      vertex 176.186274 102.000000 -36.000000
      vertex 173.382355 102.000000 -36.000000
      vertex 182.114457 103.000000 -24.000000
    endloop
  endfacet
  facet normal -0.462207 0.845987 0.265838
    outer loop
      vertex 173.382355 102.000000 -36.000000
      vertex 179.657797 101.657797 -24.000000
      vertex 182.114457 103.000000 -24.000000
    endloop
  endfacet
  facet normal 0.382113 0.907597 -0.173945
    outer loop
      vertex 173.382355 102.000000 -36.000000
      vertex 170.994802 103.005198 -36.000000
      vertex 179.657797 101.657797 -24.000000
    endloop
  endfacet
  facet normal -0.516954 0.725302 0.454637
    outer loop
      vertex 170.994802 103.005198 -36.000000
      vertex 177.331859 100.000000 -24.000000
      vertex 179.657797 101.657797 -24.000000
    endloop
  endfacet
  facet normal 0.693860 0.693860 -0.192654
    outer loop
      vertex 170.994802 103.005198 -36.000000
      vertex 169.012132 104.987868 -36.000000
      vertex 177.331859 100.000000 -24.000000
    endloop
  endfacet
  facet normal -0.261870 0.813287 0.519604
    outer loop
      vertex 169.012132 104.987868 -36.000000
      vertex 174.811522 99.188478 -24.000000
      vertex 177.331859 100.000000 -24.000000
    endloop
  endfacet
  facet normal 0.707107 0.707107 0.000000
    outer loop
      vertex 169.012132 104.987868 -36.000000
      vertex 167.029462 106.970538 -36.000000
      vertex 174.811522 99.188478 -24.000000
    endloop
  endfacet
  facet normal 0.493459 0.840199 0.224863
    outer loop
      vertex 167.029462 106.970538 -36.000000
      vertex 172.388385 100.611615 -24.000000
      vertex 174.811522 99.188478 -24.000000
    endloop
  endfacet
  facet normal 0.475044 0.847463 0.236936
    outer loop
      vertex 167.029462 106.970538 -36.000000
      vertex 164.753898 108.246102 -36.000000
      vertex 172.388385 100.611615 -24.000000
    endloop
  endfacet
  facet normal 0.707107 0.707107 0.000000
    outer loop
      vertex 164.753898 108.246102 -36.000000
      vertex 170.258141 102.741859 -24.000000
      vertex 172.388385 100.611615 -24.000000
    endloop
  endfacet
  facet normal 0.276914 0.915205 0.292776
    outer loop
      vertex 164.753898 108.246102 -36.000000
      vertex 162.262254 109.000000 -36.000000
      vertex 170.258141 102.741859 -24.000000
    endloop
  endfacet
  facet normal 0.703429 0.703429 -0.101865
    outer loop
      vertex 162.262254 109.000000 -36.000000
      vertex 168.127898 104.872102 -24.000000
      vertex 170.258141 102.741859 -24.000000
    endloop
  endfacet
  facet normal -0.568622 0.651596 0.502088
    outer loop
      vertex 162.262254 109.000000 -36.000000
      vertex 160.202771 107.202771 -36.000000
      vertex 168.127898 104.872102 -24.000000
    endloop
  endfacet
  facet normal 0.324821 0.945270 -0.030928
    outer loop
      vertex 160.202771 107.202771 -36.000000
      vertex 165.704760 105.704760 -24.000000
      vertex 168.127898 104.872102 -24.000000
    endloop
  endfacet
  facet normal -0.653682 0.653682 0.381314
    outer loop
      vertex 160.202771 107.202771 -36.000000
      vertex 158.220101 105.220101 -36.000000
      vertex 165.704760 105.704760 -24.000000
    endloop
  endfacet
  facet normal -0.249052 0.961457 0.116508
    outer loop
      vertex 158.220101 105.220101 -36.000000
      vertex 162.984062 105.000000 -24.000000
      vertex 165.704760 105.704760 -24.000000
    endloop
  endfacet
  facet normal 0.008739 0.999851 0.014870
    outer loop
      vertex 158.220101 105.220101 -36.000000
      vertex 156.237431 105.237431 -36.000000
      vertex 162.984062 105.000000 -24.000000
    endloop
  endfacet
  facet normal -0.006720 0.999700 0.023558
    outer loop
      vertex 156.237431 105.237431 -36.000000
      vertex 159.979807 104.979807 -24.000000
      vertex 162.984062 105.000000 -24.000000
    endloop
  endfacet
  facet normal -0.688247 0.688247 0.229416
    outer loop
      vertex 156.237431 105.237431 -36.000000
      vertex 154.254760 103.254760 -36.000000
      vertex 159.979807 104.979807 -24.000000
    endloop
  endfacet
  facet normal -0.688247 0.688247 0.229416
    outer loop
      vertex 154.254760 103.254760 -36.000000
      vertex 157.849563 102.849563 -24.000000
      vertex 159.979807 104.979807 -24.000000
    endloop
  endfacet
  facet normal -0.840469 0.471123 0.267685
    outer loop
      vertex 154.254760 103.254760 -36.000000
      vertex 152.979197 100.979197 -36.000000
      vertex 157.849563 102.849563 -24.000000
    endloop
  endfacet
  facet normal -0.754881 0.621498 0.209510
    outer loop
      vertex 152.979197 100.979197 -36.000000
      vertex 156.000000 100.603057 -24.000000
      vertex 157.849563 102.849563 -24.000000
    endloop
  endfacet
  facet normal -0.483527 0.862596 0.148758
    outer loop
      vertex 152.979197 100.979197 -36.000000
      vertex 150.703633 99.703633 -36.000000
      vertex 156.000000 100.603057 -24.000000
    endloop
  endfacet
  facet normal -0.768208 0.567385 0.296532
    outer loop
      vertex 150.703633 99.703633 -36.000000
      vertex 154.296182 98.296182 -24.000000
      vertex 156.000000 100.603057 -24.000000
    endloop
  endfacet
  facet normal -0.607019 0.747625 0.269416
    outer loop
      vertex 150.703633 99.703633 -36.000000
      vertex 148.605382 98.000000 -36.000000
      vertex 154.296182 98.296182 -24.000000
    endloop
  endfacet
  facet normal -0.673879 0.673879 0.302943
    outer loop
      vertex 148.605382 98.000000 -36.000000
      vertex 152.165938 96.165938 -24.000000
      vertex 154.296182 98.296182 -24.000000
    endloop
  endfacet
  facet normal 0.000000 0.988521 0.151084
    outer loop
      vertex 148.605382 98.000000 -36.000000
      vertex 145.801463 98.000000 -36.000000
      vertex 152.165938 96.165938 -24.000000
    endloop
  endfacet
  facet normal -0.393738 0.854273 0.339394
    outer loop
      vertex 145.801463 98.000000 -36.000000
      vertex 149.636266 95.000000 -24.000000
      vertex 152.165938 96.165938 -24.000000
    endloop
  endfacet
  facet normal -0.363899 0.869613 0.333693
    outer loop
      vertex 145.801463 98.000000 -36.000000
      vertex 143.411758 97.000000 -36.000000
      vertex 149.636266 95.000000 -24.000000
    endloop
  endfacet
  facet normal 0.000000 0.986394 0.164399
    outer loop
      vertex 143.411758 97.000000 -36.000000
      vertex 146.623646 95.000000 -24.000000
      vertex 149.636266 95.000000 -24.000000
    endloop
  endfacet
  facet normal 0.000000 0.986394 0.164399
    outer loop
      vertex 143.411758 97.000000 -36.000000
      vertex 140.607838 97.000000 -36.000000
      vertex 146.623646 95.000000 -24.000000
    endloop
  endfacet
  facet normal 0.000000 0.986394 0.164399
    outer loop
      vertex 140.607838 97.000000 -36.000000
      vertex 143.611026 95.000000 -24.000000
      vertex 146.623646 95.000000 -24.000000
    endloop
  endfacet
  facet normal 0.000000 0.986394 0.164399
    outer loop
      vertex 140.607838 97.000000 -36.000000
      vertex 137.803919 97.000000 -36.000000
      vertex 143.611026 95.000000 -24.000000
    endloop
  endfacet
  facet normal 0.000000 0.986394 0.164399
    outer loop
      vertex 137.803919 97.000000 -36.000000
      vertex 140.598406 95.000000 -24.000000
      vertex 143.611026 95.000000 -24.000000
    endloop
  endfacet
  facet normal 0.000000 0.986394 0.164399
    outer loop
      vertex 137.803919 97.000000 -36.000000
      vertex 135.000000 97.000000 -36.000000
      vertex 140.598406 95.000000 -24.000000
    endloop
  endfacet
  facet normal -0.341773 0.888065 0.307460
    outer loop
      vertex 135.000000 97.000000 -36.000000
      vertex 138.000000 94.000000 -24.000000
      vertex 140.598406 95.000000 -24.000000
    endloop
  endfacet
  facet normal 0.359069 0.933008 0.023795
    outer loop
      vertex 138.000000 94.000000 -24.000000
      vertex 135.401594 95.000000 -24.000000
      vertex 145.000000 91.000000 -12.000000
    endloop
  endfacet
  facet normal 0.359120 0.932989 0.023748
    outer loop
      vertex 135.401594 95.000000 -24.000000
      vertex 142.402010 92.000000 -12.000000
      vertex 145.000000 91.000000 -12.000000
    endloop
  endfacet
  facet normal 0.148858 0.976279 0.157231
    outer loop
      vertex 135.401594 95.000000 -24.000000
      vertex 132.567939 95.432061 -24.000000
      vertex 142.402010 92.000000 -12.000000
    endloop
  endfacet
  facet normal 0.148665 0.976282 0.157390
    outer loop
      vertex 132.567939 95.432061 -24.000000
      vertex 139.568528 92.431472 -12.000000
      vertex 142.402010 92.000000 -12.000000
    endloop
  endfacet
  facet normal 0.504822 0.859548 -0.079575
    outer loop
      vertex 132.567939 95.432061 -24.000000
      vertex 130.144802 96.855198 -24.000000
      vertex 139.568528 92.431472 -12.000000
    endloop
  endfacet
  facet normal 0.196554 0.959976 0.199533
    outer loop
      vertex 130.144802 96.855198 -24.000000
      vertex 136.791817 93.000000 -12.000000
      vertex 139.568528 92.431472 -12.000000
    endloop
  endfacet
  facet normal 0.506425 0.862277 -0.003497
    outer loop
      vertex 130.144802 96.855198 -24.000000
      vertex 127.721665 98.278335 -24.000000
      vertex 136.791817 93.000000 -12.000000
    endloop
  endfacet
  facet normal 0.303994 0.935208 0.181589
    outer loop
      vertex 127.721665 98.278335 -24.000000
      vertex 134.137056 93.862944 -12.000000
      vertex 136.791817 93.000000 -12.000000
    endloop
  endfacet
  facet normal 0.505881 0.861350 0.046481
    outer loop
      vertex 127.721665 98.278335 -24.000000
      vertex 125.298528 99.701472 -24.000000
      vertex 134.137056 93.862944 -12.000000
    endloop
  endfacet
  facet normal 0.245233 0.930495 0.272102
    outer loop
      vertex 125.298528 99.701472 -24.000000
      vertex 131.421320 94.578680 -12.000000
      vertex 134.137056 93.862944 -12.000000
    endloop
  endfacet
  facet normal 0.503408 0.857139 0.109057
    outer loop
      vertex 125.298528 99.701472 -24.000000
      vertex 122.875391 101.124609 -24.000000
      vertex 131.421320 94.578680 -12.000000
    endloop
  endfacet
  facet normal 0.240841 0.913830 0.326971
    outer loop
      vertex 122.875391 101.124609 -24.000000
      vertex 128.705584 95.294416 -12.000000
      vertex 131.421320 94.578680 -12.000000
    endloop
  endfacet
  facet normal 0.707107 0.707107 -0.000000
    outer loop
      vertex 122.875391 101.124609 -24.000000
      vertex 120.745147 103.254853 -24.000000
      vertex 128.705584 95.294416 -12.000000
    endloop
  endfacet
  facet normal 0.492847 0.839228 0.229779
    outer loop
      vertex 120.745147 103.254853 -24.000000
      vertex 126.282742 96.717258 -12.000000
      vertex 128.705584 95.294416 -12.000000
    endloop
  endfacet
  facet normal 0.705882 0.705882 0.058824
    outer loop
      vertex 120.745147 103.254853 -24.000000
      vertex 118.614903 105.385097 -24.000000
      vertex 126.282742 96.717258 -12.000000
    endloop
  endfacet
  facet normal 0.705882 0.705882 0.058824
    outer loop
      vertex 118.614903 105.385097 -24.000000
      vertex 124.152792 98.847208 -12.000000
      vertex 126.282742 96.717258 -12.000000
    endloop
  endfacet
  facet normal 0.705882 0.705882 0.058824
    outer loop
      vertex 118.614903 105.385097 -24.000000
      vertex 116.484659 107.515341 -24.000000
      vertex 124.152792 98.847208 -12.000000
    endloop
  endfacet
  facet normal 0.485135 0.826097 0.286720
    outer loop
      vertex 116.484659 107.515341 -24.000000
      vertex 121.729949 100.270051 -12.000000
      vertex 124.152792 98.847208 -12.000000
    endloop
  endfacet
  facet normal 0.485169 0.826084 0.286697
    outer loop
      vertex 116.484659 107.515341 -24.000000
      vertex 114.061522 108.938478 -24.000000
      vertex 121.729949 100.270051 -12.000000
    endloop
  endfacet
  facet normal 0.705882 0.705882 0.058824
    outer loop
      vertex 114.061522 108.938478 -24.000000
      vertex 119.600000 102.400000 -12.000000
      vertex 121.729949 100.270051 -12.000000
    endloop
  endfacet
  facet normal 0.705882 0.705882 0.058824
    outer loop
      vertex 114.061522 108.938478 -24.000000
      vertex 111.931279 111.068721 -24.000000
      vertex 119.600000 102.400000 -12.000000
    endloop
  endfacet
  facet normal 0.705882 0.705882 0.058824
    outer loop
      vertex 111.931279 111.068721 -24.000000
      vertex 117.470051 104.529949 -12.000000
      vertex 119.600000 102.400000 -12.000000
    endloop
  endfacet
  facet normal 0.705882 0.705882 0.058824
    outer loop
      vertex 111.931279 111.068721 -24.000000
      vertex 109.801035 113.198965 -24.000000
      vertex 117.470051 104.529949 -12.000000
    endloop
  endfacet
  facet normal 0.502114 0.820873 0.272120
    outer loop
      vertex 109.801035 113.198965 -24.000000
      vertex 115.066762 106.000000 -12.000000
      vertex 117.470051 104.529949 -12.000000
    endloop
  endfacet
  facet normal 0.610415 0.768208 0.193002
    outer loop
      vertex 109.801035 113.198965 -24.000000
      vertex 107.534428 115.000000 -24.000000
      vertex 115.066762 106.000000 -12.000000
    endloop
  endfacet
  facet normal 0.692285 0.714476 0.101314
    outer loop
      vertex 107.534428 115.000000 -24.000000
      vertex 112.917258 108.082742 -12.000000
      vertex 115.066762 106.000000 -12.000000
    endloop
  endfacet
  facet normal 0.598129 0.780545 0.181634
    outer loop
      vertex 107.534428 115.000000 -24.000000
      vertex 105.247654 116.752346 -24.000000
      vertex 112.917258 108.082742 -12.000000
    endloop
  endfacet
  facet normal 0.648603 0.750360 0.127566
    outer loop
      vertex 105.247654 116.752346 -24.000000
      vertex 110.699209 110.000000 -12.000000
      vertex 112.917258 108.082742 -12.000000
    endloop
  endfacet
  facet normal 0.883943 0.441880 -0.152928
    outer loop
      vertex 105.247654 116.752346 -24.000000
      vertex 104.000000 119.248171 -24.000000
      vertex 110.699209 110.000000 -12.000000
    endloop
  endfacet
  facet normal 0.318877 0.828438 0.460443
    outer loop
      vertex 104.000000 119.248171 -24.000000
      vertex 108.101219 111.000000 -12.000000
      vertex 110.699209 110.000000 -12.000000
    endloop
  endfacet
  facet normal 0.930856 0.358241 -0.071901
    outer loop
      vertex 104.000000 119.248171 -24.000000
      vertex 103.000000 121.846577 -24.000000
      vertex 108.101219 111.000000 -12.000000
    endloop
  endfacet
  facet normal 0.665919 0.671887 0.324223
    outer loop
      vertex 103.000000 121.846577 -24.000000
      vertex 106.000000 113.082557 -12.000000
      vertex 108.101219 111.000000 -12.000000
    endloop
  endfacet
  facet normal 0.970143 0.000000 -0.242536
    outer loop
      vertex 103.000000 121.846577 -24.000000
      vertex 103.000000 124.859197 -24.000000
      vertex 106.000000 113.082557 -12.000000
    endloop
  endfacet
  facet normal 0.926690 0.356695 0.118383
    outer loop
      vertex 103.000000 124.859197 -24.000000
      vertex 105.000000 115.680547 -12.000000
      vertex 106.000000 113.082557 -12.000000
    endloop
  endfacet
  facet normal 0.986394 0.000000 -0.164399
    outer loop
      vertex 103.000000 124.859197 -24.000000
      vertex 103.000000 127.871817 -24.000000
      vertex 105.000000 115.680547 -12.000000
    endloop
  endfacet
  facet normal 0.913440 0.351595 0.204959
    outer loop
      vertex 103.000000 127.871817 -24.000000
      vertex 104.000000 118.278537 -12.000000
      vertex 105.000000 115.680547 -12.000000
    endloop
  endfacet
  facet normal 0.996546 0.000000 -0.083045
    outer loop
      vertex 103.000000 127.871817 -24.000000
      vertex 103.000000 130.056009 -24.000000
      vertex 104.000000 118.278537 -12.000000
    endloop
  endfacet
  facet normal 0.996546 0.000000 -0.083045
    outer loop
      vertex 103.000000 130.056009 -24.000000
      vertex 104.000000 121.290740 -12.000000
      vertex 104.000000 118.278537 -12.000000
    endloop
  endfacet
  facet normal 0.995371 -0.016141 -0.094738
    outer loop
      vertex 103.000000 130.056009 -24.000000
      vertex 103.048528 133.048528 -24.000000
      vertex 104.000000 121.290740 -12.000000
    endloop
  endfacet
  facet normal 0.899160 0.346098 0.267819
    outer loop
      vertex 103.048528 133.048528 -24.000000
      vertex 103.000000 123.888730 -12.000000
      vertex 104.000000 121.290740 -12.000000
    endloop
  endfacet
  facet normal 0.622996 -0.622996 -0.473024
    outer loop
      vertex 103.048528 133.048528 -24.000000
      vertex 105.178772 135.178772 -24.000000
      vertex 103.000000 123.888730 -12.000000
    endloop
  endfacet
  facet normal 0.983914 0.000000 0.178644
    outer loop
      vertex 105.178772 135.178772 -24.000000
      vertex 103.000000 126.900934 -12.000000
      vertex 103.000000 123.888730 -12.000000
    endloop
  endfacet
  facet normal 0.846691 -0.497272 -0.189299
    outer loop
      vertex 105.178772 135.178772 -24.000000
      vertex 106.601909 137.601909 -24.000000
      vertex 103.000000 126.900934 -12.000000
    endloop
  endfacet
  facet normal 0.957784 0.000000 0.287488
    outer loop
      vertex 106.601909 137.601909 -24.000000
      vertex 103.000000 129.913137 -12.000000
      vertex 103.000000 126.900934 -12.000000
    endloop
  endfacet
  facet normal 0.860429 -0.505340 -0.065522
    outer loop
      vertex 106.601909 137.601909 -24.000000
      vertex 108.025046 140.025046 -24.000000
      vertex 103.000000 129.913137 -12.000000
    endloop
  endfacet
  facet normal 0.922392 0.000000 0.386255
    outer loop
      vertex 108.025046 140.025046 -24.000000
      vertex 103.000000 132.925341 -12.000000
      vertex 103.000000 129.913137 -12.000000
    endloop
  endfacet
  facet normal 0.701881 -0.701881 -0.121347
    outer loop
      vertex 108.025046 140.025046 -24.000000
      vertex 110.155290 142.155290 -24.000000
      vertex 103.000000 132.925341 -12.000000
    endloop
  endfacet
  facet normal 0.858902 0.000000 0.512141
    outer loop
      vertex 110.155290 142.155290 -24.000000
      vertex 103.000000 135.937544 -12.000000
      vertex 103.000000 132.925341 -12.000000
    endloop
  endfacet
  facet normal 0.706030 -0.706030 0.055161
    outer loop
      vertex 110.155290 142.155290 -24.000000
      vertex 112.285534 144.285534 -24.000000
      vertex 103.000000 135.937544 -12.000000
    endloop
  endfacet
  facet normal 0.715680 -0.694873 0.070390
    outer loop
      vertex 112.285534 144.285534 -24.000000
      vertex 105.085786 138.085786 -12.000000
      vertex 103.000000 135.937544 -12.000000
    endloop
  endfacet
  facet normal 0.835403 -0.490642 0.247736
    outer loop
      vertex 112.285534 144.285534 -24.000000
      vertex 113.708671 146.708671 -24.000000
      vertex 105.085786 138.085786 -12.000000
    endloop
  endfacet
  facet normal 0.707107 -0.707107 0.000000
    outer loop
      vertex 113.708671 146.708671 -24.000000
      vertex 107.215736 140.215736 -12.000000
      vertex 105.085786 138.085786 -12.000000
    endloop
  endfacet
  facet normal 0.846729 -0.497294 0.189072
    outer loop
      vertex 113.708671 146.708671 -24.000000
      vertex 115.131808 149.131808 -24.000000
      vertex 107.215736 140.215736 -12.000000
    endloop
  endfacet
  facet normal 0.607976 -0.774556 -0.174435
    outer loop
      vertex 115.131808 149.131808 -24.000000
      vertex 109.488873 142.000000 -12.000000
      vertex 107.215736 140.215736 -12.000000
    endloop
  endfacet
  facet normal 0.767644 -0.640573 -0.019723
    outer loop
      vertex 115.131808 149.131808 -24.000000
      vertex 117.000000 151.370597 -24.000000
      vertex 109.488873 142.000000 -12.000000
    endloop
  endfacet
  facet normal 0.596928 -0.769448 -0.227215
    outer loop
      vertex 117.000000 151.370597 -24.000000
      vertex 111.768528 143.768528 -12.000000
      vertex 109.488873 142.000000 -12.000000
    endloop
  endfacet
  facet normal 0.918618 -0.353531 0.176513
    outer loop
      vertex 117.000000 151.370597 -24.000000
      vertex 118.000000 153.969004 -24.000000
      vertex 111.768528 143.768528 -12.000000
    endloop
  endfacet
  facet normal 0.862171 -0.506320 0.017324
    outer loop
      vertex 118.000000 153.969004 -24.000000
      vertex 113.191371 146.191371 -12.000000
      vertex 111.768528 143.768528 -12.000000
    endloop
  endfacet
  facet normal 0.866248 -0.499053 0.023668
    outer loop
      vertex 118.000000 153.969004 -24.000000
      vertex 119.401219 156.401219 -24.000000
      vertex 113.191371 146.191371 -12.000000
    endloop
  endfacet
  facet normal 0.688247 -0.688247 -0.229416
    outer loop
      vertex 119.401219 156.401219 -24.000000
      vertex 115.321320 148.321320 -12.000000
      vertex 113.191371 146.191371 -12.000000
    endloop
  endfacet
  facet normal 0.861298 -0.505850 -0.047768
    outer loop
      vertex 119.401219 156.401219 -24.000000
      vertex 120.824356 158.824356 -24.000000
      vertex 115.321320 148.321320 -12.000000
    endloop
  endfacet
  facet normal 0.801723 -0.580885 -0.140762
    outer loop
      vertex 120.824356 158.824356 -24.000000
      vertex 117.000000 150.638192 -12.000000
      vertex 115.321320 148.321320 -12.000000
    endloop
  endfacet
  facet normal 0.860137 -0.505169 -0.070494
    outer loop
      vertex 120.824356 158.824356 -24.000000
      vertex 122.247494 161.247494 -24.000000
      vertex 117.000000 150.638192 -12.000000
    endloop
  endfacet
  facet normal 0.916228 0.000000 0.400658
    outer loop
      vertex 122.247494 161.247494 -24.000000
      vertex 117.000000 153.650395 -12.000000
      vertex 117.000000 150.638192 -12.000000
    endloop
  endfacet
  facet normal 0.700425 -0.700425 -0.137144
    outer loop
      vertex 122.247494 161.247494 -24.000000
      vertex 124.377737 163.377737 -24.000000
      vertex 117.000000 153.650395 -12.000000
    endloop
  endfacet
  facet normal 0.886271 -0.412607 0.210426
    outer loop
      vertex 124.377737 163.377737 -24.000000
      vertex 118.175635 156.175635 -12.000000
      vertex 117.000000 153.650395 -12.000000
    endloop
  endfacet
  facet normal 0.705882 -0.705882 -0.058824
    outer loop
      vertex 124.377737 163.377737 -24.000000
      vertex 126.507981 165.507981 -24.000000
      vertex 118.175635 156.175635 -12.000000
    endloop
  endfacet
  facet normal 0.844746 -0.496087 0.200755
    outer loop
      vertex 126.507981 165.507981 -24.000000
      vertex 119.598478 158.598478 -12.000000
      vertex 118.175635 156.175635 -12.000000
    endloop
  endfacet
  facet normal 0.707107 -0.707107 -0.000000
    outer loop
      vertex 126.507981 165.507981 -24.000000
      vertex 128.638225 167.638225 -24.000000
      vertex 119.598478 158.598478 -12.000000
    endloop
  endfacet
  facet normal 0.835064 -0.481298 0.266496
    outer loop
      vertex 128.638225 167.638225 -24.000000
      vertex 121.000000 161.030152 -12.000000
      vertex 119.598478 158.598478 -12.000000
    endloop
  endfacet
  facet normal 0.832476 -0.488923 0.260650
    outer loop
      vertex 128.638225 167.638225 -24.000000
      vertex 130.061362 170.061362 -24.000000
      vertex 121.000000 161.030152 -12.000000
    endloop
  endfacet
  facet normal 0.855990 -0.329482 0.398401
    outer loop
      vertex 130.061362 170.061362 -24.000000
      vertex 122.000000 163.628141 -12.000000
      vertex 121.000000 161.030152 -12.000000
    endloop
  endfacet
  facet normal 0.703875 -0.703875 0.095501
    outer loop
      vertex 130.061362 170.061362 -24.000000
      vertex 132.191606 172.191606 -24.000000
      vertex 122.000000 163.628141 -12.000000
    endloop
  endfacet
  facet normal 0.822455 -0.316574 0.472598
    outer loop
      vertex 132.191606 172.191606 -24.000000
      vertex 123.000000 166.226131 -12.000000
      vertex 122.000000 163.628141 -12.000000
    endloop
  endfacet
  facet normal 0.694666 -0.694666 0.186757
    outer loop
      vertex 132.191606 172.191606 -24.000000
      vertex 134.321850 174.321850 -24.000000
      vertex 123.000000 166.226131 -12.000000
    endloop
  endfacet
  facet normal 0.783650 -0.258989 0.564639
    outer loop
      vertex 134.321850 174.321850 -24.000000
      vertex 123.875635 168.875635 -12.000000
      vertex 123.000000 166.226131 -12.000000
    endloop
  endfacet
  facet normal 0.580596 -0.801797 0.141523
    outer loop
      vertex 134.321850 174.321850 -24.000000
      vertex 136.639357 176.000000 -24.000000
      vertex 123.875635 168.875635 -12.000000
    endloop
  endfacet
  facet normal 0.734009 -0.431055 0.524807
    outer loop
      vertex 136.639357 176.000000 -24.000000
      vertex 125.298478 171.298478 -12.000000
      vertex 123.875635 168.875635 -12.000000
    endloop
  endfacet
  facet normal 0.614290 -0.732430 0.293588
    outer loop
      vertex 136.639357 176.000000 -24.000000
      vertex 138.875231 177.875231 -24.000000
      vertex 125.298478 171.298478 -12.000000
    endloop
  endfacet
  facet normal 0.653682 -0.653682 0.381314
    outer loop
      vertex 138.875231 177.875231 -24.000000
      vertex 127.428427 173.428427 -12.000000
      vertex 125.298478 171.298478 -12.000000
    endloop
  endfacet
  facet normal 0.727968 -0.427544 0.535975
    outer loop
      vertex 138.875231 177.875231 -24.000000
      vertex 140.298368 180.298368 -24.000000
      vertex 127.428427 173.428427 -12.000000
    endloop
  endfacet
  facet normal 0.666667 -0.666667 0.333333
    outer loop
      vertex 140.298368 180.298368 -24.000000
      vertex 129.558377 175.558377 -12.000000
      vertex 127.428427 173.428427 -12.000000
    endloop
  endfacet
  facet normal 0.748582 -0.439651 0.496318
    outer loop
      vertex 140.298368 180.298368 -24.000000
      vertex 141.721505 182.721505 -24.000000
      vertex 129.558377 175.558377 -12.000000
    endloop
  endfacet
  facet normal 0.748586 -0.439616 0.496344
    outer loop
      vertex 141.721505 182.721505 -24.000000
      vertex 130.981219 177.981219 -12.000000
      vertex 129.558377 175.558377 -12.000000
    endloop
  endfacet
  facet normal 0.666667 -0.666667 0.333333
    outer loop
      vertex 141.721505 182.721505 -24.000000
      vertex 143.851749 184.851749 -24.000000
      vertex 130.981219 177.981219 -12.000000
    endloop
  endfacet
  facet normal 0.727965 -0.427506 0.536009
    outer loop
      vertex 143.851749 184.851749 -24.000000
      vertex 132.404062 180.404062 -12.000000
      vertex 130.981219 177.981219 -12.000000
    endloop
  endfacet
  facet normal 0.074625 -0.956153 -0.283199
    outer loop
      vertex 143.851749 184.851749 -24.000000
      vertex 145.981993 185.018007 -24.000000
      vertex 132.404062 180.404062 -12.000000
    endloop
  endfacet
  facet normal 0.625243 -0.625243 0.467056
    outer loop
      vertex 145.981993 185.018007 -24.000000
      vertex 134.534012 182.534012 -12.000000
      vertex 132.404062 180.404062 -12.000000
    endloop
  endfacet
  facet normal -0.005861 -0.978099 -0.208057
    outer loop
      vertex 145.981993 185.018007 -24.000000
      vertex 148.987154 185.000000 -24.000000
      vertex 134.534012 182.534012 -12.000000
    endloop
  endfacet
  facet normal 0.464751 -0.791387 0.397130
    outer loop
      vertex 148.987154 185.000000 -24.000000
      vertex 136.956854 183.956854 -12.000000
      vertex 134.534012 182.534012 -12.000000
    endloop
  endfacet
  facet normal 0.000000 -0.996243 -0.086602
    outer loop
      vertex 148.987154 185.000000 -24.000000
      vertex 151.171346 185.000000 -24.000000
      vertex 136.956854 183.956854 -12.000000
    endloop
  endfacet
  facet normal 0.014373 -0.997466 -0.069684
    outer loop
      vertex 151.171346 185.000000 -24.000000
      vertex 139.951186 184.000000 -12.000000
      vertex 136.956854 183.956854 -12.000000
    endloop
  endfacet
  facet normal -0.043588 -0.991403 -0.123372
    outer loop
      vertex 151.171346 185.000000 -24.000000
      vertex 154.130084 184.869916 -24.000000
      vertex 139.951186 184.000000 -12.000000
    endloop
  endfacet
  facet normal 0.338331 -0.878981 0.336043
    outer loop
      vertex 154.130084 184.869916 -24.000000
      vertex 142.549176 185.000000 -12.000000
      vertex 139.951186 184.000000 -12.000000
    endloop
  endfacet
  facet normal -0.586153 -0.586153 -0.559328
    outer loop
      vertex 154.130084 184.869916 -24.000000
      vertex 156.260328 182.739672 -24.000000
      vertex 142.549176 185.000000 -12.000000
    endloop
  endfacet
  facet normal -0.349722 -0.908573 -0.228451
    outer loop
      vertex 156.260328 182.739672 -24.000000
      vertex 145.147166 184.000000 -12.000000
      vertex 142.549176 185.000000 -12.000000
    endloop
  endfacet
  facet normal -0.545844 -0.719151 -0.429974
    outer loop
      vertex 156.260328 182.739672 -24.000000
      vertex 158.552351 181.000000 -24.000000
      vertex 145.147166 184.000000 -12.000000
    endloop
  endfacet
  facet normal 0.000000 -0.970143 0.242536
    outer loop
      vertex 158.552351 181.000000 -24.000000
      vertex 148.159369 184.000000 -12.000000
      vertex 145.147166 184.000000 -12.000000
    endloop
  endfacet
  facet normal -0.591118 -0.737014 -0.327703
    outer loop
      vertex 158.552351 181.000000 -24.000000
      vertex 160.813708 179.186292 -24.000000
      vertex 148.159369 184.000000 -12.000000
    endloop
  endfacet
  facet normal 0.000000 -0.928111 0.372305
    outer loop
      vertex 160.813708 179.186292 -24.000000
      vertex 151.171573 184.000000 -12.000000
      vertex 148.159369 184.000000 -12.000000
    endloop
  endfacet
  facet normal -0.250755 -0.951157 0.180065
    outer loop
      vertex 160.813708 179.186292 -24.000000
      vertex 163.529739 178.470261 -24.000000
      vertex 151.171573 184.000000 -12.000000
    endloop
  endfacet
  facet normal -0.297068 -0.945968 0.129979
    outer loop
      vertex 163.529739 178.470261 -24.000000
      vertex 153.837056 183.162944 -12.000000
      vertex 151.171573 184.000000 -12.000000
    endloop
  endfacet
  facet normal -0.505126 -0.860065 -0.071668
    outer loop
      vertex 163.529739 178.470261 -24.000000
      vertex 165.952876 177.047124 -24.000000
      vertex 153.837056 183.162944 -12.000000
    endloop
  endfacet
  facet normal -0.050325 -0.909474 0.412704
    outer loop
      vertex 165.952876 177.047124 -24.000000
      vertex 156.781766 183.000000 -12.000000
      vertex 153.837056 183.162944 -12.000000
    endloop
  endfacet
  facet normal -0.370757 -0.913110 0.169615
    outer loop
      vertex 165.952876 177.047124 -24.000000
      vertex 168.531763 176.000000 -24.000000
      vertex 156.781766 183.000000 -12.000000
    endloop
  endfacet
  facet normal -0.352734 -0.916400 0.189181
    outer loop
      vertex 168.531763 176.000000 -24.000000
      vertex 159.379756 182.000000 -12.000000
      vertex 156.781766 183.000000 -12.000000
    endloop
  endfacet
  facet normal -0.619482 -0.780705 -0.082106
    outer loop
      vertex 168.531763 176.000000 -24.000000
      vertex 170.799150 174.200850 -24.000000
      vertex 159.379756 182.000000 -12.000000
    endloop
  endfacet
  facet normal 0.000000 -0.838471 0.544947
    outer loop
      vertex 170.799150 174.200850 -24.000000
      vertex 162.391960 182.000000 -12.000000
      vertex 159.379756 182.000000 -12.000000
    endloop
  endfacet
  facet normal -0.496051 -0.844612 0.201405
    outer loop
      vertex 170.799150 174.200850 -24.000000
      vertex 173.222287 172.777713 -24.000000
      vertex 162.391960 182.000000 -12.000000
    endloop
  endfacet
  facet normal -0.590991 -0.802371 0.083256
    outer loop
      vertex 173.222287 172.777713 -24.000000
      vertex 164.700000 180.300000 -12.000000
      vertex 162.391960 182.000000 -12.000000
    endloop
  endfacet
  facet normal -0.705882 -0.705882 -0.058824
    outer loop
      vertex 173.222287 172.777713 -24.000000
      vertex 175.352531 170.647469 -24.000000
      vertex 164.700000 180.300000 -12.000000
    endloop
  endfacet
  facet normal -0.491954 -0.837708 0.237121
    outer loop
      vertex 175.352531 170.647469 -24.000000
      vertex 167.122843 178.877157 -12.000000
      vertex 164.700000 180.300000 -12.000000
    endloop
  endfacet
  facet normal -0.707107 -0.707107 0.000000
    outer loop
      vertex 175.352531 170.647469 -24.000000
      vertex 177.482775 168.517225 -24.000000
      vertex 167.122843 178.877157 -12.000000
    endloop
  endfacet
  facet normal -0.484061 -0.824269 0.293710
    outer loop
      vertex 177.482775 168.517225 -24.000000
      vertex 169.545685 177.454315 -12.000000
      vertex 167.122843 178.877157 -12.000000
    endloop
  endfacet
  facet normal -0.833298 -0.530291 -0.156225
    outer loop
      vertex 177.482775 168.517225 -24.000000
      vertex 179.000000 166.133061 -24.000000
      vertex 169.545685 177.454315 -12.000000
    endloop
  endfacet
  facet normal -0.479632 -0.794752 0.371917
    outer loop
      vertex 179.000000 166.133061 -24.000000
      vertex 171.955492 176.000000 -12.000000
      vertex 169.545685 177.454315 -12.000000
    endloop
  endfacet
  facet normal -0.722588 -0.678264 0.133510
    outer loop
      vertex 179.000000 166.133061 -24.000000
      vertex 181.036156 163.963844 -24.000000
      vertex 171.955492 176.000000 -12.000000
    endloop
  endfacet
  facet normal -0.687702 -0.702288 0.184005
    outer loop
      vertex 181.036156 163.963844 -24.000000
      vertex 174.098478 173.901522 -12.000000
      vertex 171.955492 176.000000 -12.000000
    endloop
  endfacet
  facet normal -0.696311 -0.696311 0.174078
    outer loop
      vertex 181.036156 163.963844 -24.000000
      vertex 183.166400 161.833600 -24.000000
      vertex 174.098478 173.901522 -12.000000
    endloop
  endfacet
  facet normal -0.696311 -0.696311 0.174078
    outer loop
      vertex 183.166400 161.833600 -24.000000
      vertex 176.228427 171.771573 -12.000000
      vertex 174.098478 173.901522 -12.000000
    endloop
  endfacet
  facet normal -0.859595 -0.504850 -0.078888
    outer loop
      vertex 183.166400 161.833600 -24.000000
      vertex 184.589537 159.410463 -24.000000
      vertex 176.228427 171.771573 -12.000000
    endloop
  endfacet
  facet normal -0.688247 -0.688247 0.229416
    outer loop
      vertex 184.589537 159.410463 -24.000000
      vertex 178.358377 169.641623 -12.000000
      vertex 176.228427 171.771573 -12.000000
    endloop
  endfacet
  facet normal -0.688247 -0.688247 0.229416
    outer loop
      vertex 184.589537 159.410463 -24.000000
      vertex 186.719781 157.280219 -24.000000
      vertex 178.358377 169.641623 -12.000000
    endloop
  endfacet
  facet normal -0.688247 -0.688247 0.229416
    outer loop
      vertex 186.719781 157.280219 -24.000000
      vertex 180.488326 167.511674 -12.000000
      vertex 178.358377 169.641623 -12.000000
    endloop
  endfacet
  facet normal -0.862172 -0.506364 -0.015979
    outer loop
      vertex 186.719781 157.280219 -24.000000
      vertex 188.142918 154.857082 -24.000000
      vertex 180.488326 167.511674 -12.000000
    endloop
  endfacet
  facet normal -0.678280 -0.678280 0.282617
    outer loop
      vertex 188.142918 154.857082 -24.000000
      vertex 182.618276 165.381724 -12.000000
      vertex 180.488326 167.511674 -12.000000
    endloop
  endfacet
  facet normal -0.938429 -0.302645 -0.166604
    outer loop
      vertex 188.142918 154.857082 -24.000000
      vertex 189.000000 152.199478 -24.000000
      vertex 182.618276 165.381724 -12.000000
    endloop
  endfacet
  facet normal -0.858214 -0.503996 0.097243
    outer loop
      vertex 189.000000 152.199478 -24.000000
      vertex 184.041118 162.958882 -12.000000
      vertex 182.618276 165.381724 -12.000000
    endloop
  endfacet
  facet normal -0.924197 -0.000000 -0.381915
    outer loop
      vertex 189.000000 152.199478 -24.000000
      vertex 189.000000 149.186858 -24.000000
      vertex 184.041118 162.958882 -12.000000
    endloop
  endfacet
  facet normal -0.627532 -0.627532 0.460877
    outer loop
      vertex 189.000000 149.186858 -24.000000
      vertex 186.171068 160.828932 -12.000000
      vertex 184.041118 162.958882 -12.000000
    endloop
  endfacet
  facet normal -0.973319 -0.000000 -0.229455
    outer loop
      vertex 189.000000 149.186858 -24.000000
      vertex 189.000000 146.174238 -24.000000
      vertex 186.171068 160.828932 -12.000000
    endloop
  endfacet
  facet normal -0.796401 -0.467696 0.383414
    outer loop
      vertex 189.000000 146.174238 -24.000000
      vertex 187.593911 158.406089 -12.000000
      vertex 186.171068 160.828932 -12.000000
    endloop
  endfacet
  facet normal -0.993205 -0.000000 -0.116378
    outer loop
      vertex 189.000000 146.174238 -24.000000
      vertex 189.000000 143.161618 -24.000000
      vertex 187.593911 158.406089 -12.000000
    endloop
  endfacet
  facet normal -0.946254 -0.249386 0.205937
    outer loop
      vertex 189.000000 143.161618 -24.000000
      vertex 188.309646 155.690354 -12.000000
      vertex 187.593911 158.406089 -12.000000
    endloop
  endfacet
  facet normal -0.998349 -0.000000 -0.057434
    outer loop
      vertex 189.000000 143.161618 -24.000000
      vertex 189.000000 140.148999 -24.000000
      vertex 188.309646 155.690354 -12.000000
    endloop
  endfacet
  facet normal -0.937717 -0.237453 0.253582
    outer loop
      vertex 189.000000 140.148999 -24.000000
      vertex 189.000000 152.964104 -12.000000
      vertex 188.309646 155.690354 -12.000000
    endloop
  endfacet
  facet normal -1.000000 0.000000 0.000000
    outer loop
      vertex 189.000000 140.148999 -24.000000
      vertex 189.000000 137.136379 -24.000000
      vertex 189.000000 152.964104 -12.000000
    endloop
  endfacet
  facet normal -0.999824 0.011342 -0.014960
    outer loop
      vertex 189.000000 137.136379 -24.000000
      vertex 188.965988 149.965988 -12.000000
      vertex 189.000000 152.964104 -12.000000
    endloop
  endfacet
  facet normal -0.999996 -0.000000 -0.002834
    outer loop
      vertex 189.000000 137.136379 -24.000000
      vertex 189.000000 134.123759 -24.000000
      vertex 188.965988 149.965988 -12.000000
    endloop
  endfacet
  facet normal -0.716049 0.420508 -0.557178
    outer loop
      vertex 189.000000 134.123759 -24.000000
      vertex 187.543146 147.543146 -12.000000
      vertex 188.965988 149.965988 -12.000000
    endloop
  endfacet
  facet normal -0.992711 -0.000000 -0.120520
    outer loop
      vertex 189.000000 134.123759 -24.000000
      vertex 189.000000 131.111139 -24.000000
      vertex 187.543146 147.543146 -12.000000
    endloop
  endfacet
  facet normal -0.947608 0.129299 -0.292097
    outer loop
      vertex 189.000000 131.111139 -24.000000
      vertex 187.172590 144.827410 -12.000000
      vertex 187.543146 147.543146 -12.000000
    endloop
  endfacet
  facet normal -0.988603 -0.000000 -0.150549
    outer loop
      vertex 189.000000 131.111139 -24.000000
      vertex 189.000000 128.098519 -24.000000
      vertex 187.172590 144.827410 -12.000000
    endloop
  endfacet
  facet normal -0.618782 -0.501390 0.604745
    outer loop
      vertex 189.000000 128.098519 -24.000000
      vertex 189.000000 142.572144 -12.000000
      vertex 187.172590 144.827410 -12.000000
    endloop
  endfacet
  facet normal -0.938184 0.220924 -0.266464
    outer loop
      vertex 189.000000 128.098519 -24.000000
      vertex 188.353633 125.353633 -24.000000
      vertex 189.000000 142.572144 -12.000000
    endloop
  endfacet
  facet normal -0.998552 0.000000 0.053786
    outer loop
      vertex 188.353633 125.353633 -24.000000
      vertex 189.000000 139.559941 -12.000000
      vertex 189.000000 142.572144 -12.000000
    endloop
  endfacet
  facet normal -0.988344 0.121945 -0.091130
    outer loop
      vertex 188.353633 125.353633 -24.000000
      vertex 188.000000 122.487494 -24.000000
      vertex 189.000000 139.559941 -12.000000
    endloop
  endfacet
  facet normal -0.996546 0.000000 0.083045
    outer loop
      vertex 188.000000 122.487494 -24.000000
      vertex 189.000000 136.547737 -12.000000
      vertex 189.000000 139.559941 -12.000000
    endloop
  endfacet
  facet normal -0.896981 0.322158 -0.302720
    outer loop
      vertex 188.000000 122.487494 -24.000000
      vertex 187.078427 119.921573 -24.000000
      vertex 189.000000 136.547737 -12.000000
    endloop
  endfacet
  facet normal -0.987420 0.000000 0.158117
    outer loop
      vertex 187.078427 119.921573 -24.000000
      vertex 189.000000 133.535534 -12.000000
      vertex 189.000000 136.547737 -12.000000
    endloop
  endfacet
  facet normal -0.972937 -0.059486 0.223284
    outer loop
      vertex 187.078427 119.921573 -24.000000
      vertex 187.208671 117.791329 -24.000000
      vertex 189.000000 133.535534 -12.000000
    endloop
  endfacet
  facet normal -0.989041 0.000000 0.147641
    outer loop
      vertex 187.208671 117.791329 -24.000000
      vertex 189.000000 130.523330 -12.000000
      vertex 189.000000 133.535534 -12.000000
    endloop
  endfacet
  facet normal -0.876953 -0.258473 0.405149
    outer loop
      vertex 187.208671 117.791329 -24.000000
      vertex 188.000000 115.106488 -24.000000
      vertex 189.000000 130.523330 -12.000000
    endloop
  endfacet
  facet normal -0.821423 -0.316176 0.474655
    outer loop
      vertex 188.000000 115.106488 -24.000000
      vertex 190.000000 127.925341 -12.000000
      vertex 189.000000 130.523330 -12.000000
    endloop
  endfacet
  facet normal -0.986394 0.000000 0.164399
    outer loop
      vertex 188.000000 115.106488 -24.000000
      vertex 188.000000 112.093869 -24.000000
      vertex 190.000000 127.925341 -12.000000
    endloop
  endfacet
  facet normal -0.889271 0.342292 -0.303370
    outer loop
      vertex 188.000000 112.093869 -24.000000
      vertex 189.000000 125.327351 -12.000000
      vertex 190.000000 127.925341 -12.000000
    endloop
  endfacet
  facet normal -0.996546 0.000000 0.083045
    outer loop
      vertex 188.000000 112.093869 -24.000000
      vertex 188.000000 109.081249 -24.000000
      vertex 189.000000 125.327351 -12.000000
    endloop
  endfacet
  facet normal -0.974916 0.167917 -0.146090
    outer loop
      vertex 188.000000 109.081249 -24.000000
      vertex 188.515736 122.515736 -12.000000
      vertex 189.000000 125.327351 -12.000000
    endloop
  endfacet
  facet normal -0.778484 0.434489 -0.452970
    outer loop
      vertex 188.000000 109.081249 -24.000000
      vertex 186.634315 106.634315 -24.000000
      vertex 188.515736 122.515736 -12.000000
    endloop
  endfacet
  facet normal -0.730746 0.464534 -0.500218
    outer loop
      vertex 186.634315 106.634315 -24.000000
      vertex 187.000000 120.131371 -12.000000
      vertex 188.515736 122.515736 -12.000000
    endloop
  endfacet
  facet normal -0.559240 0.559240 -0.611965
    outer loop
      vertex 186.634315 106.634315 -24.000000
      vertex 184.504071 104.504071 -24.000000
      vertex 187.000000 120.131371 -12.000000
    endloop
  endfacet
  facet normal -0.900147 0.346478 -0.263985
    outer loop
      vertex 184.504071 104.504071 -24.000000
      vertex 186.000000 117.533381 -12.000000
      vertex 187.000000 120.131371 -12.000000
    endloop
  endfacet
  facet normal -0.405374 0.644043 -0.648753
    outer loop
      vertex 184.504071 104.504071 -24.000000
      vertex 182.114457 103.000000 -24.000000
      vertex 186.000000 117.533381 -12.000000
    endloop
  endfacet
  facet normal -0.925121 0.356091 -0.131718
    outer loop
      vertex 182.114457 103.000000 -24.000000
      vertex 185.000000 114.935391 -12.000000
      vertex 186.000000 117.533381 -12.000000
    endloop
  endfacet
  facet normal -0.382179 0.699509 -0.603843
    outer loop
      vertex 182.114457 103.000000 -24.000000
      vertex 179.657797 101.657797 -24.000000
      vertex 185.000000 114.935391 -12.000000
    endloop
  endfacet
  facet normal -0.933101 0.359163 0.018000
    outer loop
      vertex 179.657797 101.657797 -24.000000
      vertex 184.000000 112.337401 -12.000000
      vertex 185.000000 114.935391 -12.000000
    endloop
  endfacet
  facet normal -0.516060 0.724048 -0.457642
    outer loop
      vertex 179.657797 101.657797 -24.000000
      vertex 177.331859 100.000000 -24.000000
      vertex 184.000000 112.337401 -12.000000
    endloop
  endfacet
  facet normal -0.874112 0.000000 0.485725
    outer loop
      vertex 177.331859 100.000000 -24.000000
      vertex 184.000000 109.325198 -12.000000
      vertex 184.000000 112.337401 -12.000000
    endloop
  endfacet
  facet normal -0.266344 0.827183 -0.494802
    outer loop
      vertex 177.331859 100.000000 -24.000000
      vertex 174.811522 99.188478 -24.000000
      vertex 184.000000 109.325198 -12.000000
    endloop
  endfacet
  facet normal -0.760056 0.648979 0.033770
    outer loop
      vertex 174.811522 99.188478 -24.000000
      vertex 182.100000 107.100000 -12.000000
      vertex 184.000000 109.325198 -12.000000
    endloop
  endfacet
  facet normal 0.380921 0.648584 -0.658968
    outer loop
      vertex 174.811522 99.188478 -24.000000
      vertex 172.388385 100.611615 -24.000000
      vertex 182.100000 107.100000 -12.000000
    endloop
  endfacet
  facet normal -0.793872 0.466211 0.390402
    outer loop
      vertex 172.388385 100.611615 -24.000000
      vertex 180.677157 104.677157 -12.000000
      vertex 182.100000 107.100000 -12.000000
    endloop
  endfacet
  facet normal 0.571669 0.571669 -0.588548
    outer loop
      vertex 172.388385 100.611615 -24.000000
      vertex 170.258141 102.741859 -24.000000
      vertex 180.677157 104.677157 -12.000000
    endloop
  endfacet
  facet normal -0.632479 0.632479 0.447148
    outer loop
      vertex 170.258141 102.741859 -24.000000
      vertex 178.547208 102.547208 -12.000000
      vertex 180.677157 104.677157 -12.000000
    endloop
  endfacet
  facet normal 0.638226 0.638226 -0.430506
    outer loop
      vertex 170.258141 102.741859 -24.000000
      vertex 168.127898 104.872102 -24.000000
      vertex 178.547208 102.547208 -12.000000
    endloop
  endfacet
  facet normal -0.432936 0.737211 0.518736
    outer loop
      vertex 168.127898 104.872102 -24.000000
      vertex 176.124365 101.124365 -12.000000
      vertex 178.547208 102.547208 -12.000000
    endloop
  endfacet
  facet normal 0.323972 0.942799 0.078561
    outer loop
      vertex 168.127898 104.872102 -24.000000
      vertex 165.704760 105.704760 -24.000000
      vertex 176.124365 101.124365 -12.000000
    endloop
  endfacet
  facet normal -0.330917 0.749466 0.573406
    outer loop
      vertex 165.704760 105.704760 -24.000000
      vertex 173.577889 100.000000 -12.000000
      vertex 176.124365 101.124365 -12.000000
    endloop
  endfacet
  facet normal -0.212670 0.821004 0.529834
    outer loop
      vertex 165.704760 105.704760 -24.000000
      vertex 162.984062 105.000000 -24.000000
      vertex 173.577889 100.000000 -12.000000
    endloop
  endfacet
  facet normal -0.453798 0.606150 0.653184
    outer loop
      vertex 162.984062 105.000000 -24.000000
      vertex 171.278680 98.278680 -12.000000
      vertex 173.577889 100.000000 -12.000000
    endloop
  endfacet
  facet normal -0.005853 0.870720 0.491744
    outer loop
      vertex 162.984062 105.000000 -24.000000
      vertex 159.979807 104.979807 -24.000000
      vertex 171.278680 98.278680 -12.000000
    endloop
  endfacet
  facet normal -0.200954 0.762486 0.615006
    outer loop
      vertex 159.979807 104.979807 -24.000000
      vertex 168.562944 97.562944 -12.000000
      vertex 171.278680 98.278680 -12.000000
    endloop
  endfacet
  facet normal -0.514496 0.514496 0.685994
    outer loop
      vertex 159.979807 104.979807 -24.000000
      vertex 157.849563 102.849563 -24.000000
      vertex 168.562944 97.562944 -12.000000
    endloop
  endfacet
  facet normal -0.129798 0.859429 0.494504
    outer loop
      vertex 157.849563 102.849563 -24.000000
      vertex 165.847208 97.152792 -12.000000
      vertex 168.562944 97.562944 -12.000000
    endloop
  endfacet
  facet normal -0.598068 0.492393 0.632348
    outer loop
      vertex 157.849563 102.849563 -24.000000
      vertex 156.000000 100.603057 -24.000000
      vertex 165.847208 97.152792 -12.000000
    endloop
  endfacet
  facet normal -0.182957 0.894739 0.407392
    outer loop
      vertex 156.000000 100.603057 -24.000000
      vertex 163.717258 96.717258 -12.000000
      vertex 165.847208 97.152792 -12.000000
    endloop
  endfacet
  facet normal -0.655980 0.484496 0.578752
    outer loop
      vertex 156.000000 100.603057 -24.000000
      vertex 154.296182 98.296182 -24.000000
      vertex 163.717258 96.717258 -12.000000
    endloop
  endfacet
  facet normal -0.518511 0.694734 0.498489
    outer loop
      vertex 154.296182 98.296182 -24.000000
      vertex 161.416367 95.000000 -12.000000
      vertex 163.717258 96.717258 -12.000000
    endloop
  endfacet
  facet normal -0.602642 0.602642 0.523112
    outer loop
      vertex 154.296182 98.296182 -24.000000
      vertex 152.165938 96.165938 -24.000000
      vertex 161.416367 95.000000 -12.000000
    endloop
  endfacet
  facet normal -0.337164 0.875947 0.345017
    outer loop
      vertex 152.165938 96.165938 -24.000000
      vertex 158.818377 94.000000 -12.000000
      vertex 161.416367 95.000000 -12.000000
    endloop
  endfacet
  facet normal -0.389183 0.844390 0.368160
    outer loop
      vertex 152.165938 96.165938 -24.000000
      vertex 149.636266 95.000000 -24.000000
      vertex 158.818377 94.000000 -12.000000
    endloop
  endfacet
  facet normal -0.046002 0.991964 0.117863
    outer loop
      vertex 149.636266 95.000000 -24.000000
      vertex 155.862944 93.862944 -12.000000
      vertex 158.818377 94.000000 -12.000000
    endloop
  endfacet
  facet normal 0.000000 0.995541 0.094332
    outer loop
      vertex 149.636266 95.000000 -24.000000
      vertex 146.623646 95.000000 -24.000000
      vertex 155.862944 93.862944 -12.000000
    endloop
  endfacet
  facet normal -0.556609 0.669429 0.491988
    outer loop
      vertex 146.623646 95.000000 -24.000000
      vertex 153.622397 92.000000 -12.000000
      vertex 155.862944 93.862944 -12.000000
    endloop
  endfacet
  facet normal 0.000000 0.970143 0.242536
    outer loop
      vertex 146.623646 95.000000 -24.000000
      vertex 143.611026 95.000000 -24.000000
      vertex 153.622397 92.000000 -12.000000
    endloop
  endfacet
  facet normal 0.000000 0.970143 0.242536
    outer loop
      vertex 143.611026 95.000000 -24.000000
      vertex 150.610193 92.000000 -12.000000
      vertex 153.622397 92.000000 -12.000000
    endloop
  endfacet
  facet normal 0.000000 0.970143 0.242536
    outer loop
      vertex 143.611026 95.000000 -24.000000
      vertex 140.598406 95.000000 -24.000000
      vertex 150.610193 92.000000 -12.000000
    endloop
  endfacet
  facet normal -0.317001 0.823566 0.470371
    outer loop
      vertex 140.598406 95.000000 -24.000000
      vertex 148.012203 91.000000 -12.000000
      vertex 150.610193 92.000000 -12.000000
    endloop
  endfacet
  facet normal -0.316960 0.823592 0.470354
    outer loop
      vertex 140.598406 95.000000 -24.000000
      vertex 138.000000 94.000000 -24.000000
      vertex 148.012203 91.000000 -12.000000
    endloop
  endfacet
  facet normal 0.000000 0.970143 0.242536
    outer loop
      vertex 138.000000 94.000000 -24.000000
      vertex 145.000000 91.000000 -12.000000
      vertex 148.012203 91.000000 -12.000000
    endloop
  endfacet
  facet normal 0.347883 0.903796 0.249258
    outer loop
      vertex 145.000000 91.000000 -12.000000
      vertex 142.402010 92.000000 -12.000000
      vertex 139.000000 90.000000 0.000000
    endloop
  endfacet
  facet normal 0.342821 0.906021 0.248193
    outer loop
      vertex 142.402010 92.000000 -12.000000
      vertex 136.357157 91.000000 0.000000
      vertex 139.000000 90.000000 0.000000
    endloop
  endfacet
  facet normal 0.148691 0.976458 0.156273
    outer loop
      vertex 142.402010 92.000000 -12.000000
      vertex 139.568528 92.431472 -12.000000
      vertex 136.357157 91.000000 0.000000
    endloop
  endfacet
  facet normal 0.346597 0.916001 0.202023
    outer loop
      vertex 139.568528 92.431472 -12.000000
      vertex 133.714315 92.000000 0.000000
      vertex 136.357157 91.000000 0.000000
    endloop
  endfacet
  facet normal 0.198834 0.971114 0.131919
    outer loop
      vertex 139.568528 92.431472 -12.000000
      vertex 136.791817 93.000000 -12.000000
      vertex 133.714315 92.000000 0.000000
    endloop
  endfacet
  facet normal 0.348963 0.922254 0.166349
    outer loop
      vertex 136.791817 93.000000 -12.000000
      vertex 131.071472 93.000000 0.000000
      vertex 133.714315 92.000000 0.000000
    endloop
  endfacet
  facet normal 0.305831 0.940858 0.145788
    outer loop
      vertex 136.791817 93.000000 -12.000000
      vertex 134.137056 93.862944 -12.000000
      vertex 131.071472 93.000000 0.000000
    endloop
  endfacet
  facet normal 0.484797 0.854768 0.185317
    outer loop
      vertex 134.137056 93.862944 -12.000000
      vertex 128.595980 94.404020 0.000000
      vertex 131.071472 93.000000 0.000000
    endloop
  endfacet
  facet normal 0.254153 0.964339 0.073875
    outer loop
      vertex 134.137056 93.862944 -12.000000
      vertex 131.421320 94.578680 -12.000000
      vertex 128.595980 94.404020 0.000000
    endloop
  endfacet
  facet normal 0.505383 0.852831 0.131403
    outer loop
      vertex 131.421320 94.578680 -12.000000
      vertex 126.141421 95.858579 0.000000
      vertex 128.595980 94.404020 0.000000
    endloop
  endfacet
  facet normal 0.254839 0.966942 0.008995
    outer loop
      vertex 131.421320 94.578680 -12.000000
      vertex 128.705584 95.294416 -12.000000
      vertex 126.141421 95.858579 0.000000
    endloop
  endfacet
  facet normal 0.697667 0.706995 0.115839
    outer loop
      vertex 128.705584 95.294416 -12.000000
      vertex 123.971371 98.000000 0.000000
      vertex 126.141421 95.858579 0.000000
    endloop
  endfacet
  facet normal 0.506389 0.862288 0.005363
    outer loop
      vertex 128.705584 95.294416 -12.000000
      vertex 126.282742 96.717258 -12.000000
      vertex 123.971371 98.000000 0.000000
    endloop
  endfacet
  facet normal 0.516306 0.856368 0.007906
    outer loop
      vertex 126.282742 96.717258 -12.000000
      vertex 121.525198 99.474802 0.000000
      vertex 123.971371 98.000000 0.000000
    endloop
  endfacet
  facet normal 0.702247 0.702247 0.117041
    outer loop
      vertex 126.282742 96.717258 -12.000000
      vertex 124.152792 98.847208 -12.000000
      vertex 121.525198 99.474802 0.000000
    endloop
  endfacet
  facet normal 0.508676 0.858387 0.066490
    outer loop
      vertex 124.152792 98.847208 -12.000000
      vertex 119.070639 100.929361 0.000000
      vertex 121.525198 99.474802 0.000000
    endloop
  endfacet
  facet normal 0.505335 0.860494 0.064709
    outer loop
      vertex 124.152792 98.847208 -12.000000
      vertex 121.729949 100.270051 -12.000000
      vertex 119.070639 100.929361 0.000000
    endloop
  endfacet
  facet normal 0.702247 0.702247 0.117041
    outer loop
      vertex 121.729949 100.270051 -12.000000
      vertex 116.908974 103.091026 0.000000
      vertex 119.070639 100.929361 0.000000
    endloop
  endfacet
  facet normal 0.702247 0.702247 0.117041
    outer loop
      vertex 121.729949 100.270051 -12.000000
      vertex 119.600000 102.400000 -12.000000
      vertex 116.908974 103.091026 0.000000
    endloop
  endfacet
  facet normal 0.702247 0.702247 0.117041
    outer loop
      vertex 119.600000 102.400000 -12.000000
      vertex 114.747309 105.252691 0.000000
      vertex 116.908974 103.091026 0.000000
    endloop
  endfacet
  facet normal 0.702247 0.702247 0.117041
    outer loop
      vertex 119.600000 102.400000 -12.000000
      vertex 117.470051 104.529949 -12.000000
      vertex 114.747309 105.252691 0.000000
    endloop
  endfacet
  facet normal 0.702247 0.702247 0.117041
    outer loop
      vertex 117.470051 104.529949 -12.000000
      vertex 112.585644 107.414356 0.000000
      vertex 114.747309 105.252691 0.000000
    endloop
  endfacet
  facet normal 0.521791 0.853042 0.007343
    outer loop
      vertex 117.470051 104.529949 -12.000000
      vertex 115.066762 106.000000 -12.000000
      vertex 112.585644 107.414356 0.000000
    endloop
  endfacet
  facet normal 0.551131 0.834272 0.015622
    outer loop
      vertex 115.066762 106.000000 -12.000000
      vertex 110.185382 109.000000 0.000000
      vertex 112.585644 107.414356 0.000000
    endloop
  endfacet
  facet normal 0.692167 0.714354 0.102972
    outer loop
      vertex 115.066762 106.000000 -12.000000
      vertex 112.917258 108.082742 -12.000000
      vertex 110.185382 109.000000 0.000000
    endloop
  endfacet
  facet normal 0.679588 0.726862 0.099152
    outer loop
      vertex 112.917258 108.082742 -12.000000
      vertex 108.000000 111.043247 0.000000
      vertex 110.185382 109.000000 0.000000
    endloop
  endfacet
  facet normal 0.651794 0.754052 0.081056
    outer loop
      vertex 112.917258 108.082742 -12.000000
      vertex 110.699209 110.000000 -12.000000
      vertex 108.000000 111.043247 0.000000
    endloop
  endfacet
  facet normal 0.845305 0.514107 0.145443
    outer loop
      vertex 110.699209 110.000000 -12.000000
      vertex 106.514861 113.485139 0.000000
      vertex 108.000000 111.043247 0.000000
    endloop
  endfacet
  facet normal 0.355464 0.923491 -0.144259
    outer loop
      vertex 110.699209 110.000000 -12.000000
      vertex 108.101219 111.000000 -12.000000
      vertex 106.514861 113.485139 0.000000
    endloop
  endfacet
  facet normal 0.860262 0.509787 0.008149
    outer loop
      vertex 108.101219 111.000000 -12.000000
      vertex 105.060303 115.939697 0.000000
      vertex 106.514861 113.485139 0.000000
    endloop
  endfacet
  facet normal 0.699417 0.705684 -0.113250
    outer loop
      vertex 108.101219 111.000000 -12.000000
      vertex 106.000000 113.082557 -12.000000
      vertex 105.060303 115.939697 0.000000
    endloop
  endfacet
  facet normal 0.997108 0.019831 0.073360
    outer loop
      vertex 106.000000 113.082557 -12.000000
      vertex 105.000000 118.971775 0.000000
      vertex 105.060303 115.939697 0.000000
    endloop
  endfacet
  facet normal 0.928756 0.357490 -0.098048
    outer loop
      vertex 106.000000 113.082557 -12.000000
      vertex 105.000000 115.680547 -12.000000
      vertex 105.000000 118.971775 0.000000
    endloop
  endfacet
  facet normal 0.855974 0.498606 -0.136752
    outer loop
      vertex 105.000000 115.680547 -12.000000
      vertex 103.565400 121.434600 0.000000
      vertex 105.000000 118.971775 0.000000
    endloop
  endfacet
  facet normal 0.931539 0.358562 -0.060566
    outer loop
      vertex 105.000000 115.680547 -12.000000
      vertex 104.000000 118.278537 -12.000000
      vertex 103.565400 121.434600 0.000000
    endloop
  endfacet
  facet normal 0.833180 0.541491 -0.112240
    outer loop
      vertex 104.000000 118.278537 -12.000000
      vertex 102.000000 123.843247 0.000000
      vertex 103.565400 121.434600 0.000000
    endloop
  endfacet
  facet normal 0.986394 -0.000000 0.164399
    outer loop
      vertex 104.000000 118.278537 -12.000000
      vertex 104.000000 121.290740 -12.000000
      vertex 102.000000 123.843247 0.000000
    endloop
  endfacet
  facet normal 0.968590 0.220743 0.114478
    outer loop
      vertex 104.000000 121.290740 -12.000000
      vertex 101.363390 126.636610 0.000000
      vertex 102.000000 123.843247 0.000000
    endloop
  endfacet
  facet normal 0.932308 0.358857 0.044977
    outer loop
      vertex 104.000000 121.290740 -12.000000
      vertex 103.000000 123.888730 -12.000000
      vertex 101.363390 126.636610 0.000000
    endloop
  endfacet
  facet normal 0.986651 0.123356 0.106316
    outer loop
      vertex 103.000000 123.888730 -12.000000
      vertex 101.000000 129.543146 0.000000
      vertex 101.363390 126.636610 0.000000
    endloop
  endfacet
  facet normal 0.986394 -0.000000 0.164399
    outer loop
      vertex 103.000000 123.888730 -12.000000
      vertex 103.000000 126.900934 -12.000000
      vertex 101.000000 129.543146 0.000000
    endloop
  endfacet
  facet normal 0.980715 0.144458 0.131645
    outer loop
      vertex 103.000000 126.900934 -12.000000
      vertex 100.575593 132.424407 0.000000
      vertex 101.000000 129.543146 0.000000
    endloop
  endfacet
  facet normal 0.980195 -0.000000 0.198033
    outer loop
      vertex 103.000000 126.900934 -12.000000
      vertex 103.000000 129.913137 -12.000000
      vertex 100.575593 132.424407 0.000000
    endloop
  endfacet
  facet normal 0.874228 -0.408662 0.262145
    outer loop
      vertex 103.000000 129.913137 -12.000000
      vertex 101.586072 134.586072 0.000000
      vertex 100.575593 132.424407 0.000000
    endloop
  endfacet
  facet normal 0.993130 -0.000000 0.117018
    outer loop
      vertex 103.000000 129.913137 -12.000000
      vertex 103.000000 132.925341 -12.000000
      vertex 101.586072 134.586072 0.000000
    endloop
  endfacet
  facet normal 0.847852 -0.502433 0.169434
    outer loop
      vertex 103.000000 132.925341 -12.000000
      vertex 103.040631 137.040631 0.000000
      vertex 101.586072 134.586072 0.000000
    endloop
  endfacet
  facet normal 0.999994 0.000000 -0.003386
    outer loop
      vertex 103.000000 132.925341 -12.000000
      vertex 103.000000 135.937544 -12.000000
      vertex 103.040631 137.040631 0.000000
    endloop
  endfacet
  facet normal 0.656004 -0.751788 0.066886
    outer loop
      vertex 103.000000 135.937544 -12.000000
      vertex 105.286089 139.000000 0.000000
      vertex 103.040631 137.040631 0.000000
    endloop
  endfacet
  facet normal 0.716854 -0.696013 0.041060
    outer loop
      vertex 103.000000 135.937544 -12.000000
      vertex 105.085786 138.085786 -12.000000
      vertex 105.286089 139.000000 0.000000
    endloop
  endfacet
  facet normal 0.572041 -0.818523 0.052810
    outer loop
      vertex 105.085786 138.085786 -12.000000
      vertex 107.656854 140.656854 0.000000
      vertex 105.286089 139.000000 0.000000
    endloop
  endfacet
  facet normal 0.707107 -0.707107 -0.000000
    outer loop
      vertex 105.085786 138.085786 -12.000000
      vertex 107.215736 140.215736 -12.000000
      vertex 107.656854 140.656854 0.000000
    endloop
  endfacet
  facet normal 0.707107 -0.707107 -0.000000
    outer loop
      vertex 107.215736 140.215736 -12.000000
      vertex 109.818519 142.818519 0.000000
      vertex 107.656854 140.656854 0.000000
    endloop
  endfacet
  facet normal 0.617027 -0.786087 0.036669
    outer loop
      vertex 107.215736 140.215736 -12.000000
      vertex 109.488873 142.000000 -12.000000
      vertex 109.818519 142.818519 0.000000
    endloop
  endfacet
  facet normal 0.706814 -0.706814 0.028795
    outer loop
      vertex 109.488873 142.000000 -12.000000
      vertex 111.980185 144.980185 0.000000
      vertex 109.818519 142.818519 0.000000
    endloop
  endfacet
  facet normal 0.611508 -0.788241 0.068804
    outer loop
      vertex 109.488873 142.000000 -12.000000
      vertex 111.768528 143.768528 -12.000000
      vertex 111.980185 144.980185 0.000000
    endloop
  endfacet
  facet normal 0.964885 -0.262500 0.009486
    outer loop
      vertex 111.768528 143.768528 -12.000000
      vertex 112.727636 147.727636 0.000000
      vertex 111.980185 144.980185 0.000000
    endloop
  endfacet
  facet normal 0.858177 -0.503974 0.097684
    outer loop
      vertex 111.768528 143.768528 -12.000000
      vertex 113.191371 146.191371 -12.000000
      vertex 112.727636 147.727636 0.000000
    endloop
  endfacet
  facet normal 0.994493 -0.091998 0.050209
    outer loop
      vertex 113.191371 146.191371 -12.000000
      vertex 113.000000 150.671876 0.000000
      vertex 112.727636 147.727636 0.000000
    endloop
  endfacet
  facet normal 0.681745 -0.681745 0.265419
    outer loop
      vertex 113.191371 146.191371 -12.000000
      vertex 115.321320 148.321320 -12.000000
      vertex 113.000000 150.671876 0.000000
    endloop
  endfacet
  facet normal 0.907308 -0.343308 0.242760
    outer loop
      vertex 115.321320 148.321320 -12.000000
      vertex 114.000000 153.314719 0.000000
      vertex 113.000000 150.671876 0.000000
    endloop
  endfacet
  facet normal 0.768235 -0.556621 0.316210
    outer loop
      vertex 115.321320 148.321320 -12.000000
      vertex 117.000000 150.638192 -12.000000
      vertex 114.000000 153.314719 0.000000
    endloop
  endfacet
  facet normal 0.896824 -0.327617 0.297279
    outer loop
      vertex 117.000000 150.638192 -12.000000
      vertex 114.969991 155.969991 0.000000
      vertex 114.000000 153.314719 0.000000
    endloop
  endfacet
  facet normal 0.985991 -0.000000 0.166798
    outer loop
      vertex 117.000000 150.638192 -12.000000
      vertex 117.000000 153.650395 -12.000000
      vertex 114.969991 155.969991 0.000000
    endloop
  endfacet
  facet normal 0.907858 -0.355496 0.222297
    outer loop
      vertex 117.000000 153.650395 -12.000000
      vertex 116.000000 158.600404 0.000000
      vertex 114.969991 155.969991 0.000000
    endloop
  endfacet
  facet normal 0.879575 -0.409489 0.242213
    outer loop
      vertex 117.000000 153.650395 -12.000000
      vertex 118.175635 156.175635 -12.000000
      vertex 116.000000 158.600404 0.000000
    endloop
  endfacet
  facet normal 0.883039 -0.402443 0.241417
    outer loop
      vertex 118.175635 156.175635 -12.000000
      vertex 117.172001 161.172001 0.000000
      vertex 116.000000 158.600404 0.000000
    endloop
  endfacet
  facet normal 0.829723 -0.487264 0.272274
    outer loop
      vertex 118.175635 156.175635 -12.000000
      vertex 119.598478 158.598478 -12.000000
      vertex 117.172001 161.172001 0.000000
    endloop
  endfacet
  facet normal 0.827718 -0.490502 0.272563
    outer loop
      vertex 119.598478 158.598478 -12.000000
      vertex 118.626560 163.626560 0.000000
      vertex 117.172001 161.172001 0.000000
    endloop
  endfacet
  facet normal 0.834437 -0.480937 0.269100
    outer loop
      vertex 119.598478 158.598478 -12.000000
      vertex 121.000000 161.030152 -12.000000
      vertex 118.626560 163.626560 0.000000
    endloop
  endfacet
  facet normal 0.678606 -0.678606 0.281047
    outer loop
      vertex 121.000000 161.030152 -12.000000
      vertex 120.788225 165.788225 0.000000
      vertex 118.626560 163.626560 0.000000
    endloop
  endfacet
  facet normal 0.921689 -0.354770 0.156934
    outer loop
      vertex 121.000000 161.030152 -12.000000
      vertex 122.000000 163.628141 -12.000000
      vertex 120.788225 165.788225 0.000000
    endloop
  endfacet
  facet normal 0.890997 -0.422558 0.166037
    outer loop
      vertex 122.000000 163.628141 -12.000000
      vertex 122.000000 168.343348 0.000000
      vertex 120.788225 165.788225 0.000000
    endloop
  endfacet
  facet normal 0.924092 -0.355695 0.139765
    outer loop
      vertex 122.000000 163.628141 -12.000000
      vertex 123.000000 166.226131 -12.000000
      vertex 122.000000 168.343348 0.000000
    endloop
  endfacet
  facet normal 0.926204 -0.350458 0.139017
    outer loop
      vertex 123.000000 166.226131 -12.000000
      vertex 123.000000 170.986190 0.000000
      vertex 122.000000 168.343348 0.000000
    endloop
  endfacet
  facet normal 0.942219 -0.311394 0.123521
    outer loop
      vertex 123.000000 166.226131 -12.000000
      vertex 123.875635 168.875635 -12.000000
      vertex 123.000000 170.986190 0.000000
    endloop
  endfacet
  facet normal 0.698659 -0.694204 0.173077
    outer loop
      vertex 123.875635 168.875635 -12.000000
      vertex 125.151900 173.151900 0.000000
      vertex 123.000000 170.986190 0.000000
    endloop
  endfacet
  facet normal 0.858925 -0.504414 0.088399
    outer loop
      vertex 123.875635 168.875635 -12.000000
      vertex 125.298478 171.298478 -12.000000
      vertex 125.151900 173.151900 0.000000
    endloop
  endfacet
  facet normal 0.774026 -0.624240 0.105870
    outer loop
      vertex 125.298478 171.298478 -12.000000
      vertex 127.000000 175.443449 0.000000
      vertex 125.151900 173.151900 0.000000
    endloop
  endfacet
  facet normal 0.699889 -0.699889 0.142512
    outer loop
      vertex 125.298478 171.298478 -12.000000
      vertex 127.428427 173.428427 -12.000000
      vertex 127.000000 175.443449 0.000000
    endloop
  endfacet
  facet normal 0.789287 -0.600324 0.128985
    outer loop
      vertex 127.428427 173.428427 -12.000000
      vertex 128.768124 177.768124 0.000000
      vertex 127.000000 175.443449 0.000000
    endloop
  endfacet
  facet normal 0.696311 -0.696311 0.174078
    outer loop
      vertex 127.428427 173.428427 -12.000000
      vertex 129.558377 175.558377 -12.000000
      vertex 128.768124 177.768124 0.000000
    endloop
  endfacet
  facet normal 0.427428 -0.883670 0.190872
    outer loop
      vertex 129.558377 175.558377 -12.000000
      vertex 131.314921 179.000000 0.000000
      vertex 128.768124 177.768124 0.000000
    endloop
  endfacet
  facet normal 0.862145 -0.506305 0.019010
    outer loop
      vertex 129.558377 175.558377 -12.000000
      vertex 130.981219 177.981219 -12.000000
      vertex 131.314921 179.000000 0.000000
    endloop
  endfacet
  facet normal 0.578105 -0.814236 0.053051
    outer loop
      vertex 130.981219 177.981219 -12.000000
      vertex 133.677241 180.677241 0.000000
      vertex 131.314921 179.000000 0.000000
    endloop
  endfacet
  facet normal 0.859557 -0.504785 -0.079706
    outer loop
      vertex 130.981219 177.981219 -12.000000
      vertex 132.404062 180.404062 -12.000000
      vertex 133.677241 180.677241 0.000000
    endloop
  endfacet
  facet normal 0.466140 -0.884225 -0.029327
    outer loop
      vertex 132.404062 180.404062 -12.000000
      vertex 136.186393 182.000000 0.000000
      vertex 133.677241 180.677241 0.000000
    endloop
  endfacet
  facet normal 0.701310 -0.701310 -0.127778
    outer loop
      vertex 132.404062 180.404062 -12.000000
      vertex 134.534012 182.534012 -12.000000
      vertex 136.186393 182.000000 0.000000
    endloop
  endfacet
  facet normal 0.352458 -0.931491 -0.089985
    outer loop
      vertex 134.534012 182.534012 -12.000000
      vertex 138.829235 183.000000 0.000000
      vertex 136.186393 182.000000 0.000000
    endloop
  endfacet
  facet normal 0.500956 -0.853037 -0.146184
    outer loop
      vertex 134.534012 182.534012 -12.000000
      vertex 136.956854 183.956854 -12.000000
      vertex 138.829235 183.000000 0.000000
    endloop
  endfacet
  facet normal 0.000000 -0.996836 -0.079486
    outer loop
      vertex 136.956854 183.956854 -12.000000
      vertex 141.886292 183.000000 0.000000
      vertex 138.829235 183.000000 0.000000
    endloop
  endfacet
  facet normal 0.014355 -0.996249 -0.085336
    outer loop
      vertex 136.956854 183.956854 -12.000000
      vertex 139.951186 184.000000 -12.000000
      vertex 141.886292 183.000000 0.000000
    endloop
  endfacet
  facet normal 0.350712 -0.926876 -0.133795
    outer loop
      vertex 139.951186 184.000000 -12.000000
      vertex 144.529134 184.000000 0.000000
      vertex 141.886292 183.000000 0.000000
    endloop
  endfacet
  facet normal 0.355895 -0.924611 -0.135772
    outer loop
      vertex 139.951186 184.000000 -12.000000
      vertex 142.549176 185.000000 -12.000000
      vertex 144.529134 184.000000 0.000000
    endloop
  endfacet
  facet normal 0.000000 -0.996546 -0.083045
    outer loop
      vertex 142.549176 185.000000 -12.000000
      vertex 147.586190 184.000000 0.000000
      vertex 144.529134 184.000000 0.000000
    endloop
  endfacet
  facet normal -0.358267 -0.930775 0.072819
    outer loop
      vertex 142.549176 185.000000 -12.000000
      vertex 145.147166 184.000000 -12.000000
      vertex 147.586190 184.000000 0.000000
    endloop
  endfacet
  facet normal 0.000000 -1.000000 0.000000
    outer loop
      vertex 145.147166 184.000000 -12.000000
      vertex 150.643247 184.000000 0.000000
      vertex 147.586190 184.000000 0.000000
    endloop
  endfacet
  facet normal 0.000000 -1.000000 0.000000
    outer loop
      vertex 145.147166 184.000000 -12.000000
      vertex 148.159369 184.000000 -12.000000
      vertex 150.643247 184.000000 0.000000
    endloop
  endfacet
  facet normal -0.170965 -0.984641 0.035388
    outer loop
      vertex 148.159369 184.000000 -12.000000
      vertex 153.495189 183.504811 0.000000
      vertex 150.643247 184.000000 0.000000
    endloop
  endfacet
  facet normal 0.000000 -0.999150 -0.041231
    outer loop
      vertex 148.159369 184.000000 -12.000000
      vertex 151.171573 184.000000 -12.000000
      vertex 153.495189 183.504811 0.000000
    endloop
  endfacet
  facet normal -0.174529 -0.984628 -0.006837
    outer loop
      vertex 151.171573 184.000000 -12.000000
      vertex 156.343146 183.000000 0.000000
      vertex 153.495189 183.504811 0.000000
    endloop
  endfacet
  facet normal -0.299241 -0.952890 0.049555
    outer loop
      vertex 151.171573 184.000000 -12.000000
      vertex 153.837056 183.162944 -12.000000
      vertex 156.343146 183.000000 0.000000
    endloop
  endfacet
  facet normal -0.349706 -0.934915 0.060338
    outer loop
      vertex 153.837056 183.162944 -12.000000
      vertex 158.990092 182.009908 0.000000
      vertex 156.343146 183.000000 0.000000
    endloop
  endfacet
  facet normal -0.055106 -0.995879 -0.072027
    outer loop
      vertex 153.837056 183.162944 -12.000000
      vertex 156.781766 183.000000 -12.000000
      vertex 158.990092 182.009908 0.000000
    endloop
  endfacet
  facet normal -0.013226 -0.996723 -0.079803
    outer loop
      vertex 156.781766 183.000000 -12.000000
      vertex 162.030437 181.969563 0.000000
      vertex 158.990092 182.009908 0.000000
    endloop
  endfacet
  facet normal -0.358161 -0.930499 0.076754
    outer loop
      vertex 156.781766 183.000000 -12.000000
      vertex 159.379756 182.000000 -12.000000
      vertex 162.030437 181.969563 0.000000
    endloop
  endfacet
  facet normal -0.506724 -0.855093 0.109761
    outer loop
      vertex 159.379756 182.000000 -12.000000
      vertex 164.484996 180.515004 0.000000
      vertex 162.030437 181.969563 0.000000
    endloop
  endfacet
  facet normal 0.000000 -0.992430 -0.122813
    outer loop
      vertex 159.379756 182.000000 -12.000000
      vertex 162.391960 182.000000 -12.000000
      vertex 164.484996 180.515004 0.000000
    endloop
  endfacet
  facet normal -0.509725 -0.860158 -0.017538
    outer loop
      vertex 162.391960 182.000000 -12.000000
      vertex 166.939554 179.060446 0.000000
      vertex 164.484996 180.515004 0.000000
    endloop
  endfacet
  facet normal -0.592825 -0.804862 0.027500
    outer loop
      vertex 162.391960 182.000000 -12.000000
      vertex 164.700000 180.300000 -12.000000
      vertex 166.939554 179.060446 0.000000
    endloop
  endfacet
  facet normal -0.375330 -0.926536 -0.025660
    outer loop
      vertex 164.700000 180.300000 -12.000000
      vertex 169.557359 178.000000 0.000000
      vertex 166.939554 179.060446 0.000000
    endloop
  endfacet
  facet normal -0.505998 -0.861622 0.039673
    outer loop
      vertex 164.700000 180.300000 -12.000000
      vertex 167.122843 178.877157 -12.000000
      vertex 169.557359 178.000000 0.000000
    endloop
  endfacet
  facet normal -0.404031 -0.914621 0.015113
    outer loop
      vertex 167.122843 178.877157 -12.000000
      vertex 172.141564 176.858436 0.000000
      vertex 169.557359 178.000000 0.000000
    endloop
  endfacet
  facet normal -0.505273 -0.860388 0.066578
    outer loop
      vertex 167.122843 178.877157 -12.000000
      vertex 169.545685 177.454315 -12.000000
      vertex 172.141564 176.858436 0.000000
    endloop
  endfacet
  facet normal -0.702247 -0.702247 0.117041
    outer loop
      vertex 169.545685 177.454315 -12.000000
      vertex 174.303229 174.696771 0.000000
      vertex 172.141564 176.858436 0.000000
    endloop
  endfacet
  facet normal -0.516679 -0.856141 0.008107
    outer loop
      vertex 169.545685 177.454315 -12.000000
      vertex 171.955492 176.000000 -12.000000
      vertex 174.303229 174.696771 0.000000
    endloop
  endfacet
  facet normal -0.509794 -0.860274 0.006311
    outer loop
      vertex 171.955492 176.000000 -12.000000
      vertex 176.757788 173.242212 0.000000
      vertex 174.303229 174.696771 0.000000
    endloop
  endfacet
  facet normal -0.695004 -0.709745 0.115024
    outer loop
      vertex 171.955492 176.000000 -12.000000
      vertex 174.098478 173.901522 -12.000000
      vertex 176.757788 173.242212 0.000000
    endloop
  endfacet
  facet normal -0.702247 -0.702247 0.117041
    outer loop
      vertex 174.098478 173.901522 -12.000000
      vertex 178.919453 171.080547 0.000000
      vertex 176.757788 173.242212 0.000000
    endloop
  endfacet
  facet normal -0.702247 -0.702247 0.117041
    outer loop
      vertex 174.098478 173.901522 -12.000000
      vertex 176.228427 171.771573 -12.000000
      vertex 178.919453 171.080547 0.000000
    endloop
  endfacet
  facet normal -0.702247 -0.702247 0.117041
    outer loop
      vertex 176.228427 171.771573 -12.000000
      vertex 181.081118 168.918882 0.000000
      vertex 178.919453 171.080547 0.000000
    endloop
  endfacet
  facet normal -0.702247 -0.702247 0.117041
    outer loop
      vertex 176.228427 171.771573 -12.000000
      vertex 178.358377 169.641623 -12.000000
      vertex 181.081118 168.918882 0.000000
    endloop
  endfacet
  facet normal -0.702247 -0.702247 0.117041
    outer loop
      vertex 178.358377 169.641623 -12.000000
      vertex 183.242784 166.757216 0.000000
      vertex 181.081118 168.918882 0.000000
    endloop
  endfacet
  facet normal -0.702247 -0.702247 0.117041
    outer loop
      vertex 178.358377 169.641623 -12.000000
      vertex 180.488326 167.511674 -12.000000
      vertex 183.242784 166.757216 0.000000
    endloop
  endfacet
  facet normal -0.944403 -0.260668 0.200388
    outer loop
      vertex 180.488326 167.511674 -12.000000
      vertex 184.000000 164.013810 0.000000
      vertex 183.242784 166.757216 0.000000
    endloop
  endfacet
  facet normal -0.707107 -0.707107 0.000814
    outer loop
      vertex 180.488326 167.511674 -12.000000
      vertex 182.618276 165.381724 -12.000000
      vertex 184.000000 164.013810 0.000000
    endloop
  endfacet
  facet normal -0.709364 -0.704841 0.001332
    outer loop
      vertex 182.618276 165.381724 -12.000000
      vertex 186.151900 161.848100 0.000000
      vertex 184.000000 164.013810 0.000000
    endloop
  endfacet
  facet normal -0.857604 -0.503638 0.104232
    outer loop
      vertex 182.618276 165.381724 -12.000000
      vertex 184.041118 162.958882 -12.000000
      vertex 186.151900 161.848100 0.000000
    endloop
  endfacet
  facet normal -0.855664 -0.507062 0.103574
    outer loop
      vertex 184.041118 162.958882 -12.000000
      vertex 187.606459 159.393541 0.000000
      vertex 186.151900 161.848100 0.000000
    endloop
  endfacet
  facet normal -0.707107 -0.707107 0.000000
    outer loop
      vertex 184.041118 162.958882 -12.000000
      vertex 186.171068 160.828932 -12.000000
      vertex 187.606459 159.393541 0.000000
    endloop
  endfacet
  facet normal -0.870872 -0.489386 0.045632
    outer loop
      vertex 186.171068 160.828932 -12.000000
      vertex 189.000000 156.913708 0.000000
      vertex 187.606459 159.393541 0.000000
    endloop
  endfacet
  facet normal -0.861677 -0.506030 0.038034
    outer loop
      vertex 186.171068 160.828932 -12.000000
      vertex 187.593911 158.406089 -12.000000
      vertex 189.000000 156.913708 0.000000
    endloop
  endfacet
  facet normal -0.993123 -0.033387 0.112216
    outer loop
      vertex 187.593911 158.406089 -12.000000
      vertex 189.101362 153.898638 0.000000
      vertex 189.000000 156.913708 0.000000
    endloop
  endfacet
  facet normal -0.966660 -0.254765 0.025738
    outer loop
      vertex 187.593911 158.406089 -12.000000
      vertex 188.309646 155.690354 -12.000000
      vertex 189.101362 153.898638 0.000000
    endloop
  endfacet
  facet normal -0.860130 -0.509708 -0.019356
    outer loop
      vertex 188.309646 155.690354 -12.000000
      vertex 190.555921 151.444079 0.000000
      vertex 189.101362 153.898638 0.000000
    endloop
  endfacet
  facet normal -0.965094 -0.244386 0.094178
    outer loop
      vertex 188.309646 155.690354 -12.000000
      vertex 189.000000 152.964104 -12.000000
      vertex 190.555921 151.444079 0.000000
    endloop
  endfacet
  facet normal -0.982468 -0.151854 0.108152
    outer loop
      vertex 189.000000 152.964104 -12.000000
      vertex 191.000000 148.570967 0.000000
      vertex 190.555921 151.444079 0.000000
    endloop
  endfacet
  facet normal -0.985660 0.011182 0.168370
    outer loop
      vertex 189.000000 152.964104 -12.000000
      vertex 188.965988 149.965988 -12.000000
      vertex 191.000000 148.570967 0.000000
    endloop
  endfacet
  facet normal -0.985937 0.000000 0.167117
    outer loop
      vertex 188.965988 149.965988 -12.000000
      vertex 191.000000 145.513911 0.000000
      vertex 191.000000 148.570967 0.000000
    endloop
  endfacet
  facet normal -0.817878 0.480308 0.316828
    outer loop
      vertex 188.965988 149.965988 -12.000000
      vertex 187.543146 147.543146 -12.000000
      vertex 191.000000 145.513911 0.000000
    endloop
  endfacet
  facet normal -0.947468 0.125566 0.294172
    outer loop
      vertex 187.543146 147.543146 -12.000000
      vertex 190.615938 142.615938 0.000000
      vertex 191.000000 145.513911 0.000000
    endloop
  endfacet
  facet normal -0.946595 0.129161 0.295424
    outer loop
      vertex 187.543146 147.543146 -12.000000
      vertex 187.172590 144.827410 -12.000000
      vertex 190.615938 142.615938 0.000000
    endloop
  endfacet
  facet normal -0.939421 0.165637 0.300088
    outer loop
      vertex 187.172590 144.827410 -12.000000
      vertex 190.131514 139.868486 0.000000
      vertex 190.615938 142.615938 0.000000
    endloop
  endfacet
  facet normal -0.775135 -0.628081 -0.068420
    outer loop
      vertex 187.172590 144.827410 -12.000000
      vertex 189.000000 142.572144 -12.000000
      vertex 190.131514 139.868486 0.000000
    endloop
  endfacet
  facet normal -0.951671 -0.306421 0.020698
    outer loop
      vertex 189.000000 142.572144 -12.000000
      vertex 191.000000 137.171169 0.000000
      vertex 190.131514 139.868486 0.000000
    endloop
  endfacet
  facet normal -0.986394 0.000000 0.164399
    outer loop
      vertex 189.000000 142.572144 -12.000000
      vertex 189.000000 139.559941 -12.000000
      vertex 191.000000 137.171169 0.000000
    endloop
  endfacet
  facet normal -0.955742 0.214003 0.201891
    outer loop
      vertex 189.000000 139.559941 -12.000000
      vertex 190.373583 134.373583 0.000000
      vertex 191.000000 137.171169 0.000000
    endloop
  endfacet
  facet normal -0.993513 0.000000 0.113723
    outer loop
      vertex 189.000000 139.559941 -12.000000
      vertex 189.000000 136.547737 -12.000000
      vertex 190.373583 134.373583 0.000000
    endloop
  endfacet
  facet normal -0.982684 0.126490 0.135401
    outer loop
      vertex 189.000000 136.547737 -12.000000
      vertex 190.000000 131.471270 0.000000
      vertex 190.373583 134.373583 0.000000
    endloop
  endfacet
  facet normal -0.996546 0.000000 0.083045
    outer loop
      vertex 189.000000 136.547737 -12.000000
      vertex 189.000000 133.535534 -12.000000
      vertex 190.000000 131.471270 0.000000
    endloop
  endfacet
  facet normal -0.996546 0.000000 0.083045
    outer loop
      vertex 189.000000 133.535534 -12.000000
      vertex 190.000000 128.414214 0.000000
      vertex 190.000000 131.471270 0.000000
    endloop
  endfacet
  facet normal -0.996546 0.000000 0.083045
    outer loop
      vertex 189.000000 133.535534 -12.000000
      vertex 189.000000 130.523330 -12.000000
      vertex 190.000000 128.414214 0.000000
    endloop
  endfacet
  facet normal -0.926234 0.350469 0.138785
    outer loop
      vertex 189.000000 130.523330 -12.000000
      vertex 189.000000 125.771371 0.000000
      vertex 190.000000 128.414214 0.000000
    endloop
  endfacet
  facet normal -0.923951 -0.355641 -0.140833
    outer loop
      vertex 189.000000 130.523330 -12.000000
      vertex 190.000000 127.925341 -12.000000
      vertex 189.000000 125.771371 0.000000
    endloop
  endfacet
  facet normal -0.995197 0.067613 -0.070797
    outer loop
      vertex 190.000000 127.925341 -12.000000
      vertex 188.797990 122.797990 0.000000
      vertex 189.000000 125.771371 0.000000
    endloop
  endfacet
  facet normal -0.931577 0.358576 0.059898
    outer loop
      vertex 190.000000 127.925341 -12.000000
      vertex 189.000000 125.327351 -12.000000
      vertex 188.797990 122.797990 0.000000
    endloop
  endfacet
  facet normal -0.784163 0.609745 0.115321
    outer loop
      vertex 189.000000 125.327351 -12.000000
      vertex 187.000000 120.485685 0.000000
      vertex 188.797990 122.797990 0.000000
    endloop
  endfacet
  facet normal -0.981001 0.168965 -0.095328
    outer loop
      vertex 189.000000 125.327351 -12.000000
      vertex 188.515736 122.515736 -12.000000
      vertex 187.000000 120.485685 0.000000
    endloop
  endfacet
  facet normal -0.918247 0.392900 -0.049518
    outer loop
      vertex 188.515736 122.515736 -12.000000
      vertex 185.888873 117.888873 0.000000
      vertex 187.000000 120.485685 0.000000
    endloop
  endfacet
  facet normal -0.843710 0.536344 0.022107
    outer loop
      vertex 188.515736 122.515736 -12.000000
      vertex 187.000000 120.131371 -12.000000
      vertex 185.888873 117.888873 0.000000
    endloop
  endfacet
  facet normal -0.705541 0.705541 0.066519
    outer loop
      vertex 187.000000 120.131371 -12.000000
      vertex 183.727208 115.727208 0.000000
      vertex 185.888873 117.888873 0.000000
    endloop
  endfacet
  facet normal -0.926307 0.356548 -0.121776
    outer loop
      vertex 187.000000 120.131371 -12.000000
      vertex 186.000000 117.533381 -12.000000
      vertex 183.727208 115.727208 0.000000
    endloop
  endfacet
  facet normal -0.803164 0.592423 -0.062951
    outer loop
      vertex 186.000000 117.533381 -12.000000
      vertex 182.000000 113.385584 0.000000
      vertex 183.727208 115.727208 0.000000
    endloop
  endfacet
  facet normal -0.917364 0.353105 -0.183737
    outer loop
      vertex 186.000000 117.533381 -12.000000
      vertex 185.000000 114.935391 -12.000000
      vertex 182.000000 113.385584 0.000000
    endloop
  endfacet
  facet normal -0.764702 0.635072 -0.109156
    outer loop
      vertex 185.000000 114.935391 -12.000000
      vertex 180.110984 111.110984 0.000000
      vertex 182.000000 113.385584 0.000000
    endloop
  endfacet
  facet normal -0.901949 0.347172 -0.256826
    outer loop
      vertex 185.000000 114.935391 -12.000000
      vertex 184.000000 112.337401 -12.000000
      vertex 180.110984 111.110984 0.000000
    endloop
  endfacet
  facet normal -0.839001 0.497187 -0.221094
    outer loop
      vertex 184.000000 112.337401 -12.000000
      vertex 178.656426 108.656426 0.000000
      vertex 180.110984 111.110984 0.000000
    endloop
  endfacet
  facet normal -0.913522 -0.000000 -0.406789
    outer loop
      vertex 184.000000 112.337401 -12.000000
      vertex 184.000000 109.325198 -12.000000
      vertex 178.656426 108.656426 0.000000
    endloop
  endfacet
  facet normal -0.681715 0.681715 -0.265574
    outer loop
      vertex 184.000000 109.325198 -12.000000
      vertex 176.494760 106.494760 0.000000
      vertex 178.656426 108.656426 0.000000
    endloop
  endfacet
  facet normal -0.723787 0.618010 -0.306913
    outer loop
      vertex 184.000000 109.325198 -12.000000
      vertex 182.100000 107.100000 -12.000000
      vertex 176.494760 106.494760 0.000000
    endloop
  endfacet
  facet normal -0.799059 0.489929 -0.348533
    outer loop
      vertex 182.100000 107.100000 -12.000000
      vertex 175.000000 104.056854 0.000000
      vertex 176.494760 106.494760 0.000000
    endloop
  endfacet
  facet normal -0.805589 0.473092 -0.356666
    outer loop
      vertex 182.100000 107.100000 -12.000000
      vertex 180.677157 104.677157 -12.000000
      vertex 175.000000 104.056854 0.000000
    endloop
  endfacet
  facet normal -0.685639 0.667744 -0.289857
    outer loop
      vertex 180.677157 104.677157 -12.000000
      vertex 172.878537 101.878537 0.000000
      vertex 175.000000 104.056854 0.000000
    endloop
  endfacet
  facet normal -0.678280 0.678280 -0.282617
    outer loop
      vertex 180.677157 104.677157 -12.000000
      vertex 178.547208 102.547208 -12.000000
      vertex 172.878537 101.878537 0.000000
    endloop
  endfacet
  facet normal -0.615973 0.747266 -0.249340
    outer loop
      vertex 178.547208 102.547208 -12.000000
      vertex 170.599596 100.000000 0.000000
      vertex 172.878537 101.878537 0.000000
    endloop
  endfacet
  facet normal -0.500620 0.852465 -0.150611
    outer loop
      vertex 178.547208 102.547208 -12.000000
      vertex 176.124365 101.124365 -12.000000
      vertex 170.599596 100.000000 0.000000
    endloop
  endfacet
  facet normal 0.353494 0.902162 0.247277
    outer loop
      vertex 176.124365 101.124365 -12.000000
      vertex 167.969420 101.030580 0.000000
      vertex 170.599596 100.000000 0.000000
    endloop
  endfacet
  facet normal -0.390213 0.883758 -0.258273
    outer loop
      vertex 176.124365 101.124365 -12.000000
      vertex 173.577889 100.000000 -12.000000
      vertex 167.969420 101.030580 0.000000
    endloop
  endfacet
  facet normal 0.193564 0.981068 0.006210
    outer loop
      vertex 173.577889 100.000000 -12.000000
      vertex 165.514861 101.514861 0.000000
      vertex 167.969420 101.030580 0.000000
    endloop
  endfacet
  facet normal -0.535237 0.714929 -0.449887
    outer loop
      vertex 173.577889 100.000000 -12.000000
      vertex 171.278680 98.278680 -12.000000
      vertex 165.514861 101.514861 0.000000
    endloop
  endfacet
  facet normal -0.624695 0.624695 -0.468521
    outer loop
      vertex 171.278680 98.278680 -12.000000
      vertex 163.353196 99.353196 0.000000
      vertex 165.514861 101.514861 0.000000
    endloop
  endfacet
  facet normal -0.246952 0.937018 -0.247005
    outer loop
      vertex 171.278680 98.278680 -12.000000
      vertex 168.562944 97.562944 -12.000000
      vertex 163.353196 99.353196 0.000000
    endloop
  endfacet
  facet normal -0.653682 0.653682 -0.381314
    outer loop
      vertex 168.562944 97.562944 -12.000000
      vertex 161.191531 97.191531 0.000000
      vertex 163.353196 99.353196 0.000000
    endloop
  endfacet
  facet normal -0.149056 0.986944 -0.061016
    outer loop
      vertex 168.562944 97.562944 -12.000000
      vertex 165.847208 97.152792 -12.000000
      vertex 161.191531 97.191531 0.000000
    endloop
  endfacet
  facet normal -0.855065 0.397439 -0.333025
    outer loop
      vertex 165.847208 97.152792 -12.000000
      vertex 160.000000 94.628023 0.000000
      vertex 161.191531 97.191531 0.000000
    endloop
  endfacet
  facet normal -0.199166 0.974009 0.107882
    outer loop
      vertex 165.847208 97.152792 -12.000000
      vertex 163.717258 96.717258 -12.000000
      vertex 160.000000 94.628023 0.000000
    endloop
  endfacet
  facet normal -0.955275 0.098862 -0.278705
    outer loop
      vertex 163.717258 96.717258 -12.000000
      vertex 159.696628 91.696628 0.000000
      vertex 160.000000 94.628023 0.000000
    endloop
  endfacet
  facet normal -0.592755 0.794211 0.133682
    outer loop
      vertex 163.717258 96.717258 -12.000000
      vertex 161.416367 95.000000 -12.000000
      vertex 159.696628 91.696628 0.000000
    endloop
  endfacet
  facet normal -0.579043 0.803498 0.138204
    outer loop
      vertex 161.416367 95.000000 -12.000000
      vertex 157.342338 90.000000 0.000000
      vertex 159.696628 91.696628 0.000000
    endloop
  endfacet
  facet normal -0.347072 0.901689 0.257872
    outer loop
      vertex 161.416367 95.000000 -12.000000
      vertex 158.818377 94.000000 -12.000000
      vertex 157.342338 90.000000 0.000000
    endloop
  endfacet
  facet normal 0.000000 0.948683 0.316228
    outer loop
      vertex 158.818377 94.000000 -12.000000
      vertex 154.285281 90.000000 0.000000
      vertex 157.342338 90.000000 0.000000
    endloop
  endfacet
  facet normal -0.044178 0.952645 0.300860
    outer loop
      vertex 158.818377 94.000000 -12.000000
      vertex 155.862944 93.862944 -12.000000
      vertex 154.285281 90.000000 0.000000
    endloop
  endfacet
  facet normal 0.000000 0.951894 0.306426
    outer loop
      vertex 155.862944 93.862944 -12.000000
      vertex 151.228225 90.000000 0.000000
      vertex 154.285281 90.000000 0.000000
    endloop
  endfacet
  facet normal -0.639338 0.768926 0.000597
    outer loop
      vertex 155.862944 93.862944 -12.000000
      vertex 153.622397 92.000000 -12.000000
      vertex 151.228225 90.000000 0.000000
    endloop
  endfacet
  facet normal 0.000000 0.986394 0.164399
    outer loop
      vertex 153.622397 92.000000 -12.000000
      vertex 148.171169 90.000000 0.000000
      vertex 151.228225 90.000000 0.000000
    endloop
  endfacet
  facet normal 0.000000 0.986394 0.164399
    outer loop
      vertex 153.622397 92.000000 -12.000000
      vertex 150.610193 92.000000 -12.000000
      vertex 148.171169 90.000000 0.000000
    endloop
  endfacet
  facet normal 0.000000 0.986394 0.164399
    outer loop
      vertex 150.610193 92.000000 -12.000000
      vertex 145.114113 90.000000 0.000000
      vertex 148.171169 90.000000 0.000000
    endloop
  endfacet
  facet normal -0.359207 0.933215 -0.008983
    outer loop
      vertex 150.610193 92.000000 -12.000000
      vertex 148.012203 91.000000 -12.000000
      vertex 145.114113 90.000000 0.000000
    endloop
  endfacet
  facet normal 0.000000 0.996546 0.083045
    outer loop
      vertex 148.012203 91.000000 -12.000000
      vertex 142.057056 90.000000 0.000000
      vertex 145.114113 90.000000 0.000000
    endloop
  endfacet
  facet normal 0.000000 0.996546 0.083045
    outer loop
      vertex 148.012203 91.000000 -12.000000
      vertex 145.000000 91.000000 -12.000000
      vertex 142.057056 90.000000 0.000000
    endloop
  endfacet
  facet normal 0.000000 0.996546 0.083045
    outer loop
      vertex 145.000000 91.000000 -12.000000
      vertex 139.000000 90.000000 0.000000
      vertex 142.057056 90.000000 0.000000
    endloop
  endfacet
  facet normal 0.352705 0.932145 -0.081880
    outer loop
      vertex 139.000000 90.000000 0.000000
      vertex 136.357157 91.000000 0.000000
      vertex 155.000000 85.000000 12.000000
    endloop
  endfacet
  facet normal 0.327702 0.944053 -0.037081
    outer loop
      vertex 136.357157 91.000000 0.000000
      vertex 152.119167 86.000000 12.000000
      vertex 155.000000 85.000000 12.000000
    endloop
  endfacet
  facet normal 0.352899 0.932657 -0.074926
    outer loop
      vertex 136.357157 91.000000 0.000000
      vertex 133.714315 92.000000 0.000000
      vertex 152.119167 86.000000 12.000000
    endloop
  endfacet
  facet normal 0.000000 0.894427 0.447214
    outer loop
      vertex 133.714315 92.000000 0.000000
      vertex 148.824121 86.000000 12.000000
      vertex 152.119167 86.000000 12.000000
    endloop
  endfacet
  facet normal 0.353808 0.935059 0.022032
    outer loop
      vertex 133.714315 92.000000 0.000000
      vertex 131.071472 93.000000 0.000000
      vertex 148.824121 86.000000 12.000000
    endloop
  endfacet
  facet normal 0.327216 0.942656 0.065803
    outer loop
      vertex 131.071472 93.000000 0.000000
      vertex 145.943289 87.000000 12.000000
      vertex 148.824121 86.000000 12.000000
    endloop
  endfacet
  facet normal 0.485834 0.856596 -0.173805
    outer loop
      vertex 131.071472 93.000000 0.000000
      vertex 128.595980 94.404020 0.000000
      vertex 145.943289 87.000000 12.000000
    endloop
  endfacet
  facet normal 0.000000 0.851043 0.525095
    outer loop
      vertex 128.595980 94.404020 0.000000
      vertex 142.648242 87.000000 12.000000
      vertex 145.943289 87.000000 12.000000
    endloop
  endfacet
  facet normal 0.508691 0.858412 -0.066046
    outer loop
      vertex 128.595980 94.404020 0.000000
      vertex 126.141421 95.858579 0.000000
      vertex 142.648242 87.000000 12.000000
    endloop
  endfacet
  facet normal 0.318411 0.917288 0.239160
    outer loop
      vertex 126.141421 95.858579 0.000000
      vertex 139.767410 88.000000 12.000000
      vertex 142.648242 87.000000 12.000000
    endloop
  endfacet
  facet normal 0.666730 0.675644 -0.314605
    outer loop
      vertex 126.141421 95.858579 0.000000
      vertex 123.971371 98.000000 0.000000
      vertex 139.767410 88.000000 12.000000
    endloop
  endfacet
  facet normal 0.308974 0.890103 0.335039
    outer loop
      vertex 123.971371 98.000000 0.000000
      vertex 136.886577 89.000000 12.000000
      vertex 139.767410 88.000000 12.000000
    endloop
  endfacet
  facet normal 0.514397 0.853202 0.086273
    outer loop
      vertex 123.971371 98.000000 0.000000
      vertex 121.525198 99.474802 0.000000
      vertex 136.886577 89.000000 12.000000
    endloop
  endfacet
  facet normal 0.000000 0.753360 0.657608
    outer loop
      vertex 121.525198 99.474802 0.000000
      vertex 133.591531 89.000000 12.000000
      vertex 136.886577 89.000000 12.000000
    endloop
  endfacet
  facet normal 0.495914 0.836853 0.231833
    outer loop
      vertex 121.525198 99.474802 0.000000
      vertex 119.070639 100.929361 0.000000
      vertex 133.591531 89.000000 12.000000
    endloop
  endfacet
  facet normal 0.288264 0.830440 0.476731
    outer loop
      vertex 119.070639 100.929361 0.000000
      vertex 130.710698 90.000000 12.000000
      vertex 133.591531 89.000000 12.000000
    endloop
  endfacet
  facet normal 0.706488 0.706488 -0.041842
    outer loop
      vertex 119.070639 100.929361 0.000000
      vertex 116.908974 103.091026 0.000000
      vertex 130.710698 90.000000 12.000000
    endloop
  endfacet
  facet normal 0.316753 0.800433 0.508896
    outer loop
      vertex 116.908974 103.091026 0.000000
      vertex 127.879697 91.120303 12.000000
      vertex 130.710698 90.000000 12.000000
    endloop
  endfacet
  facet normal 0.705882 0.705882 0.058824
    outer loop
      vertex 116.908974 103.091026 0.000000
      vertex 114.747309 105.252691 0.000000
      vertex 127.879697 91.120303 12.000000
    endloop
  endfacet
  facet normal 0.705882 0.705882 0.058824
    outer loop
      vertex 114.747309 105.252691 0.000000
      vertex 125.549747 93.450253 12.000000
      vertex 127.879697 91.120303 12.000000
    endloop
  endfacet
  facet normal 0.705882 0.705882 0.058824
    outer loop
      vertex 114.747309 105.252691 0.000000
      vertex 112.585644 107.414356 0.000000
      vertex 125.549747 93.450253 12.000000
    endloop
  endfacet
  facet normal 0.484915 0.783721 0.388123
    outer loop
      vertex 112.585644 107.414356 0.000000
      vertex 122.926905 95.073095 12.000000
      vertex 125.549747 93.450253 12.000000
    endloop
  endfacet
  facet normal 0.514720 0.779156 0.357742
    outer loop
      vertex 112.585644 107.414356 0.000000
      vertex 110.185382 109.000000 0.000000
      vertex 122.926905 95.073095 12.000000
    endloop
  endfacet
  facet normal 0.705388 0.705388 0.069680
    outer loop
      vertex 110.185382 109.000000 0.000000
      vertex 120.596955 97.403045 12.000000
      vertex 122.926905 95.073095 12.000000
    endloop
  endfacet
  facet normal 0.678606 0.725812 0.112655
    outer loop
      vertex 110.185382 109.000000 0.000000
      vertex 108.000000 111.043247 0.000000
      vertex 120.596955 97.403045 12.000000
    endloop
  endfacet
  facet normal 0.705774 0.705774 0.061358
    outer loop
      vertex 108.000000 111.043247 0.000000
      vertex 118.267006 99.732994 12.000000
      vertex 120.596955 97.403045 12.000000
    endloop
  endfacet
  facet normal 0.830564 0.505142 -0.234510
    outer loop
      vertex 108.000000 111.043247 0.000000
      vertex 106.514861 113.485139 0.000000
      vertex 118.267006 99.732994 12.000000
    endloop
  endfacet
  facet normal 0.478148 0.772784 0.417348
    outer loop
      vertex 106.514861 113.485139 0.000000
      vertex 115.644163 101.355837 12.000000
      vertex 118.267006 99.732994 12.000000
    endloop
  endfacet
  facet normal 0.852076 0.504936 -0.137862
    outer loop
      vertex 106.514861 113.485139 0.000000
      vertex 105.060303 115.939697 0.000000
      vertex 115.644163 101.355837 12.000000
    endloop
  endfacet
  facet normal 0.457231 0.738978 0.494824
    outer loop
      vertex 105.060303 115.939697 0.000000
      vertex 113.021320 102.978680 12.000000
      vertex 115.644163 101.355837 12.000000
    endloop
  endfacet
  facet normal 0.841413 0.016734 -0.540134
    outer loop
      vertex 105.060303 115.939697 0.000000
      vertex 105.000000 118.971775 0.000000
      vertex 113.021320 102.978680 12.000000
    endloop
  endfacet
  facet normal 0.733386 0.603147 0.313622
    outer loop
      vertex 105.000000 118.971775 0.000000
      vertex 111.000000 105.436468 12.000000
      vertex 113.021320 102.978680 12.000000
    endloop
  endfacet
  facet normal 0.856245 0.498764 0.134455
    outer loop
      vertex 105.000000 118.971775 0.000000
      vertex 103.565400 121.434600 0.000000
      vertex 111.000000 105.436468 12.000000
    endloop
  endfacet
  facet normal 0.751763 0.581966 0.310110
    outer loop
      vertex 103.565400 121.434600 0.000000
      vertex 109.068528 107.931472 12.000000
      vertex 111.000000 105.436468 12.000000
    endloop
  endfacet
  facet normal 0.817380 0.531222 0.222918
    outer loop
      vertex 103.565400 121.434600 0.000000
      vertex 102.000000 123.843247 0.000000
      vertex 109.068528 107.931472 12.000000
    endloop
  endfacet
  facet normal 0.705890 0.598857 0.378273
    outer loop
      vertex 102.000000 123.843247 0.000000
      vertex 107.000000 110.369706 12.000000
      vertex 109.068528 107.931472 12.000000
    endloop
  endfacet
  facet normal 0.963237 0.219523 -0.154870
    outer loop
      vertex 102.000000 123.843247 0.000000
      vertex 101.363390 126.636610 0.000000
      vertex 107.000000 110.369706 12.000000
    endloop
  endfacet
  facet normal 0.944703 0.327927 0.000786
    outer loop
      vertex 101.363390 126.636610 0.000000
      vertex 106.000000 113.250538 12.000000
      vertex 107.000000 110.369706 12.000000
    endloop
  endfacet
  facet normal 0.963769 0.120495 -0.237972
    outer loop
      vertex 101.363390 126.636610 0.000000
      vertex 101.000000 129.543146 0.000000
      vertex 106.000000 113.250538 12.000000
    endloop
  endfacet
  facet normal 0.943448 0.327491 0.051537
    outer loop
      vertex 101.000000 129.543146 0.000000
      vertex 105.000000 116.131371 12.000000
      vertex 106.000000 113.250538 12.000000
    endloop
  endfacet
  facet normal 0.975826 0.143738 -0.164627
    outer loop
      vertex 101.000000 129.543146 0.000000
      vertex 100.575593 132.424407 0.000000
      vertex 105.000000 116.131371 12.000000
    endloop
  endfacet
  facet normal 0.938258 0.000000 -0.345936
    outer loop
      vertex 100.575593 132.424407 0.000000
      vertex 105.000000 119.426417 12.000000
      vertex 105.000000 116.131371 12.000000
    endloop
  endfacet
  facet normal 0.709918 -0.331854 -0.621200
    outer loop
      vertex 100.575593 132.424407 0.000000
      vertex 101.586072 134.586072 0.000000
      vertex 105.000000 119.426417 12.000000
    endloop
  endfacet
  facet normal 0.983865 0.162764 -0.074283
    outer loop
      vertex 101.586072 134.586072 0.000000
      vertex 104.489848 122.510152 12.000000
      vertex 105.000000 119.426417 12.000000
    endloop
  endfacet
  facet normal 0.697757 -0.413487 -0.584947
    outer loop
      vertex 101.586072 134.586072 0.000000
      vertex 103.040631 137.040631 0.000000
      vertex 104.489848 122.510152 12.000000
    endloop
  endfacet
  facet normal 0.926088 0.290853 0.240345
    outer loop
      vertex 103.040631 137.040631 0.000000
      vertex 103.574113 125.425887 12.000000
      vertex 104.489848 122.510152 12.000000
    endloop
  endfacet
  facet normal 0.523833 -0.600318 -0.604333
    outer loop
      vertex 103.040631 137.040631 0.000000
      vertex 105.286089 139.000000 0.000000
      vertex 103.574113 125.425887 12.000000
    endloop
  endfacet
  facet normal 0.927937 0.174255 0.329497
    outer loop
      vertex 105.286089 139.000000 0.000000
      vertex 103.000000 128.483128 12.000000
      vertex 103.574113 125.425887 12.000000
    endloop
  endfacet
  facet normal 0.489203 -0.699992 -0.520280
    outer loop
      vertex 105.286089 139.000000 0.000000
      vertex 107.656854 140.656854 0.000000
      vertex 103.000000 128.483128 12.000000
    endloop
  endfacet
  facet normal 0.932262 0.000000 0.361784
    outer loop
      vertex 107.656854 140.656854 0.000000
      vertex 103.000000 131.778175 12.000000
      vertex 103.000000 128.483128 12.000000
    endloop
  endfacet
  facet normal 0.686192 -0.686192 -0.241415
    outer loop
      vertex 107.656854 140.656854 0.000000
      vertex 109.818519 142.818519 0.000000
      vertex 103.000000 131.778175 12.000000
    endloop
  endfacet
  facet normal 0.874777 -0.013835 0.484328
    outer loop
      vertex 109.818519 142.818519 0.000000
      vertex 103.051775 135.051775 12.000000
      vertex 103.000000 131.778175 12.000000
    endloop
  endfacet
  facet normal 0.705882 -0.705882 -0.058824
    outer loop
      vertex 109.818519 142.818519 0.000000
      vertex 111.980185 144.980185 0.000000
      vertex 103.051775 135.051775 12.000000
    endloop
  endfacet
  facet normal 0.834287 -0.516202 0.193649
    outer loop
      vertex 111.980185 144.980185 0.000000
      vertex 104.674618 137.674618 12.000000
      vertex 103.051775 135.051775 12.000000
    endloop
  endfacet
  facet normal 0.887212 -0.241368 0.393188
    outer loop
      vertex 111.980185 144.980185 0.000000
      vertex 112.727636 147.727636 0.000000
      vertex 104.674618 137.674618 12.000000
    endloop
  endfacet
  facet normal 0.702247 -0.702247 -0.117041
    outer loop
      vertex 112.727636 147.727636 0.000000
      vertex 107.004567 140.004567 12.000000
      vertex 104.674618 137.674618 12.000000
    endloop
  endfacet
  facet normal 0.919497 -0.085060 0.383785
    outer loop
      vertex 112.727636 147.727636 0.000000
      vertex 113.000000 150.671876 0.000000
      vertex 107.004567 140.004567 12.000000
    endloop
  endfacet
  facet normal 0.849604 -0.525679 -0.042820
    outer loop
      vertex 113.000000 150.671876 0.000000
      vertex 108.627410 142.627410 12.000000
      vertex 107.004567 140.004567 12.000000
    endloop
  endfacet
  facet normal 0.930310 -0.352011 0.103010
    outer loop
      vertex 113.000000 150.671876 0.000000
      vertex 114.000000 153.314719 0.000000
      vertex 108.627410 142.627410 12.000000
    endloop
  endfacet
  facet normal 0.942029 -0.295860 0.158266
    outer loop
      vertex 114.000000 153.314719 0.000000
      vertex 109.543146 145.543146 12.000000
      vertex 108.627410 142.627410 12.000000
    endloop
  endfacet
  facet normal 0.931846 -0.340411 0.125631
    outer loop
      vertex 114.000000 153.314719 0.000000
      vertex 114.969991 155.969991 0.000000
      vertex 109.543146 145.543146 12.000000
    endloop
  endfacet
  facet normal 0.942019 -0.138568 0.305614
    outer loop
      vertex 114.969991 155.969991 0.000000
      vertex 110.000000 148.648957 12.000000
      vertex 109.543146 145.543146 12.000000
    endloop
  endfacet
  facet normal 0.918998 -0.359858 0.161073
    outer loop
      vertex 114.969991 155.969991 0.000000
      vertex 116.000000 158.600404 0.000000
      vertex 110.000000 148.648957 12.000000
    endloop
  endfacet
  facet normal 0.926285 -0.321534 0.196499
    outer loop
      vertex 116.000000 158.600404 0.000000
      vertex 111.000000 151.529789 12.000000
      vertex 110.000000 148.648957 12.000000
    endloop
  endfacet
  facet normal 0.901798 -0.410993 0.133585
    outer loop
      vertex 116.000000 158.600404 0.000000
      vertex 117.172001 161.172001 0.000000
      vertex 111.000000 151.529789 12.000000
    endloop
  endfacet
  facet normal 0.922173 -0.320106 0.217093
    outer loop
      vertex 117.172001 161.172001 0.000000
      vertex 112.000000 154.410622 12.000000
      vertex 111.000000 151.529789 12.000000
    endloop
  endfacet
  facet normal 0.857305 -0.508034 0.083247
    outer loop
      vertex 117.172001 161.172001 0.000000
      vertex 118.626560 163.626560 0.000000
      vertex 112.000000 154.410622 12.000000
    endloop
  endfacet
  facet normal 0.912082 -0.316604 0.260514
    outer loop
      vertex 118.626560 163.626560 0.000000
      vertex 113.000000 157.291455 12.000000
      vertex 112.000000 154.410622 12.000000
    endloop
  endfacet
  facet normal 0.706491 -0.706491 -0.041715
    outer loop
      vertex 118.626560 163.626560 0.000000
      vertex 120.788225 165.788225 0.000000
      vertex 113.000000 157.291455 12.000000
    endloop
  endfacet
  facet normal 0.806154 -0.581050 0.111788
    outer loop
      vertex 120.788225 165.788225 0.000000
      vertex 114.828932 159.828932 12.000000
      vertex 113.000000 157.291455 12.000000
    endloop
  endfacet
  facet normal 0.879400 -0.417058 0.229603
    outer loop
      vertex 120.788225 165.788225 0.000000
      vertex 122.000000 168.343348 0.000000
      vertex 114.828932 159.828932 12.000000
    endloop
  endfacet
  facet normal 0.842756 -0.521442 0.133641
    outer loop
      vertex 122.000000 168.343348 0.000000
      vertex 116.451775 162.451775 12.000000
      vertex 114.828932 159.828932 12.000000
    endloop
  endfacet
  facet normal 0.905480 -0.342616 0.250438
    outer loop
      vertex 122.000000 168.343348 0.000000
      vertex 123.000000 170.986190 0.000000
      vertex 116.451775 162.451775 12.000000
    endloop
  endfacet
  facet normal 0.858293 -0.500737 0.112233
    outer loop
      vertex 123.000000 170.986190 0.000000
      vertex 118.000000 165.105525 12.000000
      vertex 116.451775 162.451775 12.000000
    endloop
  endfacet
  facet normal 0.708485 -0.703968 -0.049781
    outer loop
      vertex 123.000000 170.986190 0.000000
      vertex 125.151900 173.151900 0.000000
      vertex 118.000000 165.105525 12.000000
    endloop
  endfacet
  facet normal 0.893558 -0.310173 0.324572
    outer loop
      vertex 125.151900 173.151900 0.000000
      vertex 119.000000 167.986358 12.000000
      vertex 118.000000 165.105525 12.000000
    endloop
  endfacet
  facet normal 0.772021 -0.622623 0.127767
    outer loop
      vertex 125.151900 173.151900 0.000000
      vertex 127.000000 175.443449 0.000000
      vertex 119.000000 167.986358 12.000000
    endloop
  endfacet
  facet normal 0.708751 -0.704608 0.034640
    outer loop
      vertex 127.000000 175.443449 0.000000
      vertex 121.320303 170.320303 12.000000
      vertex 119.000000 167.986358 12.000000
    endloop
  endfacet
  facet normal 0.790427 -0.601191 0.117450
    outer loop
      vertex 127.000000 175.443449 0.000000
      vertex 128.768124 177.768124 0.000000
      vertex 121.320303 170.320303 12.000000
    endloop
  endfacet
  facet normal 0.707107 -0.707107 0.000000
    outer loop
      vertex 128.768124 177.768124 0.000000
      vertex 123.650253 172.650253 12.000000
      vertex 121.320303 170.320303 12.000000
    endloop
  endfacet
  facet normal 0.427123 -0.883039 -0.194443
    outer loop
      vertex 128.768124 177.768124 0.000000
      vertex 131.314921 179.000000 0.000000
      vertex 123.650253 172.650253 12.000000
    endloop
  endfacet
  facet normal 0.704994 -0.704994 0.077251
    outer loop
      vertex 131.314921 179.000000 0.000000
      vertex 125.980202 174.980202 12.000000
      vertex 123.650253 172.650253 12.000000
    endloop
  endfacet
  facet normal 0.578848 -0.815283 -0.015773
    outer loop
      vertex 131.314921 179.000000 0.000000
      vertex 133.677241 180.677241 0.000000
      vertex 125.980202 174.980202 12.000000
    endloop
  endfacet
  facet normal 0.702247 -0.702247 0.117041
    outer loop
      vertex 133.677241 180.677241 0.000000
      vertex 128.310152 177.310152 12.000000
      vertex 125.980202 174.980202 12.000000
    endloop
  endfacet
  facet normal 0.465975 -0.883911 -0.039607
    outer loop
      vertex 133.677241 180.677241 0.000000
      vertex 136.186393 182.000000 0.000000
      vertex 128.310152 177.310152 12.000000
    endloop
  endfacet
  facet normal 0.694963 -0.694963 0.184535
    outer loop
      vertex 136.186393 182.000000 0.000000
      vertex 130.640101 179.640101 12.000000
      vertex 128.310152 177.310152 12.000000
    endloop
  endfacet
  facet normal 0.353820 -0.935092 -0.020361
    outer loop
      vertex 136.186393 182.000000 0.000000
      vertex 138.829235 183.000000 0.000000
      vertex 130.640101 179.640101 12.000000
    endloop
  endfacet
  facet normal 0.445010 -0.893933 0.053393
    outer loop
      vertex 138.829235 183.000000 0.000000
      vertex 133.371859 181.000000 12.000000
      vertex 130.640101 179.640101 12.000000
    endloop
  endfacet
  facet normal 0.000000 -0.986394 -0.164399
    outer loop
      vertex 138.829235 183.000000 0.000000
      vertex 141.886292 183.000000 0.000000
      vertex 133.371859 181.000000 12.000000
    endloop
  endfacet
  facet normal 0.327003 -0.942041 0.075014
    outer loop
      vertex 141.886292 183.000000 0.000000
      vertex 136.252691 182.000000 12.000000
      vertex 133.371859 181.000000 12.000000
    endloop
  endfacet
  facet normal 0.352525 -0.931669 0.087860
    outer loop
      vertex 141.886292 183.000000 0.000000
      vertex 144.529134 184.000000 0.000000
      vertex 136.252691 182.000000 12.000000
    endloop
  endfacet
  facet normal 0.327155 -0.942480 0.068560
    outer loop
      vertex 144.529134 184.000000 0.000000
      vertex 139.133524 183.000000 12.000000
      vertex 136.252691 182.000000 12.000000
    endloop
  endfacet
  facet normal 0.000000 -0.996546 -0.083045
    outer loop
      vertex 144.529134 184.000000 0.000000
      vertex 147.586190 184.000000 0.000000
      vertex 139.133524 183.000000 12.000000
    endloop
  endfacet
  facet normal 0.095166 -0.995334 -0.015911
    outer loop
      vertex 147.586190 184.000000 0.000000
      vertex 142.303045 183.303045 12.000000
      vertex 139.133524 183.000000 12.000000
    endloop
  endfacet
  facet normal 0.000000 -0.998318 -0.057982
    outer loop
      vertex 147.586190 184.000000 0.000000
      vertex 150.643247 184.000000 0.000000
      vertex 142.303045 183.303045 12.000000
    endloop
  endfacet
  facet normal 0.224709 -0.969294 0.099880
    outer loop
      vertex 150.643247 184.000000 0.000000
      vertex 145.309403 184.000000 12.000000
      vertex 142.303045 183.303045 12.000000
    endloop
  endfacet
  facet normal -0.170580 -0.982422 -0.075821
    outer loop
      vertex 150.643247 184.000000 0.000000
      vertex 153.495189 183.504811 0.000000
      vertex 145.309403 184.000000 12.000000
    endloop
  endfacet
  facet normal 0.000000 -0.999150 0.041231
    outer loop
      vertex 153.495189 183.504811 0.000000
      vertex 148.604449 184.000000 12.000000
      vertex 145.309403 184.000000 12.000000
    endloop
  endfacet
  facet normal -0.174452 -0.984194 -0.030486
    outer loop
      vertex 153.495189 183.504811 0.000000
      vertex 156.343146 183.000000 0.000000
      vertex 148.604449 184.000000 12.000000
    endloop
  endfacet
  facet normal 0.000000 -0.996546 0.083045
    outer loop
      vertex 156.343146 183.000000 0.000000
      vertex 151.899495 184.000000 12.000000
      vertex 148.604449 184.000000 12.000000
    endloop
  endfacet
  facet normal -0.349877 -0.935373 -0.051613
    outer loop
      vertex 156.343146 183.000000 0.000000
      vertex 158.990092 182.009908 0.000000
      vertex 151.899495 184.000000 12.000000
    endloop
  endfacet
  facet normal -0.042031 -0.989366 0.139242
    outer loop
      vertex 158.990092 182.009908 0.000000
      vertex 155.137561 183.862439 12.000000
      vertex 151.899495 184.000000 12.000000
    endloop
  endfacet
  facet normal -0.013122 -0.988834 0.148441
    outer loop
      vertex 158.990092 182.009908 0.000000
      vertex 162.030437 181.969563 0.000000
      vertex 155.137561 183.862439 12.000000
    endloop
  endfacet
  facet normal -0.281663 -0.959457 -0.010445
    outer loop
      vertex 162.030437 181.969563 0.000000
      vertex 158.075374 183.000000 12.000000
      vertex 155.137561 183.862439 12.000000
    endloop
  endfacet
  facet normal -0.507559 -0.856503 -0.093738
    outer loop
      vertex 162.030437 181.969563 0.000000
      vertex 164.484996 180.515004 0.000000
      vertex 158.075374 183.000000 12.000000
    endloop
  endfacet
  facet normal -0.327858 -0.944505 0.020470
    outer loop
      vertex 164.484996 180.515004 0.000000
      vertex 160.956206 182.000000 12.000000
      vertex 158.075374 183.000000 12.000000
    endloop
  endfacet
  facet normal -0.509323 -0.859480 -0.043414
    outer loop
      vertex 164.484996 180.515004 0.000000
      vertex 166.939554 179.060446 0.000000
      vertex 160.956206 182.000000 12.000000
    endloop
  endfacet
  facet normal -0.053812 -0.975746 0.212190
    outer loop
      vertex 166.939554 179.060446 0.000000
      vertex 164.177662 181.822338 12.000000
      vertex 160.956206 182.000000 12.000000
    endloop
  endfacet
  facet normal -0.372466 -0.919467 0.125896
    outer loop
      vertex 166.939554 179.060446 0.000000
      vertex 169.557359 178.000000 0.000000
      vertex 164.177662 181.822338 12.000000
    endloop
  endfacet
  facet normal -0.582909 -0.812534 -0.002508
    outer loop
      vertex 169.557359 178.000000 0.000000
      vertex 166.717872 180.000000 12.000000
      vertex 164.177662 181.822338 12.000000
    endloop
  endfacet
  facet normal -0.403426 -0.913251 0.056748
    outer loop
      vertex 169.557359 178.000000 0.000000
      vertex 172.141564 176.858436 0.000000
      vertex 166.717872 180.000000 12.000000
    endloop
  endfacet
  facet normal -0.465491 -0.884798 0.021247
    outer loop
      vertex 172.141564 176.858436 0.000000
      vertex 169.423348 178.576652 12.000000
      vertex 166.717872 180.000000 12.000000
    endloop
  endfacet
  facet normal -0.705882 -0.705882 -0.058824
    outer loop
      vertex 172.141564 176.858436 0.000000
      vertex 174.303229 174.696771 0.000000
      vertex 169.423348 178.576652 12.000000
    endloop
  endfacet
  facet normal -0.511231 -0.856663 0.069084
    outer loop
      vertex 174.303229 174.696771 0.000000
      vertex 172.065323 177.000000 12.000000
      vertex 169.423348 178.576652 12.000000
    endloop
  endfacet
  facet normal -0.508558 -0.858188 0.069875
    outer loop
      vertex 174.303229 174.696771 0.000000
      vertex 176.757788 173.242212 0.000000
      vertex 172.065323 177.000000 12.000000
    endloop
  endfacet
  facet normal -0.538918 -0.840718 0.052532
    outer loop
      vertex 176.757788 173.242212 0.000000
      vertex 174.669033 175.330967 12.000000
      vertex 172.065323 177.000000 12.000000
    endloop
  endfacet
  facet normal -0.707107 -0.707107 0.000000
    outer loop
      vertex 176.757788 173.242212 0.000000
      vertex 178.919453 171.080547 0.000000
      vertex 174.669033 175.330967 12.000000
    endloop
  endfacet
  facet normal -0.522726 -0.844832 0.114090
    outer loop
      vertex 178.919453 171.080547 0.000000
      vertex 177.291876 173.708124 12.000000
      vertex 174.669033 175.330967 12.000000
    endloop
  endfacet
  facet normal -0.705882 -0.705882 0.058824
    outer loop
      vertex 178.919453 171.080547 0.000000
      vertex 181.081118 168.918882 0.000000
      vertex 177.291876 173.708124 12.000000
    endloop
  endfacet
  facet normal -0.705882 -0.705882 0.058824
    outer loop
      vertex 181.081118 168.918882 0.000000
      vertex 179.621825 171.378175 12.000000
      vertex 177.291876 173.708124 12.000000
    endloop
  endfacet
  facet normal -0.705882 -0.705882 0.058824
    outer loop
      vertex 181.081118 168.918882 0.000000
      vertex 183.242784 166.757216 0.000000
      vertex 179.621825 171.378175 12.000000
    endloop
  endfacet
  facet normal -0.705882 -0.705882 0.058824
    outer loop
      vertex 183.242784 166.757216 0.000000
      vertex 181.951775 169.048225 12.000000
      vertex 179.621825 171.378175 12.000000
    endloop
  endfacet
  facet normal -0.962609 -0.265693 -0.052836
    outer loop
      vertex 183.242784 166.757216 0.000000
      vertex 184.000000 164.013810 0.000000
      vertex 181.951775 169.048225 12.000000
    endloop
  endfacet
  facet normal -0.759535 -0.635850 0.137120
    outer loop
      vertex 184.000000 164.013810 0.000000
      vertex 184.000000 166.601582 12.000000
      vertex 181.951775 169.048225 12.000000
    endloop
  endfacet
  facet normal -0.701310 -0.696838 0.150271
    outer loop
      vertex 184.000000 164.013810 0.000000
      vertex 186.151900 161.848100 0.000000
      vertex 184.000000 166.601582 12.000000
    endloop
  endfacet
  facet normal -0.919360 -0.393312 -0.009064
    outer loop
      vertex 186.151900 161.848100 0.000000
      vertex 185.197460 163.802540 12.000000
      vertex 184.000000 166.601582 12.000000
    endloop
  endfacet
  facet normal -0.860199 -0.509749 0.014606
    outer loop
      vertex 186.151900 161.848100 0.000000
      vertex 187.606459 159.393541 0.000000
      vertex 185.197460 163.802540 12.000000
    endloop
  endfacet
  facet normal -0.815465 -0.576794 0.048219
    outer loop
      vertex 187.606459 159.393541 0.000000
      vertex 187.000000 161.254130 12.000000
      vertex 185.197460 163.802540 12.000000
    endloop
  endfacet
  facet normal -0.871337 -0.489648 0.031884
    outer loop
      vertex 187.606459 159.393541 0.000000
      vertex 189.000000 156.913708 0.000000
      vertex 187.000000 161.254130 12.000000
    endloop
  endfacet
  facet normal -0.773021 -0.626786 0.097873
    outer loop
      vertex 189.000000 156.913708 0.000000
      vertex 189.000000 158.787511 12.000000
      vertex 187.000000 161.254130 12.000000
    endloop
  endfacet
  facet normal -0.999422 -0.033599 0.005247
    outer loop
      vertex 189.000000 156.913708 0.000000
      vertex 189.101362 153.898638 0.000000
      vertex 189.000000 158.787511 12.000000
    endloop
  endfacet
  facet normal -0.937336 -0.325370 0.124640
    outer loop
      vertex 189.101362 153.898638 0.000000
      vertex 190.000000 155.906678 12.000000
      vertex 189.000000 158.787511 12.000000
    endloop
  endfacet
  facet normal -0.850806 -0.504183 0.148082
    outer loop
      vertex 189.101362 153.898638 0.000000
      vertex 190.555921 151.444079 0.000000
      vertex 190.000000 155.906678 12.000000
    endloop
  endfacet
  facet normal -0.827137 -0.538197 0.161828
    outer loop
      vertex 190.555921 151.444079 0.000000
      vertex 191.688831 153.311169 12.000000
      vertex 190.000000 155.906678 12.000000
    endloop
  endfacet
  facet normal -0.981562 -0.151714 0.116274
    outer loop
      vertex 190.555921 151.444079 0.000000
      vertex 191.000000 148.570967 0.000000
      vertex 191.688831 153.311169 12.000000
    endloop
  endfacet
  facet normal -0.990673 -0.097363 0.095327
    outer loop
      vertex 191.000000 148.570967 0.000000
      vertex 192.000000 150.145013 12.000000
      vertex 191.688831 153.311169 12.000000
    endloop
  endfacet
  facet normal -0.996546 0.000000 0.083045
    outer loop
      vertex 191.000000 148.570967 0.000000
      vertex 191.000000 145.513911 0.000000
      vertex 192.000000 150.145013 12.000000
    endloop
  endfacet
  facet normal -0.925406 -0.321229 0.201087
    outer loop
      vertex 191.000000 145.513911 0.000000
      vertex 193.000000 147.264180 12.000000
      vertex 192.000000 150.145013 12.000000
    endloop
  endfacet
  facet normal -0.980924 0.130000 0.144526
    outer loop
      vertex 191.000000 145.513911 0.000000
      vertex 190.615938 142.615938 0.000000
      vertex 193.000000 147.264180 12.000000
    endloop
  endfacet
  facet normal -0.901131 -0.312802 0.300195
    outer loop
      vertex 190.615938 142.615938 0.000000
      vertex 194.000000 144.383348 12.000000
      vertex 193.000000 147.264180 12.000000
    endloop
  endfacet
  facet normal -0.954921 0.168369 0.244495
    outer loop
      vertex 190.615938 142.615938 0.000000
      vertex 190.131514 139.868486 0.000000
      vertex 194.000000 144.383348 12.000000
    endloop
  endfacet
  facet normal -0.951766 0.000000 0.306825
    outer loop
      vertex 190.131514 139.868486 0.000000
      vertex 194.000000 141.088302 12.000000
      vertex 194.000000 144.383348 12.000000
    endloop
  endfacet
  facet normal -0.901754 -0.290348 0.320216
    outer loop
      vertex 190.131514 139.868486 0.000000
      vertex 191.000000 137.171169 0.000000
      vertex 194.000000 141.088302 12.000000
    endloop
  endfacet
  facet normal -0.970143 0.000000 0.242536
    outer loop
      vertex 191.000000 137.171169 0.000000
      vertex 194.000000 137.793255 12.000000
      vertex 194.000000 141.088302 12.000000
    endloop
  endfacet
  facet normal -0.950457 0.212820 0.226582
    outer loop
      vertex 191.000000 137.171169 0.000000
      vertex 190.373583 134.373583 0.000000
      vertex 194.000000 137.793255 12.000000
    endloop
  endfacet
  facet normal -0.959744 0.108173 0.259210
    outer loop
      vertex 190.373583 134.373583 0.000000
      vertex 193.645180 134.645180 12.000000
      vertex 194.000000 137.793255 12.000000
    endloop
  endfacet
  facet normal -0.958126 0.123329 0.258426
    outer loop
      vertex 190.373583 134.373583 0.000000
      vertex 190.000000 131.471270 0.000000
      vertex 193.645180 134.645180 12.000000
    endloop
  endfacet
  facet normal -0.844411 0.522466 0.118314
    outer loop
      vertex 190.000000 131.471270 0.000000
      vertex 192.022338 132.022338 12.000000
      vertex 193.645180 134.645180 12.000000
    endloop
  endfacet
  facet normal -0.986095 0.000000 0.166185
    outer loop
      vertex 190.000000 131.471270 0.000000
      vertex 190.000000 128.414214 0.000000
      vertex 192.022338 132.022338 12.000000
    endloop
  endfacet
  facet normal -0.980436 0.157684 0.117819
    outer loop
      vertex 190.000000 128.414214 0.000000
      vertex 191.600505 129.399495 12.000000
      vertex 192.022338 132.022338 12.000000
    endloop
  endfacet
  facet normal -0.931033 0.352285 0.095252
    outer loop
      vertex 190.000000 128.414214 0.000000
      vertex 189.000000 125.771371 0.000000
      vertex 191.600505 129.399495 12.000000
    endloop
  endfacet
  facet normal -0.966122 0.213659 0.144769
    outer loop
      vertex 189.000000 125.771371 0.000000
      vertex 191.000000 126.684139 12.000000
      vertex 191.600505 129.399495 12.000000
    endloop
  endfacet
  facet normal -0.984996 0.066920 0.159076
    outer loop
      vertex 189.000000 125.771371 0.000000
      vertex 188.797990 122.797990 0.000000
      vertex 191.000000 126.684139 12.000000
    endloop
  endfacet
  facet normal -0.923452 -0.281599 0.260649
    outer loop
      vertex 188.797990 122.797990 0.000000
      vertex 191.860916 123.860916 12.000000
      vertex 191.000000 126.684139 12.000000
    endloop
  endfacet
  facet normal -0.781022 0.607303 0.145558
    outer loop
      vertex 188.797990 122.797990 0.000000
      vertex 187.000000 120.485685 0.000000
      vertex 191.860916 123.860916 12.000000
    endloop
  endfacet
  facet normal -0.704413 0.704413 0.087211
    outer loop
      vertex 187.000000 120.485685 0.000000
      vertex 189.530967 121.530967 12.000000
      vertex 191.860916 123.860916 12.000000
    endloop
  endfacet
  facet normal -0.907878 0.388464 0.157646
    outer loop
      vertex 187.000000 120.485685 0.000000
      vertex 185.888873 117.888873 0.000000
      vertex 189.530967 121.530967 12.000000
    endloop
  endfacet
  facet normal -0.846297 0.523633 0.097931
    outer loop
      vertex 185.888873 117.888873 0.000000
      vertex 187.908124 118.908124 12.000000
      vertex 189.530967 121.530967 12.000000
    endloop
  endfacet
  facet normal -0.705882 0.705882 0.058824
    outer loop
      vertex 185.888873 117.888873 0.000000
      vertex 183.727208 115.727208 0.000000
      vertex 187.908124 118.908124 12.000000
    endloop
  endfacet
  facet normal -0.705882 0.705882 0.058824
    outer loop
      vertex 183.727208 115.727208 0.000000
      vertex 185.578175 116.578175 12.000000
      vertex 187.908124 118.908124 12.000000
    endloop
  endfacet
  facet normal -0.802066 0.591613 0.081763
    outer loop
      vertex 183.727208 115.727208 0.000000
      vertex 182.000000 113.385584 0.000000
      vertex 185.578175 116.578175 12.000000
    endloop
  endfacet
  facet normal -0.856805 0.500951 0.122205
    outer loop
      vertex 182.000000 113.385584 0.000000
      vertex 184.044668 113.955332 12.000000
      vertex 185.578175 116.578175 12.000000
    endloop
  endfacet
  facet normal -0.765424 0.635671 0.100239
    outer loop
      vertex 182.000000 113.385584 0.000000
      vertex 180.110984 111.110984 0.000000
      vertex 184.044668 113.955332 12.000000
    endloop
  endfacet
  facet normal -0.656668 -0.656668 0.370910
    outer loop
      vertex 180.110984 111.110984 0.000000
      vertex 186.374618 111.625382 12.000000
      vertex 184.044668 113.955332 12.000000
    endloop
  endfacet
  facet normal -0.791127 0.468817 0.392847
    outer loop
      vertex 180.110984 111.110984 0.000000
      vertex 178.656426 108.656426 0.000000
      vertex 186.374618 111.625382 12.000000
    endloop
  endfacet
  facet normal -0.132945 -0.938798 0.317779
    outer loop
      vertex 178.656426 108.656426 0.000000
      vertex 188.704567 111.295433 12.000000
      vertex 186.374618 111.625382 12.000000
    endloop
  endfacet
  facet normal -0.648038 0.648038 0.400117
    outer loop
      vertex 178.656426 108.656426 0.000000
      vertex 176.494760 106.494760 0.000000
      vertex 188.704567 111.295433 12.000000
    endloop
  endfacet
  facet normal -0.683428 -0.076533 0.725995
    outer loop
      vertex 176.494760 106.494760 0.000000
      vertex 188.965483 108.965483 12.000000
      vertex 188.704567 111.295433 12.000000
    endloop
  endfacet
  facet normal -0.672752 0.412487 0.614214
    outer loop
      vertex 176.494760 106.494760 0.000000
      vertex 175.000000 104.056854 0.000000
      vertex 188.965483 108.965483 12.000000
    endloop
  endfacet
  facet normal -0.136285 0.962380 -0.235057
    outer loop
      vertex 175.000000 104.056854 0.000000
      vertex 186.635534 108.635534 12.000000
      vertex 188.965483 108.965483 12.000000
    endloop
  endfacet
  facet normal -0.658505 0.641318 0.393806
    outer loop
      vertex 175.000000 104.056854 0.000000
      vertex 172.878537 101.878537 0.000000
      vertex 186.635534 108.635534 12.000000
    endloop
  endfacet
  facet normal -0.653682 0.653682 0.381314
    outer loop
      vertex 172.878537 101.878537 0.000000
      vertex 184.305584 106.305584 12.000000
      vertex 186.635534 108.635534 12.000000
    endloop
  endfacet
  facet normal -0.605622 0.734708 0.305657
    outer loop
      vertex 172.878537 101.878537 0.000000
      vertex 170.599596 100.000000 0.000000
      vertex 184.305584 106.305584 12.000000
    endloop
  endfacet
  facet normal -0.648160 0.648160 0.399721
    outer loop
      vertex 170.599596 100.000000 0.000000
      vertex 181.975635 103.975635 12.000000
      vertex 184.305584 106.305584 12.000000
    endloop
  endfacet
  facet normal 0.305279 0.779113 -0.547528
    outer loop
      vertex 170.599596 100.000000 0.000000
      vertex 167.969420 101.030580 0.000000
      vertex 181.975635 103.975635 12.000000
    endloop
  endfacet
  facet normal -0.592385 0.592385 0.546039
    outer loop
      vertex 167.969420 101.030580 0.000000
      vertex 179.645685 101.645685 12.000000
      vertex 181.975635 103.975635 12.000000
    endloop
  endfacet
  facet normal 0.188281 0.954291 -0.232117
    outer loop
      vertex 167.969420 101.030580 0.000000
      vertex 165.514861 101.514861 0.000000
      vertex 179.645685 101.645685 12.000000
    endloop
  endfacet
  facet normal -0.626671 0.258587 0.735130
    outer loop
      vertex 165.514861 101.514861 0.000000
      vertex 178.684264 99.315736 12.000000
      vertex 179.645685 101.645685 12.000000
    endloop
  endfacet
  facet normal -0.524127 0.524127 0.671255
    outer loop
      vertex 165.514861 101.514861 0.000000
      vertex 163.353196 99.353196 0.000000
      vertex 178.684264 99.315736 12.000000
    endloop
  endfacet
  facet normal -0.525279 -0.525279 0.669451
    outer loop
      vertex 163.353196 99.353196 0.000000
      vertex 181.014214 96.985786 12.000000
      vertex 178.684264 99.315736 12.000000
    endloop
  endfacet
  facet normal -0.457118 0.457118 0.762946
    outer loop
      vertex 163.353196 99.353196 0.000000
      vertex 161.191531 97.191531 0.000000
      vertex 181.014214 96.985786 12.000000
    endloop
  endfacet
  facet normal -0.515634 0.079311 0.853130
    outer loop
      vertex 161.191531 97.191531 0.000000
      vertex 180.655837 94.655837 12.000000
      vertex 181.014214 96.985786 12.000000
    endloop
  endfacet
  facet normal -0.489393 0.227472 0.841874
    outer loop
      vertex 161.191531 97.191531 0.000000
      vertex 160.000000 94.628023 0.000000
      vertex 180.655837 94.655837 12.000000
    endloop
  endfacet
  facet normal -0.394259 0.621251 0.677205
    outer loop
      vertex 160.000000 94.628023 0.000000
      vertex 178.046661 93.000000 12.000000
      vertex 180.655837 94.655837 12.000000
    endloop
  endfacet
  facet normal -0.549250 0.056842 0.833723
    outer loop
      vertex 160.000000 94.628023 0.000000
      vertex 159.696628 91.696628 0.000000
      vertex 178.046661 93.000000 12.000000
    endloop
  endfacet
  facet normal -0.054408 0.998200 -0.025220
    outer loop
      vertex 159.696628 91.696628 0.000000
      vertex 174.824365 92.824365 12.000000
      vertex 178.046661 93.000000 12.000000
    endloop
  endfacet
  facet normal -0.487779 0.676856 0.551306
    outer loop
      vertex 159.696628 91.696628 0.000000
      vertex 157.342338 90.000000 0.000000
      vertex 174.824365 92.824365 12.000000
    endloop
  endfacet
  facet normal -0.265248 0.950346 0.162746
    outer loop
      vertex 157.342338 90.000000 0.000000
      vertex 171.870782 92.000000 12.000000
      vertex 174.824365 92.824365 12.000000
    endloop
  endfacet
  facet normal 0.000000 0.986394 -0.164399
    outer loop
      vertex 157.342338 90.000000 0.000000
      vertex 154.285281 90.000000 0.000000
      vertex 171.870782 92.000000 12.000000
    endloop
  endfacet
  facet normal -0.094157 0.995167 -0.027879
    outer loop
      vertex 154.285281 90.000000 0.000000
      vertex 168.700000 91.700000 12.000000
      vertex 171.870782 92.000000 12.000000
    endloop
  endfacet
  facet normal 0.000000 0.990114 -0.140266
    outer loop
      vertex 154.285281 90.000000 0.000000
      vertex 151.228225 90.000000 0.000000
      vertex 168.700000 91.700000 12.000000
    endloop
  endfacet
  facet normal -0.453585 0.691286 0.562480
    outer loop
      vertex 151.228225 90.000000 0.000000
      vertex 166.109117 90.000000 12.000000
      vertex 168.700000 91.700000 12.000000
    endloop
  endfacet
  facet normal 0.000000 1.000000 -0.000000
    outer loop
      vertex 151.228225 90.000000 0.000000
      vertex 148.171169 90.000000 0.000000
      vertex 166.109117 90.000000 12.000000
    endloop
  endfacet
  facet normal -0.458563 0.565550 0.685473
    outer loop
      vertex 148.171169 90.000000 0.000000
      vertex 163.642498 88.000000 12.000000
      vertex 166.109117 90.000000 12.000000
    endloop
  endfacet
  facet normal 0.000000 0.986394 0.164399
    outer loop
      vertex 148.171169 90.000000 0.000000
      vertex 145.114113 90.000000 0.000000
      vertex 163.642498 88.000000 12.000000
    endloop
  endfacet
  facet normal -0.410737 0.551434 0.726096
    outer loop
      vertex 145.114113 90.000000 0.000000
      vertex 161.124365 86.124365 12.000000
      vertex 163.642498 88.000000 12.000000
    endloop
  endfacet
  facet normal 0.000000 0.951600 0.307338
    outer loop
      vertex 145.114113 90.000000 0.000000
      vertex 142.057056 90.000000 0.000000
      vertex 161.124365 86.124365 12.000000
    endloop
  endfacet
  facet normal -0.276289 0.695245 0.663550
    outer loop
      vertex 142.057056 90.000000 0.000000
      vertex 158.295046 85.000000 12.000000
      vertex 161.124365 86.124365 12.000000
    endloop
  endfacet
  facet normal 0.000000 0.923077 0.384615
    outer loop
      vertex 142.057056 90.000000 0.000000
      vertex 139.000000 90.000000 0.000000
      vertex 158.295046 85.000000 12.000000
    endloop
  endfacet
  facet normal 0.000000 0.923077 0.384615
    outer loop
      vertex 139.000000 90.000000 0.000000
      vertex 155.000000 85.000000 12.000000
      vertex 158.295046 85.000000 12.000000
    endloop
  endfacet
  facet normal 0.327927 0.944703 -0.000000
    outer loop
      vertex 155.000000 85.000000 12.000000
      vertex 152.119167 86.000000 12.000000
      vertex 155.000000 85.000000 24.000000
    endloop
  endfacet
  facet normal 0.311722 0.950163 0.004345
    outer loop
      vertex 152.119167 86.000000 12.000000
      vertex 151.951888 86.000000 24.000000
      vertex 155.000000 85.000000 24.000000
    endloop
  endfacet
  facet normal 0.000000 1.000000 0.000000
    outer loop
      vertex 152.119167 86.000000 12.000000
      vertex 148.824121 86.000000 12.000000
      vertex 151.951888 86.000000 24.000000
    endloop
  endfacet
  facet normal 0.000000 1.000000 -0.000000
    outer loop
      vertex 148.824121 86.000000 12.000000
      vertex 148.489563 86.000000 24.000000
      vertex 151.951888 86.000000 24.000000
    endloop
  endfacet
  facet normal 0.327913 0.944664 0.009142
    outer loop
      vertex 148.824121 86.000000 12.000000
      vertex 145.943289 87.000000 12.000000
      vertex 148.489563 86.000000 24.000000
    endloop
  endfacet
  facet normal 0.000000 0.996546 0.083045
    outer loop
      vertex 145.943289 87.000000 12.000000
      vertex 145.027237 86.000000 24.000000
      vertex 148.489563 86.000000 24.000000
    endloop
  endfacet
  facet normal 0.000000 0.996546 0.083045
    outer loop
      vertex 145.943289 87.000000 12.000000
      vertex 142.648242 87.000000 12.000000
      vertex 145.027237 86.000000 24.000000
    endloop
  endfacet
  facet normal 0.000000 0.996546 0.083045
    outer loop
      vertex 142.648242 87.000000 12.000000
      vertex 141.564912 86.000000 24.000000
      vertex 145.027237 86.000000 24.000000
    endloop
  endfacet
  facet normal 0.326020 0.939208 0.107700
    outer loop
      vertex 142.648242 87.000000 12.000000
      vertex 139.767410 88.000000 12.000000
      vertex 141.564912 86.000000 24.000000
    endloop
  endfacet
  facet normal 0.309799 0.944303 0.110978
    outer loop
      vertex 139.767410 88.000000 12.000000
      vertex 138.516800 87.000000 24.000000
      vertex 141.564912 86.000000 24.000000
    endloop
  endfacet
  facet normal 0.325857 0.938739 0.112188
    outer loop
      vertex 139.767410 88.000000 12.000000
      vertex 136.886577 89.000000 12.000000
      vertex 138.516800 87.000000 24.000000
    endloop
  endfacet
  facet normal 0.309648 0.943842 0.115241
    outer loop
      vertex 136.886577 89.000000 12.000000
      vertex 135.468688 88.000000 24.000000
      vertex 138.516800 87.000000 24.000000
    endloop
  endfacet
  facet normal 0.000000 0.996546 0.083045
    outer loop
      vertex 136.886577 89.000000 12.000000
      vertex 133.591531 89.000000 12.000000
      vertex 135.468688 88.000000 24.000000
    endloop
  endfacet
  facet normal 0.311581 0.949733 0.030404
    outer loop
      vertex 133.591531 89.000000 12.000000
      vertex 132.420576 89.000000 24.000000
      vertex 135.468688 88.000000 24.000000
    endloop
  endfacet
  facet normal 0.327759 0.944220 0.031983
    outer loop
      vertex 133.591531 89.000000 12.000000
      vertex 130.710698 90.000000 12.000000
      vertex 132.420576 89.000000 24.000000
    endloop
  endfacet
  facet normal 0.450075 0.892931 0.010280
    outer loop
      vertex 130.710698 90.000000 12.000000
      vertex 129.556266 90.443734 24.000000
      vertex 132.420576 89.000000 24.000000
    endloop
  endfacet
  facet normal 0.367963 0.929840 0.001016
    outer loop
      vertex 130.710698 90.000000 12.000000
      vertex 127.879697 91.120303 12.000000
      vertex 129.556266 90.443734 24.000000
    endloop
  endfacet
  facet normal 0.322578 0.946507 0.008296
    outer loop
      vertex 127.879697 91.120303 12.000000
      vertex 126.522245 91.477755 24.000000
      vertex 129.556266 90.443734 24.000000
    endloop
  endfacet
  facet normal 0.705882 0.705882 0.058824
    outer loop
      vertex 127.879697 91.120303 12.000000
      vertex 125.549747 93.450253 12.000000
      vertex 126.522245 91.477755 24.000000
    endloop
  endfacet
  facet normal 0.470823 0.875859 0.105813
    outer loop
      vertex 125.549747 93.450253 12.000000
      vertex 123.690455 93.000000 24.000000
      vertex 126.522245 91.477755 24.000000
    endloop
  endfacet
  facet normal 0.522809 0.844966 0.112709
    outer loop
      vertex 125.549747 93.450253 12.000000
      vertex 122.926905 95.073095 12.000000
      vertex 123.690455 93.000000 24.000000
    endloop
  endfacet
  facet normal 0.591568 0.799960 0.100558
    outer loop
      vertex 122.926905 95.073095 12.000000
      vertex 121.039991 94.960009 24.000000
      vertex 123.690455 93.000000 24.000000
    endloop
  endfacet
  facet normal 0.702247 0.702247 0.117041
    outer loop
      vertex 122.926905 95.073095 12.000000
      vertex 120.596955 97.403045 12.000000
      vertex 121.039991 94.960009 24.000000
    endloop
  endfacet
  facet normal 0.702247 0.702247 0.117041
    outer loop
      vertex 120.596955 97.403045 12.000000
      vertex 118.591758 97.408242 24.000000
      vertex 121.039991 94.960009 24.000000
    endloop
  endfacet
  facet normal 0.702247 0.702247 0.117041
    outer loop
      vertex 120.596955 97.403045 12.000000
      vertex 118.267006 99.732994 12.000000
      vertex 118.591758 97.408242 24.000000
    endloop
  endfacet
  facet normal 0.702247 0.702247 0.117041
    outer loop
      vertex 118.267006 99.732994 12.000000
      vertex 116.143524 99.856476 24.000000
      vertex 118.591758 97.408242 24.000000
    endloop
  endfacet
  facet normal 0.524300 0.847375 0.084059
    outer loop
      vertex 118.267006 99.732994 12.000000
      vertex 115.644163 101.355837 12.000000
      vertex 116.143524 99.856476 24.000000
    endloop
  endfacet
  facet normal 0.534324 0.841208 0.082871
    outer loop
      vertex 115.644163 101.355837 12.000000
      vertex 113.402397 101.597603 24.000000
      vertex 116.143524 99.856476 24.000000
    endloop
  endfacet
  facet normal 0.524438 0.847597 0.080895
    outer loop
      vertex 115.644163 101.355837 12.000000
      vertex 113.021320 102.978680 12.000000
      vertex 113.402397 101.597603 24.000000
    endloop
  endfacet
  facet normal 0.843598 0.535842 0.034880
    outer loop
      vertex 113.021320 102.978680 12.000000
      vertex 111.661270 104.338730 24.000000
      vertex 113.402397 101.597603 24.000000
    endloop
  endfacet
  facet normal 0.772259 0.635117 0.015543
    outer loop
      vertex 113.021320 102.978680 12.000000
      vertex 111.000000 105.436468 12.000000
      vertex 111.661270 104.338730 24.000000
    endloop
  endfacet
  facet normal 0.706873 0.706873 0.025711
    outer loop
      vertex 111.000000 105.436468 12.000000
      vertex 109.213036 106.786964 24.000000
      vertex 111.661270 104.338730 24.000000
    endloop
  endfacet
  facet normal 0.789804 0.611415 0.048803
    outer loop
      vertex 111.000000 105.436468 12.000000
      vertex 109.068528 107.931472 12.000000
      vertex 109.213036 106.786964 24.000000
    endloop
  endfacet
  facet normal 0.843404 0.535719 0.040938
    outer loop
      vertex 109.068528 107.931472 12.000000
      vertex 107.471909 109.528091 24.000000
      vertex 109.213036 106.786964 24.000000
    endloop
  endfacet
  facet normal 0.762462 0.646851 0.015382
    outer loop
      vertex 109.068528 107.931472 12.000000
      vertex 107.000000 110.369706 12.000000
      vertex 107.471909 109.528091 24.000000
    endloop
  endfacet
  facet normal 0.706939 0.706939 0.021780
    outer loop
      vertex 107.000000 110.369706 12.000000
      vertex 105.023675 111.976325 24.000000
      vertex 107.471909 109.528091 24.000000
    endloop
  endfacet
  facet normal 0.938866 0.325901 0.110992
    outer loop
      vertex 107.000000 110.369706 12.000000
      vertex 106.000000 113.250538 12.000000
      vertex 105.023675 111.976325 24.000000
    endloop
  endfacet
  facet normal 0.700970 0.700970 0.131463
    outer loop
      vertex 106.000000 113.250538 12.000000
      vertex 102.575442 114.424558 24.000000
      vertex 105.023675 111.976325 24.000000
    endloop
  endfacet
  facet normal 0.919133 0.319051 0.231088
    outer loop
      vertex 106.000000 113.250538 12.000000
      vertex 105.000000 116.131371 12.000000
      vertex 102.575442 114.424558 24.000000
    endloop
  endfacet
  facet normal 0.960658 0.171466 0.218486
    outer loop
      vertex 105.000000 116.131371 12.000000
      vertex 102.000000 117.648528 24.000000
      vertex 102.575442 114.424558 24.000000
    endloop
  endfacet
  facet normal 0.970143 -0.000000 0.242536
    outer loop
      vertex 105.000000 116.131371 12.000000
      vertex 105.000000 119.426417 12.000000
      vertex 102.000000 117.648528 24.000000
    endloop
  endfacet
  facet normal 0.970143 0.000000 0.242536
    outer loop
      vertex 105.000000 119.426417 12.000000
      vertex 102.000000 121.110854 24.000000
      vertex 102.000000 117.648528 24.000000
    endloop
  endfacet
  facet normal 0.962787 0.159277 0.218339
    outer loop
      vertex 105.000000 119.426417 12.000000
      vertex 104.489848 122.510152 12.000000
      vertex 102.000000 121.110854 24.000000
    endloop
  endfacet
  facet normal 0.979145 0.000000 0.203160
    outer loop
      vertex 104.489848 122.510152 12.000000
      vertex 102.000000 124.573179 24.000000
      vertex 102.000000 121.110854 24.000000
    endloop
  endfacet
  facet normal 0.943985 0.296474 0.144895
    outer loop
      vertex 104.489848 122.510152 12.000000
      vertex 103.574113 125.425887 12.000000
      vertex 102.000000 124.573179 24.000000
    endloop
  endfacet
  facet normal 0.991546 -0.007211 0.129555
    outer loop
      vertex 103.574113 125.425887 12.000000
      vertex 102.025105 128.025105 24.000000
      vertex 102.000000 124.573179 24.000000
    endloop
  endfacet
  facet normal 0.979132 0.183869 0.086564
    outer loop
      vertex 103.574113 125.425887 12.000000
      vertex 103.000000 128.483128 12.000000
      vertex 102.025105 128.025105 24.000000
    endloop
  endfacet
  facet normal 0.950713 -0.303038 0.065671
    outer loop
      vertex 103.000000 128.483128 12.000000
      vertex 103.000000 131.083616 24.000000
      vertex 102.025105 128.025105 24.000000
    endloop
  endfacet
  facet normal 1.000000 0.000000 0.000000
    outer loop
      vertex 103.000000 128.483128 12.000000
      vertex 103.000000 131.778175 12.000000
      vertex 103.000000 131.083616 24.000000
    endloop
  endfacet
  facet normal 0.950018 -0.311674 -0.018040
    outer loop
      vertex 103.000000 131.778175 12.000000
      vertex 104.000000 134.131728 24.000000
      vertex 103.000000 131.083616 24.000000
    endloop
  endfacet
  facet normal 0.996673 -0.015763 -0.079964
    outer loop
      vertex 103.000000 131.778175 12.000000
      vertex 103.051775 135.051775 12.000000
      vertex 104.000000 134.131728 24.000000
    endloop
  endfacet
  facet normal 0.945552 -0.310209 -0.098500
    outer loop
      vertex 103.051775 135.051775 12.000000
      vertex 105.000000 137.179840 24.000000
      vertex 104.000000 134.131728 24.000000
    endloop
  endfacet
  facet normal 0.849534 -0.525636 -0.044708
    outer loop
      vertex 103.051775 135.051775 12.000000
      vertex 104.674618 137.674618 12.000000
      vertex 105.000000 137.179840 24.000000
    endloop
  endfacet
  facet normal 0.999633 0.000000 -0.027105
    outer loop
      vertex 104.674618 137.674618 12.000000
      vertex 105.000000 140.642165 24.000000
      vertex 105.000000 137.179840 24.000000
    endloop
  endfacet
  facet normal 0.698689 -0.698689 0.153838
    outer loop
      vertex 104.674618 137.674618 12.000000
      vertex 107.004567 140.004567 12.000000
      vertex 105.000000 140.642165 24.000000
    endloop
  endfacet
  facet normal 0.873248 -0.456609 0.170135
    outer loop
      vertex 107.004567 140.004567 12.000000
      vertex 106.488100 143.488100 24.000000
      vertex 105.000000 140.642165 24.000000
    endloop
  endfacet
  facet normal 0.835539 -0.516977 0.186036
    outer loop
      vertex 107.004567 140.004567 12.000000
      vertex 108.627410 142.627410 12.000000
      vertex 106.488100 143.488100 24.000000
    endloop
  endfacet
  facet normal 0.696311 -0.696311 0.174078
    outer loop
      vertex 108.627410 142.627410 12.000000
      vertex 108.936333 145.936333 24.000000
      vertex 106.488100 143.488100 24.000000
    endloop
  endfacet
  facet normal 0.952449 -0.299133 0.057964
    outer loop
      vertex 108.627410 142.627410 12.000000
      vertex 109.543146 145.543146 12.000000
      vertex 108.936333 145.936333 24.000000
    endloop
  endfacet
  facet normal 0.941653 -0.331466 0.058478
    outer loop
      vertex 109.543146 145.543146 12.000000
      vertex 110.000000 148.958074 24.000000
      vertex 108.936333 145.936333 24.000000
    endloop
  endfacet
  facet normal 0.989347 -0.145530 0.003749
    outer loop
      vertex 109.543146 145.543146 12.000000
      vertex 110.000000 148.648957 12.000000
      vertex 110.000000 148.958074 24.000000
    endloop
  endfacet
  facet normal 0.950142 -0.311715 0.008030
    outer loop
      vertex 110.000000 148.648957 12.000000
      vertex 111.000000 152.006185 24.000000
      vertex 110.000000 148.958074 24.000000
    endloop
  endfacet
  facet normal 0.944623 -0.327899 0.013017
    outer loop
      vertex 110.000000 148.648957 12.000000
      vertex 111.000000 151.529789 12.000000
      vertex 111.000000 152.006185 24.000000
    endloop
  endfacet
  facet normal 0.950100 -0.311701 0.012374
    outer loop
      vertex 111.000000 151.529789 12.000000
      vertex 112.000000 155.054297 24.000000
      vertex 111.000000 152.006185 24.000000
    endloop
  endfacet
  facet normal 0.944557 -0.327876 0.017587
    outer loop
      vertex 111.000000 151.529789 12.000000
      vertex 112.000000 154.410622 12.000000
      vertex 112.000000 155.054297 24.000000
    endloop
  endfacet
  facet normal 0.836941 -0.546507 0.029314
    outer loop
      vertex 112.000000 154.410622 12.000000
      vertex 113.779521 157.779521 24.000000
      vertex 112.000000 155.054297 24.000000
    endloop
  endfacet
  facet normal 0.943615 -0.327549 -0.047975
    outer loop
      vertex 112.000000 154.410622 12.000000
      vertex 113.000000 157.291455 12.000000
      vertex 113.779521 157.779521 24.000000
    endloop
  endfacet
  facet normal 0.923435 -0.381168 -0.044483
    outer loop
      vertex 113.000000 157.291455 12.000000
      vertex 115.000000 160.736307 24.000000
      vertex 113.779521 157.779521 24.000000
    endloop
  endfacet
  facet normal 0.810807 -0.584403 0.032631
    outer loop
      vertex 113.000000 157.291455 12.000000
      vertex 114.828932 159.828932 12.000000
      vertex 115.000000 160.736307 24.000000
    endloop
  endfacet
  facet normal 0.795949 -0.604388 0.034354
    outer loop
      vertex 114.828932 159.828932 12.000000
      vertex 117.000000 163.370206 24.000000
      vertex 115.000000 160.736307 24.000000
    endloop
  endfacet
  facet normal 0.850384 -0.526161 0.001420
    outer loop
      vertex 114.828932 159.828932 12.000000
      vertex 116.451775 162.451775 12.000000
      vertex 117.000000 163.370206 24.000000
    endloop
  endfacet
  facet normal 0.914276 -0.404949 -0.010776
    outer loop
      vertex 116.451775 162.451775 12.000000
      vertex 118.295795 166.295795 24.000000
      vertex 117.000000 163.370206 24.000000
    endloop
  endfacet
  facet normal 0.863395 -0.503713 0.028681
    outer loop
      vertex 116.451775 162.451775 12.000000
      vertex 118.000000 165.105525 12.000000
      vertex 118.295795 166.295795 24.000000
    endloop
  endfacet
  facet normal 0.850148 -0.525619 0.031180
    outer loop
      vertex 118.000000 165.105525 12.000000
      vertex 120.000000 169.052216 24.000000
      vertex 118.295795 166.295795 24.000000
    endloop
  endfacet
  facet normal 0.943543 -0.327524 -0.049537
    outer loop
      vertex 118.000000 165.105525 12.000000
      vertex 119.000000 167.986358 12.000000
      vertex 120.000000 169.052216 24.000000
    endloop
  endfacet
  facet normal 0.837375 -0.546216 -0.021266
    outer loop
      vertex 119.000000 167.986358 12.000000
      vertex 121.778049 171.778049 24.000000
      vertex 120.000000 169.052216 24.000000
    endloop
  endfacet
  facet normal 0.707962 -0.703824 0.058494
    outer loop
      vertex 119.000000 167.986358 12.000000
      vertex 121.320303 170.320303 12.000000
      vertex 121.778049 171.778049 24.000000
    endloop
  endfacet
  facet normal 0.705882 -0.705882 0.058824
    outer loop
      vertex 121.320303 170.320303 12.000000
      vertex 124.226283 174.226283 24.000000
      vertex 121.778049 171.778049 24.000000
    endloop
  endfacet
  facet normal 0.705882 -0.705882 0.058824
    outer loop
      vertex 121.320303 170.320303 12.000000
      vertex 123.650253 172.650253 12.000000
      vertex 124.226283 174.226283 24.000000
    endloop
  endfacet
  facet normal 0.705882 -0.705882 0.058824
    outer loop
      vertex 123.650253 172.650253 12.000000
      vertex 126.674517 176.674517 24.000000
      vertex 124.226283 174.226283 24.000000
    endloop
  endfacet
  facet normal 0.705882 -0.705882 0.058824
    outer loop
      vertex 123.650253 172.650253 12.000000
      vertex 125.980202 174.980202 12.000000
      vertex 126.674517 176.674517 24.000000
    endloop
  endfacet
  facet normal 0.411884 -0.905283 0.103988
    outer loop
      vertex 125.980202 174.980202 12.000000
      vertex 129.587809 178.000000 24.000000
      vertex 126.674517 176.674517 24.000000
    endloop
  endfacet
  facet normal 0.706683 -0.706683 -0.034616
    outer loop
      vertex 125.980202 174.980202 12.000000
      vertex 128.310152 177.310152 12.000000
      vertex 129.587809 178.000000 24.000000
    endloop
  endfacet
  facet normal 0.311653 -0.949954 0.021428
    outer loop
      vertex 128.310152 177.310152 12.000000
      vertex 132.635921 179.000000 24.000000
      vertex 129.587809 178.000000 24.000000
    endloop
  endfacet
  facet normal 0.698729 -0.698729 -0.153483
    outer loop
      vertex 128.310152 177.310152 12.000000
      vertex 130.640101 179.640101 12.000000
      vertex 132.635921 179.000000 24.000000
    endloop
  endfacet
  facet normal 0.310099 -0.945217 -0.101995
    outer loop
      vertex 130.640101 179.640101 12.000000
      vertex 135.684032 180.000000 24.000000
      vertex 132.635921 179.000000 24.000000
    endloop
  endfacet
  facet normal 0.440016 -0.883902 -0.158441
    outer loop
      vertex 130.640101 179.640101 12.000000
      vertex 133.371859 181.000000 12.000000
      vertex 135.684032 180.000000 24.000000
    endloop
  endfacet
  facet normal 0.308746 -0.941093 -0.137914
    outer loop
      vertex 133.371859 181.000000 12.000000
      vertex 138.732144 181.000000 24.000000
      vertex 135.684032 180.000000 24.000000
    endloop
  endfacet
  facet normal 0.324465 -0.934728 -0.144935
    outer loop
      vertex 133.371859 181.000000 12.000000
      vertex 136.252691 182.000000 12.000000
      vertex 138.732144 181.000000 24.000000
    endloop
  endfacet
  facet normal 0.308560 -0.940526 -0.142132
    outer loop
      vertex 136.252691 182.000000 12.000000
      vertex 141.780256 182.000000 24.000000
      vertex 138.732144 181.000000 24.000000
    endloop
  endfacet
  facet normal 0.324249 -0.934106 -0.149359
    outer loop
      vertex 136.252691 182.000000 12.000000
      vertex 139.133524 183.000000 12.000000
      vertex 141.780256 182.000000 24.000000
    endloop
  endfacet
  facet normal 0.000000 -0.996546 -0.083045
    outer loop
      vertex 139.133524 183.000000 12.000000
      vertex 145.242582 182.000000 24.000000
      vertex 141.780256 182.000000 24.000000
    endloop
  endfacet
  facet normal 0.094367 -0.986975 -0.130289
    outer loop
      vertex 139.133524 183.000000 12.000000
      vertex 142.303045 183.303045 12.000000
      vertex 145.242582 182.000000 24.000000
    endloop
  endfacet
  facet normal 0.306819 -0.935219 -0.176712
    outer loop
      vertex 142.303045 183.303045 12.000000
      vertex 148.290693 183.000000 24.000000
      vertex 145.242582 182.000000 24.000000
    endloop
  endfacet
  facet normal 0.223739 -0.965112 -0.136012
    outer loop
      vertex 142.303045 183.303045 12.000000
      vertex 145.309403 184.000000 12.000000
      vertex 148.290693 183.000000 24.000000
    endloop
  endfacet
  facet normal 0.000000 -0.996546 -0.083045
    outer loop
      vertex 145.309403 184.000000 12.000000
      vertex 151.753019 183.000000 24.000000
      vertex 148.290693 183.000000 24.000000
    endloop
  endfacet
  facet normal 0.000000 -0.996546 -0.083045
    outer loop
      vertex 145.309403 184.000000 12.000000
      vertex 148.604449 184.000000 12.000000
      vertex 151.753019 183.000000 24.000000
    endloop
  endfacet
  facet normal -0.266621 -0.963746 -0.010356
    outer loop
      vertex 148.604449 184.000000 12.000000
      vertex 154.859378 182.140622 24.000000
      vertex 151.753019 183.000000 24.000000
    endloop
  endfacet
  facet normal 0.000000 -0.988207 -0.153121
    outer loop
      vertex 148.604449 184.000000 12.000000
      vertex 151.899495 184.000000 12.000000
      vertex 154.859378 182.140622 24.000000
    endloop
  endfacet
  facet normal -0.040850 -0.988858 -0.143146
    outer loop
      vertex 151.899495 184.000000 12.000000
      vertex 158.263456 182.000000 24.000000
      vertex 154.859378 182.140622 24.000000
    endloop
  endfacet
  facet normal -0.042011 -0.988898 -0.142537
    outer loop
      vertex 151.899495 184.000000 12.000000
      vertex 155.137561 183.862439 12.000000
      vertex 158.263456 182.000000 24.000000
    endloop
  endfacet
  facet normal -0.311043 -0.948093 -0.066123
    outer loop
      vertex 155.137561 183.862439 12.000000
      vertex 161.311568 181.000000 24.000000
      vertex 158.263456 182.000000 24.000000
    endloop
  endfacet
  facet normal -0.280691 -0.956145 -0.083660
    outer loop
      vertex 155.137561 183.862439 12.000000
      vertex 158.075374 183.000000 12.000000
      vertex 161.311568 181.000000 24.000000
    endloop
  endfacet
  facet normal -0.310868 -0.947561 -0.074091
    outer loop
      vertex 158.075374 183.000000 12.000000
      vertex 164.359680 180.000000 24.000000
      vertex 161.311568 181.000000 24.000000
    endloop
  endfacet
  facet normal -0.327248 -0.942748 -0.064310
    outer loop
      vertex 158.075374 183.000000 12.000000
      vertex 160.956206 182.000000 12.000000
      vertex 164.359680 180.000000 24.000000
    endloop
  endfacet
  facet normal -0.402374 -0.914673 -0.038323
    outer loop
      vertex 160.956206 182.000000 12.000000
      vertex 167.288352 178.711648 24.000000
      vertex 164.359680 180.000000 24.000000
    endloop
  endfacet
  facet normal -0.053490 -0.969900 -0.237556
    outer loop
      vertex 160.956206 182.000000 12.000000
      vertex 164.177662 181.822338 12.000000
      vertex 167.288352 178.711648 24.000000
    endloop
  endfacet
  facet normal -0.526138 -0.846339 -0.083004
    outer loop
      vertex 164.177662 181.822338 12.000000
      vertex 170.041690 177.000000 24.000000
      vertex 167.288352 178.711648 24.000000
    endloop
  endfacet
  facet normal -0.582405 -0.811831 -0.041640
    outer loop
      vertex 164.177662 181.822338 12.000000
      vertex 166.717872 180.000000 12.000000
      vertex 170.041690 177.000000 24.000000
    endloop
  endfacet
  facet normal -0.543355 -0.837437 -0.058858
    outer loop
      vertex 166.717872 180.000000 12.000000
      vertex 172.770606 175.229394 24.000000
      vertex 170.041690 177.000000 24.000000
    endloop
  endfacet
  facet normal -0.462442 -0.879003 -0.116195
    outer loop
      vertex 166.717872 180.000000 12.000000
      vertex 169.423348 178.576652 12.000000
      vertex 172.770606 175.229394 24.000000
    endloop
  endfacet
  facet normal -0.380063 -0.912939 -0.148640
    outer loop
      vertex 169.423348 178.576652 12.000000
      vertex 175.723700 174.000000 24.000000
      vertex 172.770606 175.229394 24.000000
    endloop
  endfacet
  facet normal -0.511582 -0.857251 -0.058349
    outer loop
      vertex 169.423348 178.576652 12.000000
      vertex 172.065323 177.000000 12.000000
      vertex 175.723700 174.000000 24.000000
    endloop
  endfacet
  facet normal -0.479128 -0.874736 -0.072615
    outer loop
      vertex 172.065323 177.000000 12.000000
      vertex 178.545753 172.454247 24.000000
      vertex 175.723700 174.000000 24.000000
    endloop
  endfacet
  facet normal -0.539460 -0.841563 -0.027467
    outer loop
      vertex 172.065323 177.000000 12.000000
      vertex 174.669033 175.330967 12.000000
      vertex 178.545753 172.454247 24.000000
    endloop
  endfacet
  facet normal -0.535941 -0.843753 -0.029129
    outer loop
      vertex 174.669033 175.330967 12.000000
      vertex 181.286880 170.713120 24.000000
      vertex 178.545753 172.454247 24.000000
    endloop
  endfacet
  facet normal -0.525801 -0.849801 -0.037048
    outer loop
      vertex 174.669033 175.330967 12.000000
      vertex 177.291876 173.708124 12.000000
      vertex 181.286880 170.713120 24.000000
    endloop
  endfacet
  facet normal -0.705882 -0.705882 0.058824
    outer loop
      vertex 177.291876 173.708124 12.000000
      vertex 183.735114 168.264886 24.000000
      vertex 181.286880 170.713120 24.000000
    endloop
  endfacet
  facet normal -0.705882 -0.705882 0.058824
    outer loop
      vertex 177.291876 173.708124 12.000000
      vertex 179.621825 171.378175 12.000000
      vertex 183.735114 168.264886 24.000000
    endloop
  endfacet
  facet normal -0.834743 -0.530218 0.148568
    outer loop
      vertex 179.621825 171.378175 12.000000
      vertex 185.476241 165.523759 24.000000
      vertex 183.735114 168.264886 24.000000
    endloop
  endfacet
  facet normal -0.707107 -0.707107 0.000000
    outer loop
      vertex 179.621825 171.378175 12.000000
      vertex 181.951775 169.048225 12.000000
      vertex 185.476241 165.523759 24.000000
    endloop
  endfacet
  facet normal -0.707107 -0.707107 0.000000
    outer loop
      vertex 181.951775 169.048225 12.000000
      vertex 187.924475 163.075525 24.000000
      vertex 185.476241 165.523759 24.000000
    endloop
  endfacet
  facet normal -0.765301 -0.640677 0.062028
    outer loop
      vertex 181.951775 169.048225 12.000000
      vertex 184.000000 166.601582 12.000000
      vertex 187.924475 163.075525 24.000000
    endloop
  endfacet
  facet normal -0.816821 -0.568123 0.100197
    outer loop
      vertex 184.000000 166.601582 12.000000
      vertex 189.627291 160.627291 24.000000
      vertex 187.924475 163.075525 24.000000
    endloop
  endfacet
  facet normal -0.894952 -0.382870 0.229065
    outer loop
      vertex 184.000000 166.601582 12.000000
      vertex 185.197460 163.802540 12.000000
      vertex 189.627291 160.627291 24.000000
    endloop
  endfacet
  facet normal -0.878621 -0.428377 0.210995
    outer loop
      vertex 185.197460 163.802540 12.000000
      vertex 190.820942 158.179058 24.000000
      vertex 189.627291 160.627291 24.000000
    endloop
  endfacet
  facet normal -0.811344 -0.573879 0.111282
    outer loop
      vertex 185.197460 163.802540 12.000000
      vertex 187.000000 161.254130 12.000000
      vertex 190.820942 158.179058 24.000000
    endloop
  endfacet
  facet normal -0.911281 -0.361289 0.197580
    outer loop
      vertex 187.000000 161.254130 12.000000
      vertex 192.000000 155.205114 24.000000
      vertex 190.820942 158.179058 24.000000
    endloop
  endfacet
  facet normal -0.776735 -0.629797 0.006168
    outer loop
      vertex 187.000000 161.254130 12.000000
      vertex 189.000000 158.787511 12.000000
      vertex 192.000000 155.205114 24.000000
    endloop
  endfacet
  facet normal -0.796282 -0.604641 0.018565
    outer loop
      vertex 189.000000 158.787511 12.000000
      vertex 194.000000 152.571216 24.000000
      vertex 192.000000 155.205114 24.000000
    endloop
  endfacet
  facet normal -0.921907 -0.320014 0.218353
    outer loop
      vertex 189.000000 158.787511 12.000000
      vertex 190.000000 155.906678 12.000000
      vertex 194.000000 152.571216 24.000000
    endloop
  endfacet
  facet normal -0.909361 0.207228 0.360720
    outer loop
      vertex 190.000000 155.906678 12.000000
      vertex 193.337216 149.662784 24.000000
      vertex 194.000000 152.571216 24.000000
    endloop
  endfacet
  facet normal -0.837111 -0.544687 -0.050612
    outer loop
      vertex 190.000000 155.906678 12.000000
      vertex 191.688831 153.311169 12.000000
      vertex 193.337216 149.662784 24.000000
    endloop
  endfacet
  facet normal -0.843178 -0.535575 -0.047009
    outer loop
      vertex 191.688831 153.311169 12.000000
      vertex 195.078343 146.921657 24.000000
      vertex 193.337216 149.662784 24.000000
    endloop
  endfacet
  facet normal -0.970088 -0.095340 0.223246
    outer loop
      vertex 191.688831 153.311169 12.000000
      vertex 192.000000 150.145013 12.000000
      vertex 195.078343 146.921657 24.000000
    endloop
  endfacet
  facet normal -0.841900 -0.534764 0.072327
    outer loop
      vertex 192.000000 150.145013 12.000000
      vertex 196.819470 144.180530 24.000000
      vertex 195.078343 146.921657 24.000000
    endloop
  endfacet
  facet normal -0.923327 -0.320507 0.211524
    outer loop
      vertex 192.000000 150.145013 12.000000
      vertex 193.000000 147.264180 12.000000
      vertex 196.819470 144.180530 24.000000
    endloop
  endfacet
  facet normal -0.836972 -0.531633 0.129785
    outer loop
      vertex 193.000000 147.264180 12.000000
      vertex 198.560597 141.439403 24.000000
      vertex 196.819470 144.180530 24.000000
    endloop
  endfacet
  facet normal -0.910049 -0.315898 0.268365
    outer loop
      vertex 193.000000 147.264180 12.000000
      vertex 194.000000 144.383348 12.000000
      vertex 198.560597 141.439403 24.000000
    endloop
  endfacet
  facet normal -0.702195 -0.705790 0.093718
    outer loop
      vertex 194.000000 144.383348 12.000000
      vertex 201.012489 139.000000 24.000000
      vertex 198.560597 141.439403 24.000000
    endloop
  endfacet
  facet normal -0.863388 0.000000 0.504541
    outer loop
      vertex 194.000000 144.383348 12.000000
      vertex 194.000000 141.088302 12.000000
      vertex 201.012489 139.000000 24.000000
    endloop
  endfacet
  facet normal 0.097919 -0.969219 -0.225890
    outer loop
      vertex 194.000000 141.088302 12.000000
      vertex 204.335745 139.335745 24.000000
      vertex 201.012489 139.000000 24.000000
    endloop
  endfacet
  facet normal -0.757694 0.000000 0.652611
    outer loop
      vertex 194.000000 141.088302 12.000000
      vertex 194.000000 137.793255 12.000000
      vertex 204.335745 139.335745 24.000000
    endloop
  endfacet
  facet normal 0.333538 -0.927639 -0.168041
    outer loop
      vertex 194.000000 137.793255 12.000000
      vertex 206.783978 140.216022 24.000000
      vertex 204.335745 139.335745 24.000000
    endloop
  endfacet
  facet normal -0.690120 0.077783 0.719503
    outer loop
      vertex 194.000000 137.793255 12.000000
      vertex 193.645180 134.645180 12.000000
      vertex 206.783978 140.216022 24.000000
    endloop
  endfacet
  facet normal -0.499614 -0.435131 0.749031
    outer loop
      vertex 193.645180 134.645180 12.000000
      vertex 209.000000 137.671602 24.000000
      vertex 206.783978 140.216022 24.000000
    endloop
  endfacet
  facet normal -0.614860 0.380435 0.690809
    outer loop
      vertex 193.645180 134.645180 12.000000
      vertex 192.022338 132.022338 12.000000
      vertex 209.000000 137.671602 24.000000
    endloop
  endfacet
  facet normal -0.553102 -0.095723 0.827596
    outer loop
      vertex 192.022338 132.022338 12.000000
      vertex 209.559126 134.440874 24.000000
      vertex 209.000000 137.671602 24.000000
    endloop
  endfacet
  facet normal -0.570929 0.091823 0.815849
    outer loop
      vertex 192.022338 132.022338 12.000000
      vertex 191.600505 129.399495 12.000000
      vertex 209.559126 134.440874 24.000000
    endloop
  endfacet
  facet normal -0.512661 -0.174719 0.840626
    outer loop
      vertex 191.600505 129.399495 12.000000
      vertex 210.593146 131.406854 24.000000
      vertex 209.559126 134.440874 24.000000
    endloop
  endfacet
  facet normal -0.539307 0.119269 0.833621
    outer loop
      vertex 191.600505 129.399495 12.000000
      vertex 191.000000 126.684139 12.000000
      vertex 210.593146 131.406854 24.000000
    endloop
  endfacet
  facet normal -0.449549 -0.285547 0.846386
    outer loop
      vertex 191.000000 126.684139 12.000000
      vertex 212.334273 128.665727 24.000000
      vertex 210.593146 131.406854 24.000000
    endloop
  endfacet
  facet normal -0.474828 -0.144794 0.868086
    outer loop
      vertex 191.000000 126.684139 12.000000
      vertex 191.860916 123.860916 12.000000
      vertex 212.334273 128.665727 24.000000
    endloop
  endfacet
  facet normal -0.440627 -0.264744 0.857764
    outer loop
      vertex 191.860916 123.860916 12.000000
      vertex 214.000000 125.893369 24.000000
      vertex 212.334273 128.665727 24.000000
    endloop
  endfacet
  facet normal -0.456080 0.456080 0.764187
    outer loop
      vertex 191.860916 123.860916 12.000000
      vertex 189.530967 121.530967 12.000000
      vertex 214.000000 125.893369 24.000000
    endloop
  endfacet
  facet normal -0.458125 0.169260 0.872624
    outer loop
      vertex 189.530967 121.530967 12.000000
      vertex 212.890580 122.890580 24.000000
      vertex 214.000000 125.893369 24.000000
    endloop
  endfacet
  facet normal -0.451560 0.279396 0.847367
    outer loop
      vertex 189.530967 121.530967 12.000000
      vertex 187.908124 118.908124 12.000000
      vertex 212.890580 122.890580 24.000000
    endloop
  endfacet
  facet normal -0.451207 0.318392 0.833690
    outer loop
      vertex 187.908124 118.908124 12.000000
      vertex 211.000000 120.211359 24.000000
      vertex 212.890580 122.890580 24.000000
    endloop
  endfacet
  facet normal -0.434502 0.434502 0.788934
    outer loop
      vertex 187.908124 118.908124 12.000000
      vertex 185.578175 116.578175 12.000000
      vertex 211.000000 120.211359 24.000000
    endloop
  endfacet
  facet normal -0.437322 0.400498 0.805202
    outer loop
      vertex 185.578175 116.578175 12.000000
      vertex 208.701219 117.701219 24.000000
      vertex 211.000000 120.211359 24.000000
    endloop
  endfacet
  facet normal -0.454218 0.265569 0.850388
    outer loop
      vertex 185.578175 116.578175 12.000000
      vertex 184.044668 113.955332 12.000000
      vertex 208.701219 117.701219 24.000000
    endloop
  endfacet
  facet normal -0.445590 0.445590 0.776466
    outer loop
      vertex 184.044668 113.955332 12.000000
      vertex 206.252986 115.252986 24.000000
      vertex 208.701219 117.701219 24.000000
    endloop
  endfacet
  facet normal -0.413909 -0.413909 0.810777
    outer loop
      vertex 184.044668 113.955332 12.000000
      vertex 186.374618 111.625382 12.000000
      vertex 206.252986 115.252986 24.000000
    endloop
  endfacet
  facet normal -0.530875 0.337205 0.777473
    outer loop
      vertex 186.374618 111.625382 12.000000
      vertex 204.511859 112.511859 24.000000
      vertex 206.252986 115.252986 24.000000
    endloop
  endfacet
  facet normal -0.134842 -0.952188 0.274145
    outer loop
      vertex 186.374618 111.625382 12.000000
      vertex 188.704567 111.295433 12.000000
      vertex 204.511859 112.511859 24.000000
    endloop
  endfacet
  facet normal -0.455545 0.717183 0.527378
    outer loop
      vertex 188.704567 111.295433 12.000000
      vertex 201.770732 110.770732 24.000000
      vertex 204.511859 112.511859 24.000000
    endloop
  endfacet
  facet normal -0.676125 -0.075715 0.732886
    outer loop
      vertex 188.704567 111.295433 12.000000
      vertex 188.965483 108.965483 12.000000
      vertex 201.770732 110.770732 24.000000
    endloop
  endfacet
  facet normal -0.593362 0.593362 0.543915
    outer loop
      vertex 188.965483 108.965483 12.000000
      vertex 199.322498 108.322498 24.000000
      vertex 201.770732 110.770732 24.000000
    endloop
  endfacet
  facet normal -0.138136 0.975454 0.171490
    outer loop
      vertex 188.965483 108.965483 12.000000
      vertex 186.635534 108.635534 12.000000
      vertex 199.322498 108.322498 24.000000
    endloop
  endfacet
  facet normal -0.561336 0.561336 0.608114
    outer loop
      vertex 186.635534 108.635534 12.000000
      vertex 196.874264 105.874264 24.000000
      vertex 199.322498 108.322498 24.000000
    endloop
  endfacet
  facet normal -0.561336 0.561336 0.608114
    outer loop
      vertex 186.635534 108.635534 12.000000
      vertex 184.305584 106.305584 12.000000
      vertex 196.874264 105.874264 24.000000
    endloop
  endfacet
  facet normal -0.561336 0.561336 0.608114
    outer loop
      vertex 184.305584 106.305584 12.000000
      vertex 194.426030 103.426030 24.000000
      vertex 196.874264 105.874264 24.000000
    endloop
  endfacet
  facet normal -0.561336 0.561336 0.608114
    outer loop
      vertex 184.305584 106.305584 12.000000
      vertex 181.975635 103.975635 12.000000
      vertex 194.426030 103.426030 24.000000
    endloop
  endfacet
  facet normal -0.561336 0.561336 0.608114
    outer loop
      vertex 181.975635 103.975635 12.000000
      vertex 191.977797 100.977797 24.000000
      vertex 194.426030 103.426030 24.000000
    endloop
  endfacet
  facet normal -0.561336 0.561336 0.608114
    outer loop
      vertex 181.975635 103.975635 12.000000
      vertex 179.645685 101.645685 12.000000
      vertex 191.977797 100.977797 24.000000
    endloop
  endfacet
  facet normal -0.628261 0.399063 0.667860
    outer loop
      vertex 179.645685 101.645685 12.000000
      vertex 190.236670 98.236670 24.000000
      vertex 191.977797 100.977797 24.000000
    endloop
  endfacet
  facet normal -0.678863 0.280123 0.678731
    outer loop
      vertex 179.645685 101.645685 12.000000
      vertex 178.684264 99.315736 12.000000
      vertex 190.236670 98.236670 24.000000
    endloop
  endfacet
  facet normal -0.540824 0.613169 0.575789
    outer loop
      vertex 178.684264 99.315736 12.000000
      vertex 187.700803 96.000000 24.000000
      vertex 190.236670 98.236670 24.000000
    endloop
  endfacet
  facet normal -0.670298 -0.670298 0.318436
    outer loop
      vertex 178.684264 99.315736 12.000000
      vertex 181.014214 96.985786 12.000000
      vertex 187.700803 96.000000 24.000000
    endloop
  endfacet
  facet normal -0.550988 0.748732 0.368527
    outer loop
      vertex 181.014214 96.985786 12.000000
      vertex 185.047309 94.047309 24.000000
      vertex 187.700803 96.000000 24.000000
    endloop
  endfacet
  facet normal -0.927138 0.142606 0.346523
    outer loop
      vertex 181.014214 96.985786 12.000000
      vertex 180.655837 94.655837 12.000000
      vertex 185.047309 94.047309 24.000000
    endloop
  endfacet
  facet normal -0.595903 0.760936 0.256662
    outer loop
      vertex 180.655837 94.655837 12.000000
      vertex 182.433006 92.000000 24.000000
      vertex 185.047309 94.047309 24.000000
    endloop
  endfacet
  facet normal -0.517793 0.815909 0.257261
    outer loop
      vertex 180.655837 94.655837 12.000000
      vertex 178.046661 93.000000 12.000000
      vertex 182.433006 92.000000 24.000000
    endloop
  endfacet
  facet normal -0.191101 0.969936 0.150681
    outer loop
      vertex 178.046661 93.000000 12.000000
      vertex 179.565055 91.434945 24.000000
      vertex 182.433006 92.000000 24.000000
    endloop
  endfacet
  facet normal -0.053921 0.989262 0.135844
    outer loop
      vertex 178.046661 93.000000 12.000000
      vertex 174.824365 92.824365 12.000000
      vertex 179.565055 91.434945 24.000000
    endloop
  endfacet
  facet normal -0.150467 0.973509 0.172161
    outer loop
      vertex 174.824365 92.824365 12.000000
      vertex 176.750996 91.000000 24.000000
      vertex 179.565055 91.434945 24.000000
    endloop
  endfacet
  facet normal -0.264127 0.946329 0.186277
    outer loop
      vertex 174.824365 92.824365 12.000000
      vertex 171.870782 92.000000 12.000000
      vertex 176.750996 91.000000 24.000000
    endloop
  endfacet
  facet normal -0.305317 0.930640 0.201721
    outer loop
      vertex 171.870782 92.000000 12.000000
      vertex 173.702885 90.000000 24.000000
      vertex 176.750996 91.000000 24.000000
    endloop
  endfacet
  facet normal -0.092698 0.979755 0.177445
    outer loop
      vertex 171.870782 92.000000 12.000000
      vertex 168.700000 91.700000 12.000000
      vertex 173.702885 90.000000 24.000000
    endloop
  endfacet
  facet normal -0.301356 0.918568 0.255768
    outer loop
      vertex 168.700000 91.700000 12.000000
      vertex 170.654773 89.000000 24.000000
      vertex 173.702885 90.000000 24.000000
    endloop
  endfacet
  facet normal -0.528622 0.805646 0.267382
    outer loop
      vertex 168.700000 91.700000 12.000000
      vertex 166.109117 90.000000 12.000000
      vertex 170.654773 89.000000 24.000000
    endloop
  endfacet
  facet normal -0.305831 0.932208 0.193534
    outer loop
      vertex 166.109117 90.000000 12.000000
      vertex 167.606661 88.000000 24.000000
      vertex 170.654773 89.000000 24.000000
    endloop
  endfacet
  facet normal -0.616605 0.760465 0.203694
    outer loop
      vertex 166.109117 90.000000 12.000000
      vertex 163.642498 88.000000 12.000000
      vertex 167.606661 88.000000 24.000000
    endloop
  endfacet
  facet normal -0.184786 0.980881 0.061043
    outer loop
      vertex 163.642498 88.000000 12.000000
      vertex 164.394954 87.394954 24.000000
      vertex 167.606661 88.000000 24.000000
    endloop
  endfacet
  facet normal -0.595550 0.799556 0.077658
    outer loop
      vertex 163.642498 88.000000 12.000000
      vertex 161.124365 86.124365 12.000000
      vertex 164.394954 87.394954 24.000000
    endloop
  endfacet
  facet normal -0.322564 0.946468 -0.012300
    outer loop
      vertex 161.124365 86.124365 12.000000
      vertex 161.360934 86.360934 24.000000
      vertex 164.394954 87.394954 24.000000
    endloop
  endfacet
  facet normal -0.369283 0.929252 -0.011039
    outer loop
      vertex 161.124365 86.124365 12.000000
      vertex 158.295046 85.000000 12.000000
      vertex 161.360934 86.360934 24.000000
    endloop
  endfacet
  facet normal -0.107920 0.990539 -0.084766
    outer loop
      vertex 158.295046 85.000000 12.000000
      vertex 158.048112 86.000000 24.000000
      vertex 161.360934 86.360934 24.000000
    endloop
  endfacet
  facet normal 0.000000 0.996546 -0.083045
    outer loop
      vertex 158.295046 85.000000 12.000000
      vertex 155.000000 85.000000 12.000000
      vertex 158.048112 86.000000 24.000000
    endloop
  endfacet
  facet normal -0.311725 0.950172 0.000000
    outer loop
      vertex 155.000000 85.000000 12.000000
      vertex 155.000000 85.000000 24.000000
      vertex 158.048112 86.000000 24.000000
    endloop
  endfacet
  facet normal 0.311719 0.950154 -0.006249
    outer loop
      vertex 155.000000 85.000000 24.000000
      vertex 151.951888 86.000000 24.000000
      vertex 140.000000 90.000000 36.000000
    endloop
  endfacet
  facet normal 0.481008 0.854962 0.194092
    outer loop
      vertex 151.951888 86.000000 24.000000
      vertex 137.713726 91.286274 36.000000
      vertex 140.000000 90.000000 36.000000
    endloop
  endfacet
  facet normal 0.000000 0.915139 -0.403139
    outer loop
      vertex 151.951888 86.000000 24.000000
      vertex 148.489563 86.000000 24.000000
      vertex 137.713726 91.286274 36.000000
    endloop
  endfacet
  facet normal 0.267881 0.947115 -0.176672
    outer loop
      vertex 148.489563 86.000000 24.000000
      vertex 135.190294 92.000000 36.000000
      vertex 137.713726 91.286274 36.000000
    endloop
  endfacet
  facet normal 0.000000 0.894427 -0.447214
    outer loop
      vertex 148.489563 86.000000 24.000000
      vertex 145.027237 86.000000 24.000000
      vertex 135.190294 92.000000 36.000000
    endloop
  endfacet
  facet normal 0.379875 0.913544 -0.145371
    outer loop
      vertex 145.027237 86.000000 24.000000
      vertex 132.785442 93.000000 36.000000
      vertex 135.190294 92.000000 36.000000
    endloop
  endfacet
  facet normal 0.000000 0.863779 -0.503871
    outer loop
      vertex 145.027237 86.000000 24.000000
      vertex 141.564912 86.000000 24.000000
      vertex 132.785442 93.000000 36.000000
    endloop
  endfacet
  facet normal 0.540756 0.836121 -0.092108
    outer loop
      vertex 141.564912 86.000000 24.000000
      vertex 130.562010 94.437990 36.000000
      vertex 132.785442 93.000000 36.000000
    endloop
  endfacet
  facet normal 0.291172 0.887524 -0.357099
    outer loop
      vertex 141.564912 86.000000 24.000000
      vertex 138.516800 87.000000 24.000000
      vertex 130.562010 94.437990 36.000000
    endloop
  endfacet
  facet normal 0.579942 0.806441 -0.115415
    outer loop
      vertex 138.516800 87.000000 24.000000
      vertex 128.389949 96.000000 36.000000
      vertex 130.562010 94.437990 36.000000
    endloop
  endfacet
  facet normal 0.284315 0.866624 -0.410033
    outer loop
      vertex 138.516800 87.000000 24.000000
      vertex 135.468688 88.000000 24.000000
      vertex 128.389949 96.000000 36.000000
    endloop
  endfacet
  facet normal 0.625289 0.767246 -0.142642
    outer loop
      vertex 135.468688 88.000000 24.000000
      vertex 126.282355 97.717645 36.000000
      vertex 128.389949 96.000000 36.000000
    endloop
  endfacet
  facet normal 0.275338 0.839262 -0.468858
    outer loop
      vertex 135.468688 88.000000 24.000000
      vertex 132.420576 89.000000 24.000000
      vertex 126.282355 97.717645 36.000000
    endloop
  endfacet
  facet normal 0.868059 0.488376 0.089237
    outer loop
      vertex 132.420576 89.000000 24.000000
      vertex 124.996081 100.003919 36.000000
      vertex 126.282355 97.717645 36.000000
    endloop
  endfacet
  facet normal 0.395983 0.785613 -0.475405
    outer loop
      vertex 132.420576 89.000000 24.000000
      vertex 129.556266 90.443734 24.000000
      vertex 124.996081 100.003919 36.000000
    endloop
  endfacet
  facet normal 0.678280 0.678280 -0.282617
    outer loop
      vertex 129.556266 90.443734 24.000000
      vertex 123.002700 101.997300 36.000000
      vertex 124.996081 100.003919 36.000000
    endloop
  endfacet
  facet normal 0.259912 0.762633 -0.592315
    outer loop
      vertex 129.556266 90.443734 24.000000
      vertex 126.522245 91.477755 24.000000
      vertex 123.002700 101.997300 36.000000
    endloop
  endfacet
  facet normal 0.653682 0.653682 -0.381314
    outer loop
      vertex 126.522245 91.477755 24.000000
      vertex 121.009319 103.990681 36.000000
      vertex 123.002700 101.997300 36.000000
    endloop
  endfacet
  facet normal 0.387721 0.721267 -0.573974
    outer loop
      vertex 126.522245 91.477755 24.000000
      vertex 123.690455 93.000000 24.000000
      vertex 121.009319 103.990681 36.000000
    endloop
  endfacet
  facet normal 0.844639 0.475200 -0.246515
    outer loop
      vertex 123.690455 93.000000 24.000000
      vertex 119.723045 106.276955 36.000000
      vertex 121.009319 103.990681 36.000000
    endloop
  endfacet
  facet normal 0.488698 0.660852 -0.569604
    outer loop
      vertex 123.690455 93.000000 24.000000
      vertex 121.039991 94.960009 24.000000
      vertex 119.723045 106.276955 36.000000
    endloop
  endfacet
  facet normal 0.688732 0.563664 -0.455995
    outer loop
      vertex 121.039991 94.960009 24.000000
      vertex 118.000000 108.382313 36.000000
      vertex 119.723045 106.276955 36.000000
    endloop
  endfacet
  facet normal 0.603181 0.603181 -0.521868
    outer loop
      vertex 121.039991 94.960009 24.000000
      vertex 118.591758 97.408242 24.000000
      vertex 118.000000 108.382313 36.000000
    endloop
  endfacet
  facet normal 0.883040 0.367191 -0.292253
    outer loop
      vertex 118.591758 97.408242 24.000000
      vertex 117.000000 110.787166 36.000000
      vertex 118.000000 108.382313 36.000000
    endloop
  endfacet
  facet normal 0.580763 0.580763 -0.570463
    outer loop
      vertex 118.591758 97.408242 24.000000
      vertex 116.143524 99.856476 24.000000
      vertex 117.000000 110.787166 36.000000
    endloop
  endfacet
  facet normal 0.621115 0.556810 -0.551524
    outer loop
      vertex 116.143524 99.856476 24.000000
      vertex 115.157115 112.842885 36.000000
      vertex 117.000000 110.787166 36.000000
    endloop
  endfacet
  facet normal 0.404624 0.637015 -0.656118
    outer loop
      vertex 116.143524 99.856476 24.000000
      vertex 113.402397 101.597603 24.000000
      vertex 115.157115 112.842885 36.000000
    endloop
  endfacet
  facet normal 0.979108 0.055858 -0.195517
    outer loop
      vertex 113.402397 101.597603 24.000000
      vertex 115.000000 115.596872 36.000000
      vertex 115.157115 112.842885 36.000000
    endloop
  endfacet
  facet normal 0.679221 0.431432 -0.593738
    outer loop
      vertex 113.402397 101.597603 24.000000
      vertex 111.661270 104.338730 24.000000
      vertex 115.000000 115.596872 36.000000
    endloop
  endfacet
  facet normal 0.785772 0.326744 -0.525168
    outer loop
      vertex 111.661270 104.338730 24.000000
      vertex 114.000000 118.001724 36.000000
      vertex 115.000000 115.596872 36.000000
    endloop
  endfacet
  facet normal 0.514470 0.514470 -0.686033
    outer loop
      vertex 111.661270 104.338730 24.000000
      vertex 109.213036 106.786964 24.000000
      vertex 114.000000 118.001724 36.000000
    endloop
  endfacet
  facet normal 0.838634 0.188754 -0.510945
    outer loop
      vertex 109.213036 106.786964 24.000000
      vertex 113.419613 120.580387 36.000000
      vertex 114.000000 118.001724 36.000000
    endloop
  endfacet
  facet normal 0.623625 0.396118 -0.673930
    outer loop
      vertex 109.213036 106.786964 24.000000
      vertex 107.471909 109.528091 24.000000
      vertex 113.419613 120.580387 36.000000
    endloop
  endfacet
  facet normal 0.653113 0.367446 -0.662138
    outer loop
      vertex 107.471909 109.528091 24.000000
      vertex 112.133339 122.866661 36.000000
      vertex 113.419613 120.580387 36.000000
    endloop
  endfacet
  facet normal 0.485071 0.485071 -0.727607
    outer loop
      vertex 107.471909 109.528091 24.000000
      vertex 105.023675 111.976325 24.000000
      vertex 112.133339 122.866661 36.000000
    endloop
  endfacet
  facet normal 0.843005 0.040670 -0.536366
    outer loop
      vertex 105.023675 111.976325 24.000000
      vertex 112.000000 125.630496 36.000000
      vertex 112.133339 122.866661 36.000000
    endloop
  endfacet
  facet normal 0.449209 0.449209 -0.772284
    outer loop
      vertex 105.023675 111.976325 24.000000
      vertex 102.575442 114.424558 24.000000
      vertex 112.000000 125.630496 36.000000
    endloop
  endfacet
  facet normal 0.786446 0.000000 -0.617659
    outer loop
      vertex 102.575442 114.424558 24.000000
      vertex 112.000000 128.449563 36.000000
      vertex 112.000000 125.630496 36.000000
    endloop
  endfacet
  facet normal 0.703620 0.125588 -0.699390
    outer loop
      vertex 102.575442 114.424558 24.000000
      vertex 102.000000 117.648528 24.000000
      vertex 112.000000 128.449563 36.000000
    endloop
  endfacet
  facet normal 0.850135 -0.353508 -0.390258
    outer loop
      vertex 102.000000 117.648528 24.000000
      vertex 113.000000 130.854416 36.000000
      vertex 112.000000 128.449563 36.000000
    endloop
  endfacet
  facet normal 0.737154 0.000000 -0.675725
    outer loop
      vertex 102.000000 117.648528 24.000000
      vertex 102.000000 121.110854 24.000000
      vertex 113.000000 130.854416 36.000000
    endloop
  endfacet
  facet normal 0.737154 0.000000 -0.675725
    outer loop
      vertex 102.000000 121.110854 24.000000
      vertex 113.000000 133.673482 36.000000
      vertex 113.000000 130.854416 36.000000
    endloop
  endfacet
  facet normal 0.737154 0.000000 -0.675725
    outer loop
      vertex 102.000000 121.110854 24.000000
      vertex 102.000000 124.573179 24.000000
      vertex 113.000000 133.673482 36.000000
    endloop
  endfacet
  facet normal 0.737154 0.000000 -0.675725
    outer loop
      vertex 102.000000 124.573179 24.000000
      vertex 113.000000 136.492548 36.000000
      vertex 113.000000 133.673482 36.000000
    endloop
  endfacet
  facet normal 0.739800 -0.005380 -0.672806
    outer loop
      vertex 102.000000 124.573179 24.000000
      vertex 102.025105 128.025105 24.000000
      vertex 113.000000 136.492548 36.000000
    endloop
  endfacet
  facet normal 0.737923 0.000000 -0.674885
    outer loop
      vertex 102.025105 128.025105 24.000000
      vertex 113.000000 139.311615 36.000000
      vertex 113.000000 136.492548 36.000000
    endloop
  endfacet
  facet normal 0.822119 -0.262049 -0.505421
    outer loop
      vertex 102.025105 128.025105 24.000000
      vertex 103.000000 131.083616 24.000000
      vertex 113.000000 139.311615 36.000000
    endloop
  endfacet
  facet normal 0.789909 -0.542182 -0.286501
    outer loop
      vertex 103.000000 131.083616 24.000000
      vertex 114.506619 141.506619 36.000000
      vertex 113.000000 139.311615 36.000000
    endloop
  endfacet
  facet normal 0.800177 -0.262516 -0.539261
    outer loop
      vertex 103.000000 131.083616 24.000000
      vertex 104.000000 134.131728 24.000000
      vertex 114.506619 141.506619 36.000000
    endloop
  endfacet
  facet normal 0.169622 -0.898922 0.403941
    outer loop
      vertex 104.000000 134.131728 24.000000
      vertex 117.121320 142.000000 36.000000
      vertex 114.506619 141.506619 36.000000
    endloop
  endfacet
  facet normal 0.729501 -0.239329 -0.640742
    outer loop
      vertex 104.000000 134.131728 24.000000
      vertex 105.000000 137.179840 24.000000
      vertex 117.121320 142.000000 36.000000
    endloop
  endfacet
  facet normal 0.512028 -0.839936 -0.179820
    outer loop
      vertex 105.000000 137.179840 24.000000
      vertex 119.372061 143.372061 36.000000
      vertex 117.121320 142.000000 36.000000
    endloop
  endfacet
  facet normal 0.640918 0.000000 -0.767609
    outer loop
      vertex 105.000000 137.179840 24.000000
      vertex 105.000000 140.642165 24.000000
      vertex 119.372061 143.372061 36.000000
    endloop
  endfacet
  facet normal 0.631046 -0.399670 -0.664865
    outer loop
      vertex 105.000000 140.642165 24.000000
      vertex 120.634558 145.365442 36.000000
      vertex 119.372061 143.372061 36.000000
    endloop
  endfacet
  facet normal 0.635389 -0.332236 -0.697065
    outer loop
      vertex 105.000000 140.642165 24.000000
      vertex 106.488100 143.488100 24.000000
      vertex 120.634558 145.365442 36.000000
    endloop
  endfacet
  facet normal 0.585052 0.329154 -0.741196
    outer loop
      vertex 106.488100 143.488100 24.000000
      vertex 119.348284 147.651716 36.000000
      vertex 120.634558 145.365442 36.000000
    endloop
  endfacet
  facet normal 0.629291 -0.629291 -0.456056
    outer loop
      vertex 106.488100 143.488100 24.000000
      vertex 108.936333 145.936333 24.000000
      vertex 119.348284 147.651716 36.000000
    endloop
  endfacet
  facet normal 0.575308 0.575308 -0.581413
    outer loop
      vertex 108.936333 145.936333 24.000000
      vertex 117.354903 149.645097 36.000000
      vertex 119.348284 147.651716 36.000000
    endloop
  endfacet
  facet normal 0.823313 -0.289810 -0.488023
    outer loop
      vertex 108.936333 145.936333 24.000000
      vertex 110.000000 148.958074 24.000000
      vertex 117.354903 149.645097 36.000000
    endloop
  endfacet
  facet normal 0.638992 0.638992 -0.428227
    outer loop
      vertex 110.000000 148.958074 24.000000
      vertex 115.361522 151.638478 36.000000
      vertex 117.354903 149.645097 36.000000
    endloop
  endfacet
  facet normal 0.895451 -0.293772 -0.334463
    outer loop
      vertex 110.000000 148.958074 24.000000
      vertex 111.000000 152.006185 24.000000
      vertex 115.361522 151.638478 36.000000
    endloop
  endfacet
  facet normal 0.933542 0.126435 -0.335431
    outer loop
      vertex 111.000000 152.006185 24.000000
      vertex 115.000000 154.307797 36.000000
      vertex 115.361522 151.638478 36.000000
    endloop
  endfacet
  facet normal 0.920281 -0.301919 -0.248852
    outer loop
      vertex 111.000000 152.006185 24.000000
      vertex 112.000000 155.054297 24.000000
      vertex 115.000000 154.307797 36.000000
    endloop
  endfacet
  facet normal 0.894780 -0.372073 -0.246841
    outer loop
      vertex 112.000000 155.054297 24.000000
      vertex 116.000000 156.712649 36.000000
      vertex 115.000000 154.307797 36.000000
    endloop
  endfacet
  facet normal 0.820477 -0.535757 -0.199453
    outer loop
      vertex 112.000000 155.054297 24.000000
      vertex 113.779521 157.779521 24.000000
      vertex 116.000000 156.712649 36.000000
    endloop
  endfacet
  facet normal 0.904543 -0.376132 -0.200817
    outer loop
      vertex 113.779521 157.779521 24.000000
      vertex 117.000000 159.117502 36.000000
      vertex 116.000000 156.712649 36.000000
    endloop
  endfacet
  facet normal 0.905424 -0.373734 -0.201321
    outer loop
      vertex 113.779521 157.779521 24.000000
      vertex 115.000000 160.736307 24.000000
      vertex 117.000000 159.117502 36.000000
    endloop
  endfacet
  facet normal 0.949826 -0.247186 -0.191650
    outer loop
      vertex 115.000000 160.736307 24.000000
      vertex 117.662254 161.662254 36.000000
      vertex 117.000000 159.117502 36.000000
    endloop
  endfacet
  facet normal 0.789771 -0.599697 -0.128940
    outer loop
      vertex 115.000000 160.736307 24.000000
      vertex 117.000000 163.370206 24.000000
      vertex 117.662254 161.662254 36.000000
    endloop
  endfacet
  facet normal 0.972194 -0.218312 -0.084725
    outer loop
      vertex 117.000000 163.370206 24.000000
      vertex 118.241421 164.241421 36.000000
      vertex 117.662254 161.662254 36.000000
    endloop
  endfacet
  facet normal 0.912392 -0.404115 -0.065049
    outer loop
      vertex 117.000000 163.370206 24.000000
      vertex 118.295795 166.295795 24.000000
      vertex 118.241421 164.241421 36.000000
    endloop
  endfacet
  facet normal 0.702247 -0.702247 -0.117041
    outer loop
      vertex 118.295795 166.295795 24.000000
      vertex 120.234802 166.234802 36.000000
      vertex 118.241421 164.241421 36.000000
    endloop
  endfacet
  facet normal 0.842334 -0.520788 -0.138755
    outer loop
      vertex 118.295795 166.295795 24.000000
      vertex 120.000000 169.052216 24.000000
      vertex 120.234802 166.234802 36.000000
    endloop
  endfacet
  facet normal 0.753281 -0.636856 -0.164263
    outer loop
      vertex 120.000000 169.052216 24.000000
      vertex 122.000000 168.322700 36.000000
      vertex 120.234802 166.234802 36.000000
    endloop
  endfacet
  facet normal 0.825331 -0.538360 -0.170284
    outer loop
      vertex 120.000000 169.052216 24.000000
      vertex 121.778049 171.778049 24.000000
      vertex 122.000000 168.322700 36.000000
    endloop
  endfacet
  facet normal 0.809845 -0.559586 -0.176109
    outer loop
      vertex 121.778049 171.778049 24.000000
      vertex 123.514457 170.514457 36.000000
      vertex 122.000000 168.322700 36.000000
    endloop
  endfacet
  facet normal 0.696311 -0.696311 -0.174078
    outer loop
      vertex 121.778049 171.778049 24.000000
      vertex 124.226283 174.226283 24.000000
      vertex 123.514457 170.514457 36.000000
    endloop
  endfacet
  facet normal 0.696311 -0.696311 -0.174078
    outer loop
      vertex 124.226283 174.226283 24.000000
      vertex 125.507838 172.507838 36.000000
      vertex 123.514457 170.514457 36.000000
    endloop
  endfacet
  facet normal 0.696311 -0.696311 -0.174078
    outer loop
      vertex 124.226283 174.226283 24.000000
      vertex 126.674517 176.674517 24.000000
      vertex 125.507838 172.507838 36.000000
    endloop
  endfacet
  facet normal 0.475134 -0.844522 -0.247044
    outer loop
      vertex 126.674517 176.674517 24.000000
      vertex 127.794113 173.794113 36.000000
      vertex 125.507838 172.507838 36.000000
    endloop
  endfacet
  facet normal 0.401083 -0.881544 -0.249021
    outer loop
      vertex 126.674517 176.674517 24.000000
      vertex 129.587809 178.000000 24.000000
      vertex 127.794113 173.794113 36.000000
    endloop
  endfacet
  facet normal 0.209321 -0.932154 -0.295423
    outer loop
      vertex 129.587809 178.000000 24.000000
      vertex 130.373280 174.373280 36.000000
      vertex 127.794113 173.794113 36.000000
    endloop
  endfacet
  facet normal 0.297950 -0.908186 -0.293981
    outer loop
      vertex 129.587809 178.000000 24.000000
      vertex 132.635921 179.000000 24.000000
      vertex 130.373280 174.373280 36.000000
    endloop
  endfacet
  facet normal 0.476404 -0.846778 -0.236656
    outer loop
      vertex 132.635921 179.000000 24.000000
      vertex 132.659554 175.659554 36.000000
      vertex 130.373280 174.373280 36.000000
    endloop
  endfacet
  facet normal 0.301316 -0.918444 -0.256261
    outer loop
      vertex 132.635921 179.000000 24.000000
      vertex 135.684032 180.000000 24.000000
      vertex 132.659554 175.659554 36.000000
    endloop
  endfacet
  facet normal 0.481568 -0.855957 -0.188229
    outer loop
      vertex 135.684032 180.000000 24.000000
      vertex 134.945828 176.945828 36.000000
      vertex 132.659554 175.659554 36.000000
    endloop
  endfacet
  facet normal 0.304274 -0.927461 -0.217334
    outer loop
      vertex 135.684032 180.000000 24.000000
      vertex 138.732144 181.000000 24.000000
      vertex 134.945828 176.945828 36.000000
    endloop
  endfacet
  facet normal 0.212024 -0.944190 -0.252093
    outer loop
      vertex 138.732144 181.000000 24.000000
      vertex 137.524996 177.524996 36.000000
      vertex 134.945828 176.945828 36.000000
    endloop
  endfacet
  facet normal 0.302854 -0.923134 -0.236859
    outer loop
      vertex 138.732144 181.000000 24.000000
      vertex 141.780256 182.000000 24.000000
      vertex 137.524996 177.524996 36.000000
    endloop
  endfacet
  facet normal 0.484826 -0.861749 -0.149439
    outer loop
      vertex 141.780256 182.000000 24.000000
      vertex 139.811270 178.811270 36.000000
      vertex 137.524996 177.524996 36.000000
    endloop
  endfacet
  facet normal 0.000000 -0.966461 -0.256815
    outer loop
      vertex 141.780256 182.000000 24.000000
      vertex 145.242582 182.000000 24.000000
      vertex 139.811270 178.811270 36.000000
    endloop
  endfacet
  facet normal 0.066888 -0.971396 -0.227853
    outer loop
      vertex 145.242582 182.000000 24.000000
      vertex 142.552162 179.000000 36.000000
      vertex 139.811270 178.811270 36.000000
    endloop
  endfacet
  facet normal 0.307434 -0.937094 -0.165346
    outer loop
      vertex 145.242582 182.000000 24.000000
      vertex 148.290693 183.000000 24.000000
      vertex 142.552162 179.000000 36.000000
    endloop
  endfacet
  facet normal 0.000000 -0.948683 -0.316228
    outer loop
      vertex 148.290693 183.000000 24.000000
      vertex 145.371228 179.000000 36.000000
      vertex 142.552162 179.000000 36.000000
    endloop
  endfacet
  facet normal 0.000000 -0.948683 -0.316228
    outer loop
      vertex 148.290693 183.000000 24.000000
      vertex 151.753019 183.000000 24.000000
      vertex 145.371228 179.000000 36.000000
    endloop
  endfacet
  facet normal 0.000000 -0.948683 -0.316228
    outer loop
      vertex 151.753019 183.000000 24.000000
      vertex 148.190294 179.000000 36.000000
      vertex 145.371228 179.000000 36.000000
    endloop
  endfacet
  facet normal -0.247528 -0.894731 -0.371733
    outer loop
      vertex 151.753019 183.000000 24.000000
      vertex 154.859378 182.140622 24.000000
      vertex 148.190294 179.000000 36.000000
    endloop
  endfacet
  facet normal 0.000000 -0.967416 -0.253191
    outer loop
      vertex 154.859378 182.140622 24.000000
      vertex 151.009361 179.000000 36.000000
      vertex 148.190294 179.000000 36.000000
    endloop
  endfacet
  facet normal -0.039800 -0.963448 -0.264921
    outer loop
      vertex 154.859378 182.140622 24.000000
      vertex 158.263456 182.000000 24.000000
      vertex 151.009361 179.000000 36.000000
    endloop
  endfacet
  facet normal 0.000000 -0.970143 -0.242536
    outer loop
      vertex 158.263456 182.000000 24.000000
      vertex 153.828427 179.000000 36.000000
      vertex 151.009361 179.000000 36.000000
    endloop
  endfacet
  facet normal -0.293971 -0.896057 -0.332662
    outer loop
      vertex 158.263456 182.000000 24.000000
      vertex 161.311568 181.000000 24.000000
      vertex 153.828427 179.000000 36.000000
    endloop
  endfacet
  facet normal 0.000000 -0.986394 -0.164399
    outer loop
      vertex 161.311568 181.000000 24.000000
      vertex 156.647494 179.000000 36.000000
      vertex 153.828427 179.000000 36.000000
    endloop
  endfacet
  facet normal -0.300217 -0.915096 -0.269202
    outer loop
      vertex 161.311568 181.000000 24.000000
      vertex 164.359680 180.000000 24.000000
      vertex 156.647494 179.000000 36.000000
    endloop
  endfacet
  facet normal 0.000000 -0.996546 -0.083045
    outer loop
      vertex 164.359680 180.000000 24.000000
      vertex 159.466560 179.000000 36.000000
      vertex 156.647494 179.000000 36.000000
    endloop
  endfacet
  facet normal -0.391509 -0.889975 -0.233806
    outer loop
      vertex 164.359680 180.000000 24.000000
      vertex 167.288352 178.711648 24.000000
      vertex 159.466560 179.000000 36.000000
    endloop
  endfacet
  facet normal -0.563143 -0.749014 -0.349067
    outer loop
      vertex 167.288352 178.711648 24.000000
      vertex 161.616182 177.383818 36.000000
      vertex 159.466560 179.000000 36.000000
    endloop
  endfacet
  facet normal -0.499318 -0.803197 -0.324894
    outer loop
      vertex 167.288352 178.711648 24.000000
      vertex 170.041690 177.000000 24.000000
      vertex 161.616182 177.383818 36.000000
    endloop
  endfacet
  facet normal -0.217471 -0.968448 -0.121716
    outer loop
      vertex 170.041690 177.000000 24.000000
      vertex 164.195349 176.804651 36.000000
      vertex 161.616182 177.383818 36.000000
    endloop
  endfacet
  facet normal -0.524298 -0.808066 -0.268590
    outer loop
      vertex 170.041690 177.000000 24.000000
      vertex 172.770606 175.229394 24.000000
      vertex 164.195349 176.804651 36.000000
    endloop
  endfacet
  facet normal -0.615962 -0.707062 -0.347353
    outer loop
      vertex 172.770606 175.229394 24.000000
      vertex 166.266905 175.000000 36.000000
      vertex 164.195349 176.804651 36.000000
    endloop
  endfacet
  facet normal -0.374882 -0.900495 -0.220391
    outer loop
      vertex 172.770606 175.229394 24.000000
      vertex 175.723700 174.000000 24.000000
      vertex 166.266905 175.000000 36.000000
    endloop
  endfacet
  facet normal -0.374538 -0.900709 -0.220102
    outer loop
      vertex 175.723700 174.000000 24.000000
      vertex 168.671758 174.000000 36.000000
      vertex 166.266905 175.000000 36.000000
    endloop
  endfacet
  facet normal -0.462326 -0.844061 -0.271691
    outer loop
      vertex 175.723700 174.000000 24.000000
      vertex 178.545753 172.454247 24.000000
      vertex 168.671758 174.000000 36.000000
    endloop
  endfacet
  facet normal -0.591687 -0.701957 -0.396438
    outer loop
      vertex 178.545753 172.454247 24.000000
      vertex 170.761279 172.238721 36.000000
      vertex 168.671758 174.000000 36.000000
    endloop
  endfacet
  facet normal -0.503994 -0.793458 -0.341195
    outer loop
      vertex 178.545753 172.454247 24.000000
      vertex 181.286880 170.713120 24.000000
      vertex 170.761279 172.238721 36.000000
    endloop
  endfacet
  facet normal -0.467101 -0.830244 -0.304158
    outer loop
      vertex 181.286880 170.713120 24.000000
      vertex 173.047553 170.952447 36.000000
      vertex 170.761279 172.238721 36.000000
    endloop
  endfacet
  facet normal -0.639602 -0.639602 -0.426401
    outer loop
      vertex 181.286880 170.713120 24.000000
      vertex 183.735114 168.264886 24.000000
      vertex 173.047553 170.952447 36.000000
    endloop
  endfacet
  facet normal -0.639602 -0.639602 -0.426401
    outer loop
      vertex 183.735114 168.264886 24.000000
      vertex 175.040934 168.959066 36.000000
      vertex 173.047553 170.952447 36.000000
    endloop
  endfacet
  facet normal -0.730007 -0.463690 -0.502077
    outer loop
      vertex 183.735114 168.264886 24.000000
      vertex 185.476241 165.523759 24.000000
      vertex 175.040934 168.959066 36.000000
    endloop
  endfacet
  facet normal -0.653682 -0.653682 -0.381314
    outer loop
      vertex 185.476241 165.523759 24.000000
      vertex 177.034315 166.965685 36.000000
      vertex 175.040934 168.959066 36.000000
    endloop
  endfacet
  facet normal -0.653682 -0.653682 -0.381314
    outer loop
      vertex 185.476241 165.523759 24.000000
      vertex 187.924475 163.075525 24.000000
      vertex 177.034315 166.965685 36.000000
    endloop
  endfacet
  facet normal -0.658092 -0.645235 -0.388055
    outer loop
      vertex 187.924475 163.075525 24.000000
      vertex 179.000000 164.960833 36.000000
      vertex 177.034315 166.965685 36.000000
    endloop
  endfacet
  facet normal -0.728113 -0.506423 -0.461938
    outer loop
      vertex 187.924475 163.075525 24.000000
      vertex 189.627291 160.627291 24.000000
      vertex 179.000000 164.960833 36.000000
    endloop
  endfacet
  facet normal -0.747020 -0.431493 -0.505742
    outer loop
      vertex 189.627291 160.627291 24.000000
      vertex 180.313970 162.686030 36.000000
      vertex 179.000000 164.960833 36.000000
    endloop
  endfacet
  facet normal -0.763110 -0.372059 -0.528427
    outer loop
      vertex 189.627291 160.627291 24.000000
      vertex 190.820942 158.179058 24.000000
      vertex 180.313970 162.686030 36.000000
    endloop
  endfacet
  facet normal -0.666667 -0.666667 -0.333333
    outer loop
      vertex 190.820942 158.179058 24.000000
      vertex 182.307351 160.692649 36.000000
      vertex 180.313970 162.686030 36.000000
    endloop
  endfacet
  facet normal -0.803327 -0.318489 -0.503220
    outer loop
      vertex 190.820942 158.179058 24.000000
      vertex 192.000000 155.205114 24.000000
      vertex 182.307351 160.692649 36.000000
    endloop
  endfacet
  facet normal -0.738355 -0.590088 -0.326540
    outer loop
      vertex 192.000000 155.205114 24.000000
      vertex 184.000000 158.574701 36.000000
      vertex 182.307351 160.692649 36.000000
    endloop
  endfacet
  facet normal -0.749069 -0.568791 -0.339664
    outer loop
      vertex 192.000000 155.205114 24.000000
      vertex 194.000000 152.571216 24.000000
      vertex 184.000000 158.574701 36.000000
    endloop
  endfacet
  facet normal -0.801615 -0.287355 -0.524252
    outer loop
      vertex 194.000000 152.571216 24.000000
      vertex 184.879899 156.120101 36.000000
      vertex 184.000000 158.574701 36.000000
    endloop
  endfacet
  facet normal -0.758856 0.172931 -0.627879
    outer loop
      vertex 194.000000 152.571216 24.000000
      vertex 193.337216 149.662784 24.000000
      vertex 184.879899 156.120101 36.000000
    endloop
  endfacet
  facet normal -0.836925 -0.398046 -0.375653
    outer loop
      vertex 193.337216 149.662784 24.000000
      vertex 186.000000 153.764996 36.000000
      vertex 184.879899 156.120101 36.000000
    endloop
  endfacet
  facet normal -0.800915 -0.508731 -0.315797
    outer loop
      vertex 193.337216 149.662784 24.000000
      vertex 195.078343 146.921657 24.000000
      vertex 186.000000 153.764996 36.000000
    endloop
  endfacet
  facet normal -0.832559 -0.346200 -0.432425
    outer loop
      vertex 195.078343 146.921657 24.000000
      vertex 187.000000 151.360143 36.000000
      vertex 186.000000 153.764996 36.000000
    endloop
  endfacet
  facet normal -0.791676 -0.502862 -0.346957
    outer loop
      vertex 195.078343 146.921657 24.000000
      vertex 196.819470 144.180530 24.000000
      vertex 187.000000 151.360143 36.000000
    endloop
  endfacet
  facet normal -0.816525 -0.352184 -0.457442
    outer loop
      vertex 196.819470 144.180530 24.000000
      vertex 188.031615 148.968385 36.000000
      vertex 187.000000 151.360143 36.000000
    endloop
  endfacet
  facet normal -0.782589 -0.497090 -0.374774
    outer loop
      vertex 196.819470 144.180530 24.000000
      vertex 198.560597 141.439403 24.000000
      vertex 188.031615 148.968385 36.000000
    endloop
  endfacet
  facet normal -0.802586 -0.321435 -0.502528
    outer loop
      vertex 198.560597 141.439403 24.000000
      vertex 189.000000 146.550437 36.000000
      vertex 188.031615 148.968385 36.000000
    endloop
  endfacet
  facet normal -0.682607 -0.686102 -0.251620
    outer loop
      vertex 198.560597 141.439403 24.000000
      vertex 201.012489 139.000000 24.000000
      vertex 189.000000 146.550437 36.000000
    endloop
  endfacet
  facet normal -0.706739 0.000000 -0.707474
    outer loop
      vertex 201.012489 139.000000 24.000000
      vertex 189.000000 143.731371 36.000000
      vertex 189.000000 146.550437 36.000000
    endloop
  endfacet
  facet normal 0.090160 -0.892415 0.442116
    outer loop
      vertex 201.012489 139.000000 24.000000
      vertex 204.335745 139.335745 24.000000
      vertex 189.000000 143.731371 36.000000
    endloop
  endfacet
  facet normal -0.616248 0.000000 -0.787552
    outer loop
      vertex 204.335745 139.335745 24.000000
      vertex 189.000000 140.912304 36.000000
      vertex 189.000000 143.731371 36.000000
    endloop
  endfacet
  facet normal 0.295711 -0.822433 0.485963
    outer loop
      vertex 204.335745 139.335745 24.000000
      vertex 206.783978 140.216022 24.000000
      vertex 189.000000 140.912304 36.000000
    endloop
  endfacet
  facet normal -0.559339 0.000000 -0.828939
    outer loop
      vertex 206.783978 140.216022 24.000000
      vertex 189.000000 138.093238 36.000000
      vertex 189.000000 140.912304 36.000000
    endloop
  endfacet
  facet normal -0.474834 -0.413549 -0.776859
    outer loop
      vertex 206.783978 140.216022 24.000000
      vertex 209.000000 137.671602 24.000000
      vertex 189.000000 138.093238 36.000000
    endloop
  endfacet
  facet normal -0.514496 0.000000 -0.857493
    outer loop
      vertex 209.000000 137.671602 24.000000
      vertex 189.000000 135.274172 36.000000
      vertex 189.000000 138.093238 36.000000
    endloop
  endfacet
  facet normal -0.504807 -0.087364 -0.858800
    outer loop
      vertex 209.000000 137.671602 24.000000
      vertex 209.559126 134.440874 24.000000
      vertex 189.000000 135.274172 36.000000
    endloop
  endfacet
  facet normal -0.504096 0.000000 -0.863648
    outer loop
      vertex 209.559126 134.440874 24.000000
      vertex 189.000000 132.455105 36.000000
      vertex 189.000000 135.274172 36.000000
    endloop
  endfacet
  facet normal -0.485195 -0.165359 -0.858628
    outer loop
      vertex 209.559126 134.440874 24.000000
      vertex 210.593146 131.406854 24.000000
      vertex 189.000000 132.455105 36.000000
    endloop
  endfacet
  facet normal -0.485761 0.000000 -0.874092
    outer loop
      vertex 210.593146 131.406854 24.000000
      vertex 189.000000 129.636039 36.000000
      vertex 189.000000 132.455105 36.000000
    endloop
  endfacet
  facet normal -0.447773 -0.284419 -0.847706
    outer loop
      vertex 210.593146 131.406854 24.000000
      vertex 212.334273 128.665727 24.000000
      vertex 189.000000 129.636039 36.000000
    endloop
  endfacet
  facet normal -0.447090 0.151261 -0.881607
    outer loop
      vertex 212.334273 128.665727 24.000000
      vertex 188.163473 127.163473 36.000000
      vertex 189.000000 129.636039 36.000000
    endloop
  endfacet
  facet normal -0.417873 -0.251072 -0.873124
    outer loop
      vertex 212.334273 128.665727 24.000000
      vertex 214.000000 125.893369 24.000000
      vertex 188.163473 127.163473 36.000000
    endloop
  endfacet
  facet normal -0.322072 0.572463 -0.754026
    outer loop
      vertex 214.000000 125.893369 24.000000
      vertex 185.877199 125.877199 36.000000
      vertex 188.163473 127.163473 36.000000
    endloop
  endfacet
  facet normal -0.388471 0.143526 -0.910215
    outer loop
      vertex 214.000000 125.893369 24.000000
      vertex 212.890580 122.890580 24.000000
      vertex 185.877199 125.877199 36.000000
    endloop
  endfacet
  facet normal -0.295990 0.526105 -0.797248
    outer loop
      vertex 212.890580 122.890580 24.000000
      vertex 183.590925 124.590925 36.000000
      vertex 185.877199 125.877199 36.000000
    endloop
  endfacet
  facet normal -0.354490 0.250144 -0.900980
    outer loop
      vertex 212.890580 122.890580 24.000000
      vertex 211.000000 120.211359 24.000000
      vertex 183.590925 124.590925 36.000000
    endloop
  endfacet
  facet normal -0.333010 0.333010 -0.882161
    outer loop
      vertex 211.000000 120.211359 24.000000
      vertex 181.597544 122.597544 36.000000
      vertex 183.590925 124.590925 36.000000
    endloop
  endfacet
  facet normal -0.337719 0.309283 -0.888982
    outer loop
      vertex 211.000000 120.211359 24.000000
      vertex 208.701219 117.701219 24.000000
      vertex 181.597544 122.597544 36.000000
    endloop
  endfacet
  facet normal -0.331295 0.331295 -0.883452
    outer loop
      vertex 208.701219 117.701219 24.000000
      vertex 179.604163 120.604163 36.000000
      vertex 181.597544 122.597544 36.000000
    endloop
  endfacet
  facet normal -0.331295 0.331295 -0.883452
    outer loop
      vertex 208.701219 117.701219 24.000000
      vertex 206.252986 115.252986 24.000000
      vertex 179.604163 120.604163 36.000000
    endloop
  endfacet
  facet normal -0.331295 0.331295 -0.883452
    outer loop
      vertex 206.252986 115.252986 24.000000
      vertex 177.610782 118.610782 36.000000
      vertex 179.604163 120.604163 36.000000
    endloop
  endfacet
  facet normal -0.353984 0.224846 -0.907822
    outer loop
      vertex 206.252986 115.252986 24.000000
      vertex 204.511859 112.511859 24.000000
      vertex 177.610782 118.610782 36.000000
    endloop
  endfacet
  facet normal -0.360240 0.202673 -0.910577
    outer loop
      vertex 204.511859 112.511859 24.000000
      vertex 176.324508 116.324508 36.000000
      vertex 177.610782 118.610782 36.000000
    endloop
  endfacet
  facet normal -0.293658 0.462318 -0.836676
    outer loop
      vertex 204.511859 112.511859 24.000000
      vertex 201.770732 110.770732 24.000000
      vertex 176.324508 116.324508 36.000000
    endloop
  endfacet
  facet normal -0.408296 0.091685 -0.908233
    outer loop
      vertex 201.770732 110.770732 24.000000
      vertex 175.745341 113.745341 36.000000
      vertex 176.324508 116.324508 36.000000
    endloop
  endfacet
  facet normal -0.357137 0.357137 -0.863080
    outer loop
      vertex 201.770732 110.770732 24.000000
      vertex 199.322498 108.322498 24.000000
      vertex 175.745341 113.745341 36.000000
    endloop
  endfacet
  facet normal -0.400304 0.225214 -0.888277
    outer loop
      vertex 199.322498 108.322498 24.000000
      vertex 174.459066 111.459066 36.000000
      vertex 175.745341 113.745341 36.000000
    endloop
  endfacet
  facet normal -0.366508 0.366508 -0.855186
    outer loop
      vertex 199.322498 108.322498 24.000000
      vertex 196.874264 105.874264 24.000000
      vertex 174.459066 111.459066 36.000000
    endloop
  endfacet
  facet normal -0.455021 0.079457 -0.886929
    outer loop
      vertex 196.874264 105.874264 24.000000
      vertex 174.000000 108.830152 36.000000
      vertex 174.459066 111.459066 36.000000
    endloop
  endfacet
  facet normal -0.388271 0.388271 -0.835758
    outer loop
      vertex 196.874264 105.874264 24.000000
      vertex 194.426030 103.426030 24.000000
      vertex 174.000000 108.830152 36.000000
    endloop
  endfacet
  facet normal -0.432862 0.272193 -0.859384
    outer loop
      vertex 194.426030 103.426030 24.000000
      vertex 172.593625 106.593625 36.000000
      vertex 174.000000 108.830152 36.000000
    endloop
  endfacet
  facet normal -0.397142 0.397142 -0.827379
    outer loop
      vertex 194.426030 103.426030 24.000000
      vertex 191.977797 100.977797 24.000000
      vertex 172.593625 106.593625 36.000000
    endloop
  endfacet
  facet normal -0.397142 0.397142 -0.827379
    outer loop
      vertex 191.977797 100.977797 24.000000
      vertex 170.600244 104.600244 36.000000
      vertex 172.593625 106.593625 36.000000
    endloop
  endfacet
  facet normal -0.434495 0.275985 -0.857348
    outer loop
      vertex 191.977797 100.977797 24.000000
      vertex 190.236670 98.236670 24.000000
      vertex 170.600244 104.600244 36.000000
    endloop
  endfacet
  facet normal -0.346223 0.466512 -0.813939
    outer loop
      vertex 190.236670 98.236670 24.000000
      vertex 168.444020 103.000000 36.000000
      vertex 170.600244 104.600244 36.000000
    endloop
  endfacet
  facet normal -0.367096 0.416202 -0.831875
    outer loop
      vertex 190.236670 98.236670 24.000000
      vertex 187.700803 96.000000 24.000000
      vertex 168.444020 103.000000 36.000000
    endloop
  endfacet
  facet normal -0.246143 0.611703 -0.751820
    outer loop
      vertex 187.700803 96.000000 24.000000
      vertex 166.027696 102.027696 36.000000
      vertex 168.444020 103.000000 36.000000
    endloop
  endfacet
  facet normal -0.332594 0.451958 -0.827717
    outer loop
      vertex 187.700803 96.000000 24.000000
      vertex 185.047309 94.047309 24.000000
      vertex 166.027696 102.027696 36.000000
    endloop
  endfacet
  facet normal -0.155226 0.691259 -0.705738
    outer loop
      vertex 185.047309 94.047309 24.000000
      vertex 163.448528 101.448528 36.000000
      vertex 166.027696 102.027696 36.000000
    endloop
  endfacet
  facet normal -0.327462 0.418151 -0.847301
    outer loop
      vertex 185.047309 94.047309 24.000000
      vertex 182.433006 92.000000 24.000000
      vertex 163.448528 101.448528 36.000000
    endloop
  endfacet
  facet normal -0.362401 0.362401 -0.858680
    outer loop
      vertex 182.433006 92.000000 24.000000
      vertex 161.455147 99.455147 36.000000
      vertex 163.448528 101.448528 36.000000
    endloop
  endfacet
  facet normal -0.140325 0.712222 -0.687786
    outer loop
      vertex 182.433006 92.000000 24.000000
      vertex 179.565055 91.434945 24.000000
      vertex 161.455147 99.455147 36.000000
    endloop
  endfacet
  facet normal -0.385141 0.385141 -0.838649
    outer loop
      vertex 179.565055 91.434945 24.000000
      vertex 159.461766 97.461766 36.000000
      vertex 161.455147 99.455147 36.000000
    endloop
  endfacet
  facet normal -0.122067 0.789764 -0.601143
    outer loop
      vertex 179.565055 91.434945 24.000000
      vertex 176.750996 91.000000 24.000000
      vertex 159.461766 97.461766 36.000000
    endloop
  endfacet
  facet normal -0.167677 0.746707 -0.643672
    outer loop
      vertex 176.750996 91.000000 24.000000
      vertex 156.882599 96.882599 36.000000
      vertex 159.461766 97.461766 36.000000
    endloop
  endfacet
  facet normal -0.222425 0.677977 -0.700625
    outer loop
      vertex 176.750996 91.000000 24.000000
      vertex 173.702885 90.000000 24.000000
      vertex 156.882599 96.882599 36.000000
    endloop
  endfacet
  facet normal -0.411639 0.411639 -0.813085
    outer loop
      vertex 173.702885 90.000000 24.000000
      vertex 154.889218 94.889218 36.000000
      vertex 156.882599 96.882599 36.000000
    endloop
  endfacet
  facet normal -0.234497 0.714774 -0.658870
    outer loop
      vertex 173.702885 90.000000 24.000000
      vertex 170.654773 89.000000 24.000000
      vertex 154.889218 94.889218 36.000000
    endloop
  endfacet
  facet normal -0.436168 0.436168 -0.787093
    outer loop
      vertex 170.654773 89.000000 24.000000
      vertex 152.895837 92.895837 36.000000
      vertex 154.889218 94.889218 36.000000
    endloop
  endfacet
  facet normal -0.247012 0.752922 -0.609995
    outer loop
      vertex 170.654773 89.000000 24.000000
      vertex 167.606661 88.000000 24.000000
      vertex 152.895837 92.895837 36.000000
    endloop
  endfacet
  facet normal -0.462765 0.462765 -0.756106
    outer loop
      vertex 167.606661 88.000000 24.000000
      vertex 150.902456 90.902456 36.000000
      vertex 152.895837 92.895837 36.000000
    endloop
  endfacet
  facet normal -0.165891 0.880582 -0.443910
    outer loop
      vertex 167.606661 88.000000 24.000000
      vertex 164.394954 87.394954 24.000000
      vertex 150.902456 90.902456 36.000000
    endloop
  endfacet
  facet normal -0.288505 0.781722 -0.552879
    outer loop
      vertex 164.394954 87.394954 24.000000
      vertex 148.457199 90.000000 36.000000
      vertex 150.902456 90.902456 36.000000
    endloop
  endfacet
  facet normal -0.272456 0.799440 -0.535410
    outer loop
      vertex 164.394954 87.394954 24.000000
      vertex 161.360934 86.360934 24.000000
      vertex 148.457199 90.000000 36.000000
    endloop
  endfacet
  facet normal 0.000000 0.956965 -0.290205
    outer loop
      vertex 161.360934 86.360934 24.000000
      vertex 145.638133 90.000000 36.000000
      vertex 148.457199 90.000000 36.000000
    endloop
  endfacet
  facet normal -0.099014 0.908794 -0.405328
    outer loop
      vertex 161.360934 86.360934 24.000000
      vertex 158.048112 86.000000 24.000000
      vertex 145.638133 90.000000 36.000000
    endloop
  endfacet
  facet normal 0.000000 0.948683 -0.316228
    outer loop
      vertex 158.048112 86.000000 24.000000
      vertex 142.819066 90.000000 36.000000
      vertex 145.638133 90.000000 36.000000
    endloop
  endfacet
  facet normal -0.253896 0.773902 -0.580183
    outer loop
      vertex 158.048112 86.000000 24.000000
      vertex 155.000000 85.000000 24.000000
      vertex 142.819066 90.000000 36.000000
    endloop
  endfacet
  facet normal 0.000000 0.923077 -0.384615
    outer loop
      vertex 155.000000 85.000000 24.000000
      vertex 140.000000 90.000000 36.000000
      vertex 142.819066 90.000000 36.000000
    endloop
  endfacet
  facet normal 0.297247 0.528338 -0.795301
    outer loop
      vertex 140.000000 90.000000 36.000000
      vertex 137.713726 91.286274 36.000000
      vertex 149.000000 103.000000 48.000000
    endloop
  endfacet
  facet normal 0.275354 0.545575 -0.791536
    outer loop
      vertex 137.713726 91.286274 36.000000
      vertex 146.981005 104.018995 48.000000
      vertex 149.000000 103.000000 48.000000
    endloop
  endfacet
  facet normal 0.171588 0.606664 -0.776220
    outer loop
      vertex 137.713726 91.286274 36.000000
      vertex 135.190294 92.000000 36.000000
      vertex 146.981005 104.018995 48.000000
    endloop
  endfacet
  facet normal 0.261127 0.541612 -0.799042
    outer loop
      vertex 135.190294 92.000000 36.000000
      vertex 144.946274 105.000000 48.000000
      vertex 146.981005 104.018995 48.000000
    endloop
  endfacet
  facet normal 0.232698 0.559604 -0.795421
    outer loop
      vertex 135.190294 92.000000 36.000000
      vertex 132.785442 93.000000 36.000000
      vertex 144.946274 105.000000 48.000000
    endloop
  endfacet
  facet normal -0.384991 0.817841 -0.427690
    outer loop
      vertex 132.785442 93.000000 36.000000
      vertex 142.943015 104.056985 48.000000
      vertex 144.946274 105.000000 48.000000
    endloop
  endfacet
  facet normal 0.342014 0.528825 -0.776770
    outer loop
      vertex 132.785442 93.000000 36.000000
      vertex 130.562010 94.437990 36.000000
      vertex 142.943015 104.056985 48.000000
    endloop
  endfacet
  facet normal 0.272906 0.593400 -0.757231
    outer loop
      vertex 130.562010 94.437990 36.000000
      vertex 140.892548 105.000000 48.000000
      vertex 142.943015 104.056985 48.000000
    endloop
  endfacet
  facet normal 0.370624 0.515373 -0.772676
    outer loop
      vertex 130.562010 94.437990 36.000000
      vertex 128.389949 96.000000 36.000000
      vertex 140.892548 105.000000 48.000000
    endloop
  endfacet
  facet normal 0.292701 0.593265 -0.749909
    outer loop
      vertex 128.389949 96.000000 36.000000
      vertex 138.865685 106.000000 48.000000
      vertex 140.892548 105.000000 48.000000
    endloop
  endfacet
  facet normal 0.404938 0.496869 -0.767559
    outer loop
      vertex 128.389949 96.000000 36.000000
      vertex 126.282355 97.717645 36.000000
      vertex 138.865685 106.000000 48.000000
    endloop
  endfacet
  facet normal -0.437232 0.886209 -0.153172
    outer loop
      vertex 126.282355 97.717645 36.000000
      vertex 136.838823 105.000000 48.000000
      vertex 138.865685 106.000000 48.000000
    endloop
  endfacet
  facet normal 0.596796 0.335761 -0.728766
    outer loop
      vertex 126.282355 97.717645 36.000000
      vertex 124.996081 100.003919 36.000000
      vertex 136.838823 105.000000 48.000000
    endloop
  endfacet
  facet normal 0.379101 0.659779 -0.648825
    outer loop
      vertex 124.996081 100.003919 36.000000
      vertex 134.867035 106.132965 48.000000
      vertex 136.838823 105.000000 48.000000
    endloop
  endfacet
  facet normal 0.514496 0.514496 -0.685994
    outer loop
      vertex 124.996081 100.003919 36.000000
      vertex 123.002700 101.997300 36.000000
      vertex 134.867035 106.132965 48.000000
    endloop
  endfacet
  facet normal 0.004359 0.944084 -0.329677
    outer loop
      vertex 123.002700 101.997300 36.000000
      vertex 133.140934 106.140934 48.000000
      vertex 134.867035 106.132965 48.000000
    endloop
  endfacet
  facet normal 0.541017 0.541017 -0.643895
    outer loop
      vertex 123.002700 101.997300 36.000000
      vertex 121.009319 103.990681 36.000000
      vertex 133.140934 106.140934 48.000000
    endloop
  endfacet
  facet normal 0.347703 0.796736 -0.494282
    outer loop
      vertex 121.009319 103.990681 36.000000
      vertex 131.172447 107.000000 48.000000
      vertex 133.140934 106.140934 48.000000
    endloop
  endfacet
  facet normal 0.660429 0.371562 -0.652514
    outer loop
      vertex 121.009319 103.990681 36.000000
      vertex 119.723045 106.276955 36.000000
      vertex 131.172447 107.000000 48.000000
    endloop
  endfacet
  facet normal 0.553112 0.612572 -0.564644
    outer loop
      vertex 119.723045 106.276955 36.000000
      vertex 129.395837 108.604163 48.000000
      vertex 131.172447 107.000000 48.000000
    endloop
  endfacet
  facet normal 0.620102 0.507497 -0.598264
    outer loop
      vertex 119.723045 106.276955 36.000000
      vertex 118.000000 108.382313 36.000000
      vertex 129.395837 108.604163 48.000000
    endloop
  endfacet
  facet normal 0.583480 0.583480 -0.564891
    outer loop
      vertex 118.000000 108.382313 36.000000
      vertex 127.669735 110.330265 48.000000
      vertex 129.395837 108.604163 48.000000
    endloop
  endfacet
  facet normal 0.718777 0.298886 -0.627716
    outer loop
      vertex 118.000000 108.382313 36.000000
      vertex 117.000000 110.787166 36.000000
      vertex 127.669735 110.330265 48.000000
    endloop
  endfacet
  facet normal 0.605858 0.605858 -0.515627
    outer loop
      vertex 117.000000 110.787166 36.000000
      vertex 125.943633 112.056367 48.000000
      vertex 127.669735 110.330265 48.000000
    endloop
  endfacet
  facet normal 0.631263 0.565907 -0.530336
    outer loop
      vertex 117.000000 110.787166 36.000000
      vertex 115.157115 112.842885 36.000000
      vertex 125.943633 112.056367 48.000000
    endloop
  endfacet
  facet normal 0.425738 0.843539 -0.327397
    outer loop
      vertex 115.157115 112.842885 36.000000
      vertex 123.924639 113.075361 48.000000
      vertex 125.943633 112.056367 48.000000
    endloop
  endfacet
  facet normal 0.806167 0.045992 -0.589898
    outer loop
      vertex 115.157115 112.842885 36.000000
      vertex 115.000000 115.596872 36.000000
      vertex 123.924639 113.075361 48.000000
    endloop
  endfacet
  facet normal 0.661581 0.661581 -0.353016
    outer loop
      vertex 115.000000 115.596872 36.000000
      vertex 122.198537 114.801463 48.000000
      vertex 123.924639 113.075361 48.000000
    endloop
  endfacet
  facet normal 0.816372 0.339469 -0.467223
    outer loop
      vertex 115.000000 115.596872 36.000000
      vertex 114.000000 118.001724 36.000000
      vertex 122.198537 114.801463 48.000000
    endloop
  endfacet
  facet normal 0.678299 0.678299 -0.282527
    outer loop
      vertex 114.000000 118.001724 36.000000
      vertex 120.472435 116.527565 48.000000
      vertex 122.198537 114.801463 48.000000
    endloop
  endfacet
  facet normal 0.872866 0.196458 -0.446663
    outer loop
      vertex 114.000000 118.001724 36.000000
      vertex 113.419613 120.580387 36.000000
      vertex 120.472435 116.527565 48.000000
    endloop
  endfacet
  facet normal 0.696311 0.696311 -0.174078
    outer loop
      vertex 113.419613 120.580387 36.000000
      vertex 118.746333 118.253667 48.000000
      vertex 120.472435 116.527565 48.000000
    endloop
  endfacet
  facet normal 0.836645 0.470702 -0.280115
    outer loop
      vertex 113.419613 120.580387 36.000000
      vertex 112.133339 122.866661 36.000000
      vertex 118.746333 118.253667 48.000000
    endloop
  endfacet
  facet normal 0.702247 0.702247 -0.117041
    outer loop
      vertex 112.133339 122.866661 36.000000
      vertex 117.020232 119.979768 48.000000
      vertex 118.746333 118.253667 48.000000
    endloop
  endfacet
  facet normal 0.928936 0.044816 -0.367519
    outer loop
      vertex 112.133339 122.866661 36.000000
      vertex 112.000000 125.630496 36.000000
      vertex 117.020232 119.979768 48.000000
    endloop
  endfacet
  facet normal 0.923779 0.007683 -0.382848
    outer loop
      vertex 112.000000 125.630496 36.000000
      vertex 117.000000 122.412465 48.000000
      vertex 117.020232 119.979768 48.000000
    endloop
  endfacet
  facet normal 0.923077 0.000000 -0.384615
    outer loop
      vertex 112.000000 125.630496 36.000000
      vertex 112.000000 128.449563 36.000000
      vertex 117.000000 122.412465 48.000000
    endloop
  endfacet
  facet normal 0.770261 -0.380026 -0.512130
    outer loop
      vertex 112.000000 128.449563 36.000000
      vertex 118.000000 124.439328 48.000000
      vertex 117.000000 122.412465 48.000000
    endloop
  endfacet
  facet normal 0.795259 -0.330689 -0.508141
    outer loop
      vertex 112.000000 128.449563 36.000000
      vertex 113.000000 130.854416 36.000000
      vertex 118.000000 124.439328 48.000000
    endloop
  endfacet
  facet normal 0.923077 0.000000 -0.384615
    outer loop
      vertex 113.000000 130.854416 36.000000
      vertex 118.000000 126.880404 48.000000
      vertex 118.000000 124.439328 48.000000
    endloop
  endfacet
  facet normal 0.923077 0.000000 -0.384615
    outer loop
      vertex 113.000000 130.854416 36.000000
      vertex 113.000000 133.673482 36.000000
      vertex 118.000000 126.880404 48.000000
    endloop
  endfacet
  facet normal 0.923077 0.000000 -0.384615
    outer loop
      vertex 113.000000 133.673482 36.000000
      vertex 118.000000 129.321481 48.000000
      vertex 118.000000 126.880404 48.000000
    endloop
  endfacet
  facet normal 0.923077 0.000000 -0.384615
    outer loop
      vertex 113.000000 133.673482 36.000000
      vertex 113.000000 136.492548 36.000000
      vertex 118.000000 129.321481 48.000000
    endloop
  endfacet
  facet normal 0.695886 -0.450580 -0.559214
    outer loop
      vertex 113.000000 136.492548 36.000000
      vertex 119.246316 131.246316 48.000000
      vertex 118.000000 129.321481 48.000000
    endloop
  endfacet
  facet normal 0.887026 0.000000 -0.461720
    outer loop
      vertex 113.000000 136.492548 36.000000
      vertex 113.000000 139.311615 36.000000
      vertex 119.246316 131.246316 48.000000
    endloop
  endfacet
  facet normal 0.540550 -0.540550 -0.644679
    outer loop
      vertex 113.000000 139.311615 36.000000
      vertex 120.972418 132.972418 48.000000
      vertex 119.246316 131.246316 48.000000
    endloop
  endfacet
  facet normal 0.629220 -0.431887 -0.646185
    outer loop
      vertex 113.000000 139.311615 36.000000
      vertex 114.506619 141.506619 36.000000
      vertex 120.972418 132.972418 48.000000
    endloop
  endfacet
  facet normal 0.838851 -0.113166 -0.532469
    outer loop
      vertex 114.506619 141.506619 36.000000
      vertex 121.284306 135.284306 48.000000
      vertex 120.972418 132.972418 48.000000
    endloop
  endfacet
  facet normal 0.157996 -0.837309 -0.523404
    outer loop
      vertex 114.506619 141.506619 36.000000
      vertex 117.121320 142.000000 36.000000
      vertex 121.284306 135.284306 48.000000
    endloop
  endfacet
  facet normal 0.892839 -0.182368 -0.411801
    outer loop
      vertex 117.121320 142.000000 36.000000
      vertex 121.696699 137.303301 48.000000
      vertex 121.284306 135.284306 48.000000
    endloop
  endfacet
  facet normal 0.459406 -0.753613 -0.470121
    outer loop
      vertex 117.121320 142.000000 36.000000
      vertex 119.372061 143.372061 36.000000
      vertex 121.696699 137.303301 48.000000
    endloop
  endfacet
  facet normal 0.690501 0.690501 0.215443
    outer loop
      vertex 119.372061 143.372061 36.000000
      vertex 119.970597 139.029403 48.000000
      vertex 121.696699 137.303301 48.000000
    endloop
  endfacet
  facet normal 0.822270 -0.520780 -0.229478
    outer loop
      vertex 119.372061 143.372061 36.000000
      vertex 120.634558 145.365442 36.000000
      vertex 119.970597 139.029403 48.000000
    endloop
  endfacet
  facet normal 0.653682 0.653682 0.381314
    outer loop
      vertex 120.634558 145.365442 36.000000
      vertex 118.244496 140.755504 48.000000
      vertex 119.970597 139.029403 48.000000
    endloop
  endfacet
  facet normal 0.819506 0.461060 0.340344
    outer loop
      vertex 120.634558 145.365442 36.000000
      vertex 119.348284 147.651716 36.000000
      vertex 118.244496 140.755504 48.000000
    endloop
  endfacet
  facet normal 0.782677 0.505839 0.362690
    outer loop
      vertex 119.348284 147.651716 36.000000
      vertex 117.000000 142.681094 48.000000
      vertex 118.244496 140.755504 48.000000
    endloop
  endfacet
  facet normal 0.649297 0.649297 0.396012
    outer loop
      vertex 119.348284 147.651716 36.000000
      vertex 117.354903 149.645097 36.000000
      vertex 117.000000 142.681094 48.000000
    endloop
  endfacet
  facet normal 0.911962 0.342566 0.225774
    outer loop
      vertex 117.354903 149.645097 36.000000
      vertex 116.206506 144.793494 48.000000
      vertex 117.000000 142.681094 48.000000
    endloop
  endfacet
  facet normal 0.666667 0.666667 0.333333
    outer loop
      vertex 117.354903 149.645097 36.000000
      vertex 115.361522 151.638478 36.000000
      vertex 116.206506 144.793494 48.000000
    endloop
  endfacet
  facet normal 0.738602 -0.561874 -0.372510
    outer loop
      vertex 115.361522 151.638478 36.000000
      vertex 117.519596 146.519596 48.000000
      vertex 116.206506 144.793494 48.000000
    endloop
  endfacet
  facet normal 0.983782 0.133240 -0.120086
    outer loop
      vertex 115.361522 151.638478 36.000000
      vertex 115.000000 154.307797 36.000000
      vertex 117.519596 146.519596 48.000000
    endloop
  endfacet
  facet normal 0.925398 -0.198282 -0.322991
    outer loop
      vertex 115.000000 154.307797 36.000000
      vertex 118.000000 148.761683 48.000000
      vertex 117.519596 146.519596 48.000000
    endloop
  endfacet
  facet normal 0.854845 -0.355467 -0.377999
    outer loop
      vertex 115.000000 154.307797 36.000000
      vertex 116.000000 156.712649 36.000000
      vertex 118.000000 148.761683 48.000000
    endloop
  endfacet
  facet normal 0.986394 0.000000 -0.164399
    outer loop
      vertex 116.000000 156.712649 36.000000
      vertex 118.000000 151.202759 48.000000
      vertex 118.000000 148.761683 48.000000
    endloop
  endfacet
  facet normal 0.876793 -0.364593 -0.313538
    outer loop
      vertex 116.000000 156.712649 36.000000
      vertex 117.000000 159.117502 36.000000
      vertex 118.000000 151.202759 48.000000
    endloop
  endfacet
  facet normal 0.996546 0.000000 -0.083045
    outer loop
      vertex 117.000000 159.117502 36.000000
      vertex 118.000000 153.643836 48.000000
      vertex 118.000000 151.202759 48.000000
    endloop
  endfacet
  facet normal 0.949780 -0.247174 -0.191894
    outer loop
      vertex 117.000000 159.117502 36.000000
      vertex 117.662254 161.662254 36.000000
      vertex 118.000000 153.643836 48.000000
    endloop
  endfacet
  facet normal 0.949448 0.272706 0.155500
    outer loop
      vertex 117.662254 161.662254 36.000000
      vertex 117.474255 155.474255 48.000000
      vertex 118.000000 153.643836 48.000000
    endloop
  endfacet
  facet normal 0.971079 -0.218062 -0.097234
    outer loop
      vertex 117.662254 161.662254 36.000000
      vertex 118.241421 164.241421 36.000000
      vertex 117.474255 155.474255 48.000000
    endloop
  endfacet
  facet normal 0.861419 -0.434762 -0.262565
    outer loop
      vertex 118.241421 164.241421 36.000000
      vertex 118.493250 157.493250 48.000000
      vertex 117.474255 155.474255 48.000000
    endloop
  endfacet
  facet normal 0.653682 -0.653682 -0.381314
    outer loop
      vertex 118.241421 164.241421 36.000000
      vertex 120.234802 166.234802 36.000000
      vertex 118.493250 157.493250 48.000000
    endloop
  endfacet
  facet normal 0.875629 -0.441934 -0.194853
    outer loop
      vertex 120.234802 166.234802 36.000000
      vertex 119.512245 159.512245 48.000000
      vertex 118.493250 157.493250 48.000000
    endloop
  endfacet
  facet normal 0.728225 -0.615672 -0.301059
    outer loop
      vertex 120.234802 166.234802 36.000000
      vertex 122.000000 168.322700 36.000000
      vertex 119.512245 159.512245 48.000000
    endloop
  endfacet
  facet normal 0.976040 -0.212621 0.046238
    outer loop
      vertex 122.000000 168.322700 36.000000
      vertex 120.000000 161.751287 48.000000
      vertex 119.512245 159.512245 48.000000
    endloop
  endfacet
  facet normal 0.810500 -0.560038 -0.171603
    outer loop
      vertex 122.000000 168.322700 36.000000
      vertex 123.514457 170.514457 36.000000
      vertex 120.000000 161.751287 48.000000
    endloop
  endfacet
  facet normal 0.895157 -0.441647 -0.060353
    outer loop
      vertex 123.514457 170.514457 36.000000
      vertex 121.000000 163.778150 48.000000
      vertex 120.000000 161.751287 48.000000
    endloop
  endfacet
  facet normal 0.686192 -0.686192 -0.241417
    outer loop
      vertex 123.514457 170.514457 36.000000
      vertex 125.507838 172.507838 36.000000
      vertex 121.000000 163.778150 48.000000
    endloop
  endfacet
  facet normal 0.737991 -0.646580 -0.193142
    outer loop
      vertex 125.507838 172.507838 36.000000
      vertex 122.569230 165.569230 48.000000
      vertex 121.000000 163.778150 48.000000
    endloop
  endfacet
  facet normal 0.457765 -0.813649 -0.358367
    outer loop
      vertex 125.507838 172.507838 36.000000
      vertex 127.794113 173.794113 36.000000
      vertex 122.569230 165.569230 48.000000
    endloop
  endfacet
  facet normal 0.416052 -0.824349 -0.383862
    outer loop
      vertex 127.794113 173.794113 36.000000
      vertex 124.588225 166.588225 48.000000
      vertex 122.569230 165.569230 48.000000
    endloop
  endfacet
  facet normal 0.193801 -0.863043 -0.466474
    outer loop
      vertex 127.794113 173.794113 36.000000
      vertex 130.373280 174.373280 36.000000
      vertex 124.588225 166.588225 48.000000
    endloop
  endfacet
  facet normal 0.590644 -0.776620 -0.219093
    outer loop
      vertex 130.373280 174.373280 36.000000
      vertex 126.444525 168.000000 48.000000
      vertex 124.588225 166.588225 48.000000
    endloop
  endfacet
  facet normal 0.469349 -0.834239 -0.289407
    outer loop
      vertex 130.373280 174.373280 36.000000
      vertex 132.659554 175.659554 36.000000
      vertex 126.444525 168.000000 48.000000
    endloop
  endfacet
  facet normal 0.562900 -0.797409 -0.217447
    outer loop
      vertex 132.659554 175.659554 36.000000
      vertex 128.333322 169.333322 48.000000
      vertex 126.444525 168.000000 48.000000
    endloop
  endfacet
  facet normal 0.471842 -0.838670 -0.272027
    outer loop
      vertex 132.659554 175.659554 36.000000
      vertex 134.945828 176.945828 36.000000
      vertex 128.333322 169.333322 48.000000
    endloop
  endfacet
  facet normal 0.687340 -0.721998 -0.079264
    outer loop
      vertex 134.945828 176.945828 36.000000
      vertex 130.084038 171.000000 48.000000
      vertex 128.333322 169.333322 48.000000
    endloop
  endfacet
  facet normal 0.203801 -0.907573 -0.367120
    outer loop
      vertex 134.945828 176.945828 36.000000
      vertex 137.524996 177.524996 36.000000
      vertex 130.084038 171.000000 48.000000
    endloop
  endfacet
  facet normal 0.432721 -0.877066 -0.208583
    outer loop
      vertex 137.524996 177.524996 36.000000
      vertex 132.110900 172.000000 48.000000
      vertex 130.084038 171.000000 48.000000
    endloop
  endfacet
  facet normal 0.482573 -0.857744 -0.177195
    outer loop
      vertex 137.524996 177.524996 36.000000
      vertex 139.811270 178.811270 36.000000
      vertex 132.110900 172.000000 48.000000
    endloop
  endfacet
  facet normal 0.431652 -0.874899 -0.219608
    outer loop
      vertex 139.811270 178.811270 36.000000
      vertex 134.137763 173.000000 48.000000
      vertex 132.110900 172.000000 48.000000
    endloop
  endfacet
  facet normal 0.062629 -0.909546 -0.410858
    outer loop
      vertex 139.811270 178.811270 36.000000
      vertex 142.552162 179.000000 36.000000
      vertex 134.137763 173.000000 48.000000
    endloop
  endfacet
  facet normal 0.438290 -0.888355 -0.136848
    outer loop
      vertex 142.552162 179.000000 36.000000
      vertex 136.164626 174.000000 48.000000
      vertex 134.137763 173.000000 48.000000
    endloop
  endfacet
  facet normal 0.000000 -0.923077 -0.384615
    outer loop
      vertex 142.552162 179.000000 36.000000
      vertex 145.371228 179.000000 36.000000
      vertex 136.164626 174.000000 48.000000
    endloop
  endfacet
  facet normal 0.000000 -0.923077 -0.384615
    outer loop
      vertex 145.371228 179.000000 36.000000
      vertex 138.605703 174.000000 48.000000
      vertex 136.164626 174.000000 48.000000
    endloop
  endfacet
  facet normal 0.000000 -0.923077 -0.384615
    outer loop
      vertex 145.371228 179.000000 36.000000
      vertex 148.190294 179.000000 36.000000
      vertex 138.605703 174.000000 48.000000
    endloop
  endfacet
  facet normal 0.324818 -0.936682 -0.130847
    outer loop
      vertex 148.190294 179.000000 36.000000
      vertex 140.740185 174.740185 48.000000
      vertex 138.605703 174.000000 48.000000
    endloop
  endfacet
  facet normal 0.000000 -0.942384 -0.334532
    outer loop
      vertex 148.190294 179.000000 36.000000
      vertex 151.009361 179.000000 36.000000
      vertex 140.740185 174.740185 48.000000
    endloop
  endfacet
  facet normal 0.107148 -0.962321 -0.249915
    outer loop
      vertex 151.009361 179.000000 36.000000
      vertex 143.073642 175.000000 48.000000
      vertex 140.740185 174.740185 48.000000
    endloop
  endfacet
  facet normal 0.000000 -0.948683 -0.316228
    outer loop
      vertex 151.009361 179.000000 36.000000
      vertex 153.828427 179.000000 36.000000
      vertex 143.073642 175.000000 48.000000
    endloop
  endfacet
  facet normal 0.000000 -0.948683 -0.316228
    outer loop
      vertex 153.828427 179.000000 36.000000
      vertex 145.514719 175.000000 48.000000
      vertex 143.073642 175.000000 48.000000
    endloop
  endfacet
  facet normal 0.000000 -0.948683 -0.316228
    outer loop
      vertex 153.828427 179.000000 36.000000
      vertex 156.647494 179.000000 36.000000
      vertex 145.514719 175.000000 48.000000
    endloop
  endfacet
  facet normal 0.000000 -0.948683 -0.316228
    outer loop
      vertex 156.647494 179.000000 36.000000
      vertex 147.955795 175.000000 48.000000
      vertex 145.514719 175.000000 48.000000
    endloop
  endfacet
  facet normal 0.000000 -0.948683 -0.316228
    outer loop
      vertex 156.647494 179.000000 36.000000
      vertex 159.466560 179.000000 36.000000
      vertex 147.955795 175.000000 48.000000
    endloop
  endfacet
  facet normal 0.000000 -0.948683 -0.316228
    outer loop
      vertex 159.466560 179.000000 36.000000
      vertex 150.396872 175.000000 48.000000
      vertex 147.955795 175.000000 48.000000
    endloop
  endfacet
  facet normal -0.487541 -0.648460 -0.584640
    outer loop
      vertex 159.466560 179.000000 36.000000
      vertex 161.616182 177.383818 36.000000
      vertex 150.396872 175.000000 48.000000
    endloop
  endfacet
  facet normal 0.000000 -0.980834 -0.194844
    outer loop
      vertex 161.616182 177.383818 36.000000
      vertex 152.837948 175.000000 48.000000
      vertex 150.396872 175.000000 48.000000
    endloop
  endfacet
  facet normal -0.206534 -0.919743 -0.333792
    outer loop
      vertex 161.616182 177.383818 36.000000
      vertex 164.195349 176.804651 36.000000
      vertex 152.837948 175.000000 48.000000
    endloop
  endfacet
  facet normal 0.000000 -0.988880 -0.148715
    outer loop
      vertex 164.195349 176.804651 36.000000
      vertex 155.279025 175.000000 48.000000
      vertex 152.837948 175.000000 48.000000
    endloop
  endfacet
  facet normal -0.562892 -0.646142 -0.515415
    outer loop
      vertex 164.195349 176.804651 36.000000
      vertex 166.266905 175.000000 36.000000
      vertex 155.279025 175.000000 48.000000
    endloop
  endfacet
  facet normal -0.410077 -0.831170 -0.375490
    outer loop
      vertex 166.266905 175.000000 36.000000
      vertex 157.305887 174.000000 48.000000
      vertex 155.279025 175.000000 48.000000
    endloop
  endfacet
  facet normal -0.360834 -0.867753 -0.341766
    outer loop
      vertex 166.266905 175.000000 36.000000
      vertex 168.671758 174.000000 36.000000
      vertex 157.305887 174.000000 48.000000
    endloop
  endfacet
  facet normal 0.000000 -1.000000 0.000000
    outer loop
      vertex 168.671758 174.000000 36.000000
      vertex 159.746964 174.000000 48.000000
      vertex 157.305887 174.000000 48.000000
    endloop
  endfacet
  facet normal -0.581179 -0.689491 -0.432242
    outer loop
      vertex 168.671758 174.000000 36.000000
      vertex 170.761279 172.238721 36.000000
      vertex 159.746964 174.000000 48.000000
    endloop
  endfacet
  facet normal 0.000000 -0.989400 0.145217
    outer loop
      vertex 170.761279 172.238721 36.000000
      vertex 162.188040 174.000000 48.000000
      vertex 159.746964 174.000000 48.000000
    endloop
  endfacet
  facet normal -0.478639 -0.850751 -0.217089
    outer loop
      vertex 170.761279 172.238721 36.000000
      vertex 173.047553 170.952447 36.000000
      vertex 162.188040 174.000000 48.000000
    endloop
  endfacet
  facet normal -0.436003 -0.883717 -0.170133
    outer loop
      vertex 173.047553 170.952447 36.000000
      vertex 164.214903 173.000000 48.000000
      vertex 162.188040 174.000000 48.000000
    endloop
  endfacet
  facet normal -0.656574 -0.656574 -0.371243
    outer loop
      vertex 173.047553 170.952447 36.000000
      vertex 175.040934 168.959066 36.000000
      vertex 164.214903 173.000000 48.000000
    endloop
  endfacet
  facet normal -0.440379 -0.892587 -0.096722
    outer loop
      vertex 175.040934 168.959066 36.000000
      vertex 166.241766 172.000000 48.000000
      vertex 164.214903 173.000000 48.000000
    endloop
  endfacet
  facet normal -0.669611 -0.669611 -0.321315
    outer loop
      vertex 175.040934 168.959066 36.000000
      vertex 177.034315 166.965685 36.000000
      vertex 166.241766 172.000000 48.000000
    endloop
  endfacet
  facet normal -0.518087 -0.848211 -0.110110
    outer loop
      vertex 177.034315 166.965685 36.000000
      vertex 168.189949 170.810051 48.000000
      vertex 166.241766 172.000000 48.000000
    endloop
  endfacet
  facet normal -0.683558 -0.670204 -0.289094
    outer loop
      vertex 177.034315 166.965685 36.000000
      vertex 179.000000 164.960833 36.000000
      vertex 168.189949 170.810051 48.000000
    endloop
  endfacet
  facet normal -0.678703 -0.678703 -0.280578
    outer loop
      vertex 179.000000 164.960833 36.000000
      vertex 169.916051 169.083949 48.000000
      vertex 168.189949 170.810051 48.000000
    endloop
  endfacet
  facet normal -0.779539 -0.450277 -0.435396
    outer loop
      vertex 179.000000 164.960833 36.000000
      vertex 180.313970 162.686030 36.000000
      vertex 169.916051 169.083949 48.000000
    endloop
  endfacet
  facet normal -0.688247 -0.688247 -0.229416
    outer loop
      vertex 180.313970 162.686030 36.000000
      vertex 171.642153 167.357847 48.000000
      vertex 169.916051 169.083949 48.000000
    endloop
  endfacet
  facet normal -0.688247 -0.688247 -0.229416
    outer loop
      vertex 180.313970 162.686030 36.000000
      vertex 182.307351 160.692649 36.000000
      vertex 171.642153 167.357847 48.000000
    endloop
  endfacet
  facet normal -0.688247 -0.688247 -0.229416
    outer loop
      vertex 182.307351 160.692649 36.000000
      vertex 173.368255 165.631745 48.000000
      vertex 171.642153 167.357847 48.000000
    endloop
  endfacet
  facet normal -0.742935 -0.593748 -0.309049
    outer loop
      vertex 182.307351 160.692649 36.000000
      vertex 184.000000 158.574701 36.000000
      vertex 173.368255 165.631745 48.000000
    endloop
  endfacet
  facet normal -0.669253 -0.723983 -0.167179
    outer loop
      vertex 184.000000 158.574701 36.000000
      vertex 175.133440 164.000000 48.000000
      vertex 173.368255 165.631745 48.000000
    endloop
  endfacet
  facet normal -0.827262 -0.296548 -0.477176
    outer loop
      vertex 184.000000 158.574701 36.000000
      vertex 184.879899 156.120101 36.000000
      vertex 175.133440 164.000000 48.000000
    endloop
  endfacet
  facet normal -0.482867 -0.858699 0.171685
    outer loop
      vertex 184.879899 156.120101 36.000000
      vertex 177.113351 162.886649 48.000000
      vertex 175.133440 164.000000 48.000000
    endloop
  endfacet
  facet normal -0.854400 -0.406357 -0.323842
    outer loop
      vertex 184.879899 156.120101 36.000000
      vertex 186.000000 153.764996 36.000000
      vertex 177.113351 162.886649 48.000000
    endloop
  endfacet
  facet normal -0.850606 -0.429304 -0.303589
    outer loop
      vertex 186.000000 153.764996 36.000000
      vertex 178.132346 160.867654 48.000000
      vertex 177.113351 162.886649 48.000000
    endloop
  endfacet
  facet normal -0.863671 -0.359137 -0.353686
    outer loop
      vertex 186.000000 153.764996 36.000000
      vertex 187.000000 151.360143 36.000000
      vertex 178.132346 160.867654 48.000000
    endloop
  endfacet
  facet normal -0.854447 -0.431243 -0.289741
    outer loop
      vertex 187.000000 151.360143 36.000000
      vertex 179.151341 158.848659 48.000000
      vertex 178.132346 160.867654 48.000000
    endloop
  endfacet
  facet normal -0.865751 -0.373416 -0.333221
    outer loop
      vertex 187.000000 151.360143 36.000000
      vertex 188.031615 148.968385 36.000000
      vertex 179.151341 158.848659 48.000000
    endloop
  endfacet
  facet normal -0.867279 -0.352240 -0.351787
    outer loop
      vertex 188.031615 148.968385 36.000000
      vertex 180.000000 156.759108 48.000000
      vertex 179.151341 158.848659 48.000000
    endloop
  endfacet
  facet normal -0.867790 -0.347549 -0.355175
    outer loop
      vertex 188.031615 148.968385 36.000000
      vertex 189.000000 146.550437 36.000000
      vertex 180.000000 156.759108 48.000000
    endloop
  endfacet
  facet normal -0.855063 -0.183967 -0.484792
    outer loop
      vertex 189.000000 146.550437 36.000000
      vertex 180.482224 154.517776 48.000000
      vertex 180.000000 156.759108 48.000000
    endloop
  endfacet
  facet normal -0.815454 -0.000000 -0.578821
    outer loop
      vertex 189.000000 146.550437 36.000000
      vertex 189.000000 143.731371 36.000000
      vertex 180.482224 154.517776 48.000000
    endloop
  endfacet
  facet normal -0.766255 -0.641694 0.032899
    outer loop
      vertex 189.000000 143.731371 36.000000
      vertex 182.000000 152.705382 48.000000
      vertex 180.482224 154.517776 48.000000
    endloop
  endfacet
  facet normal -0.863779 -0.000000 -0.503871
    outer loop
      vertex 189.000000 143.731371 36.000000
      vertex 189.000000 140.912304 36.000000
      vertex 182.000000 152.705382 48.000000
    endloop
  endfacet
  facet normal -0.893316 -0.440738 -0.087963
    outer loop
      vertex 189.000000 140.912304 36.000000
      vertex 183.000000 150.678519 48.000000
      vertex 182.000000 152.705382 48.000000
    endloop
  endfacet
  facet normal -0.894427 -0.000000 -0.447214
    outer loop
      vertex 189.000000 140.912304 36.000000
      vertex 189.000000 138.093238 36.000000
      vertex 183.000000 150.678519 48.000000
    endloop
  endfacet
  facet normal -0.945273 -0.229830 -0.231597
    outer loop
      vertex 189.000000 138.093238 36.000000
      vertex 183.539209 148.460791 48.000000
      vertex 183.000000 150.678519 48.000000
    endloop
  endfacet
  facet normal -0.910188 -0.000000 -0.414195
    outer loop
      vertex 189.000000 138.093238 36.000000
      vertex 189.000000 135.274172 36.000000
      vertex 183.539209 148.460791 48.000000
    endloop
  endfacet
  facet normal -0.955702 -0.195705 -0.219849
    outer loop
      vertex 189.000000 135.274172 36.000000
      vertex 184.000000 146.210580 48.000000
      vertex 183.539209 148.460791 48.000000
    endloop
  endfacet
  facet normal -0.923077 -0.000000 -0.384615
    outer loop
      vertex 189.000000 135.274172 36.000000
      vertex 189.000000 132.455105 36.000000
      vertex 184.000000 146.210580 48.000000
    endloop
  endfacet
  facet normal -0.923077 0.000000 -0.384615
    outer loop
      vertex 189.000000 132.455105 36.000000
      vertex 184.000000 143.769504 48.000000
      vertex 184.000000 146.210580 48.000000
    endloop
  endfacet
  facet normal -0.923077 -0.000000 -0.384615
    outer loop
      vertex 189.000000 132.455105 36.000000
      vertex 189.000000 129.636039 36.000000
      vertex 184.000000 143.769504 48.000000
    endloop
  endfacet
  facet normal -0.923077 0.000000 -0.384615
    outer loop
      vertex 189.000000 129.636039 36.000000
      vertex 184.000000 141.328427 48.000000
      vertex 184.000000 143.769504 48.000000
    endloop
  endfacet
  facet normal -0.773487 0.261689 -0.577267
    outer loop
      vertex 189.000000 129.636039 36.000000
      vertex 188.163473 127.163473 36.000000
      vertex 184.000000 141.328427 48.000000
    endloop
  endfacet
  facet normal -0.944752 0.000000 -0.327787
    outer loop
      vertex 188.163473 127.163473 36.000000
      vertex 184.000000 138.887351 48.000000
      vertex 184.000000 141.328427 48.000000
    endloop
  endfacet
  facet normal -0.342992 0.609648 -0.714623
    outer loop
      vertex 188.163473 127.163473 36.000000
      vertex 185.877199 125.877199 36.000000
      vertex 184.000000 138.887351 48.000000
    endloop
  endfacet
  facet normal -0.987984 0.000000 -0.154554
    outer loop
      vertex 185.877199 125.877199 36.000000
      vertex 184.000000 136.446274 48.000000
      vertex 184.000000 138.887351 48.000000
    endloop
  endfacet
  facet normal -0.374652 0.665922 -0.645123
    outer loop
      vertex 185.877199 125.877199 36.000000
      vertex 183.590925 124.590925 36.000000
      vertex 184.000000 136.446274 48.000000
    endloop
  endfacet
  facet normal -0.916427 0.299875 -0.265020
    outer loop
      vertex 183.590925 124.590925 36.000000
      vertex 183.296569 134.296569 48.000000
      vertex 184.000000 136.446274 48.000000
    endloop
  endfacet
  facet normal -0.609208 0.609208 -0.507673
    outer loop
      vertex 183.590925 124.590925 36.000000
      vertex 181.597544 122.597544 36.000000
      vertex 183.296569 134.296569 48.000000
    endloop
  endfacet
  facet normal -0.991777 0.126877 0.016727
    outer loop
      vertex 181.597544 122.597544 36.000000
      vertex 183.000000 131.978335 48.000000
      vertex 183.296569 134.296569 48.000000
    endloop
  endfacet
  facet normal -0.639917 0.639917 -0.425456
    outer loop
      vertex 181.597544 122.597544 36.000000
      vertex 179.604163 120.604163 36.000000
      vertex 183.000000 131.978335 48.000000
    endloop
  endfacet
  facet normal -0.979553 0.139020 0.145430
    outer loop
      vertex 179.604163 120.604163 36.000000
      vertex 182.672792 129.672792 48.000000
      vertex 183.000000 131.978335 48.000000
    endloop
  endfacet
  facet normal -0.666667 0.666667 -0.333333
    outer loop
      vertex 179.604163 120.604163 36.000000
      vertex 177.610782 118.610782 36.000000
      vertex 182.672792 129.672792 48.000000
    endloop
  endfacet
  facet normal -0.666667 0.666667 -0.333333
    outer loop
      vertex 177.610782 118.610782 36.000000
      vertex 180.946690 127.946690 48.000000
      vertex 182.672792 129.672792 48.000000
    endloop
  endfacet
  facet normal -0.863213 0.485650 -0.137865
    outer loop
      vertex 177.610782 118.610782 36.000000
      vertex 176.324508 116.324508 36.000000
      vertex 180.946690 127.946690 48.000000
    endloop
  endfacet
  facet normal -0.653682 0.653682 -0.381314
    outer loop
      vertex 176.324508 116.324508 36.000000
      vertex 179.220589 126.220589 48.000000
      vertex 180.946690 127.946690 48.000000
    endloop
  endfacet
  facet normal -0.974241 0.218772 0.054708
    outer loop
      vertex 176.324508 116.324508 36.000000
      vertex 175.745341 113.745341 36.000000
      vertex 179.220589 126.220589 48.000000
    endloop
  endfacet
  facet normal -0.624695 0.624695 -0.468521
    outer loop
      vertex 175.745341 113.745341 36.000000
      vertex 177.494487 124.494487 48.000000
      vertex 179.220589 126.220589 48.000000
    endloop
  endfacet
  facet normal -0.831938 0.468054 -0.298000
    outer loop
      vertex 175.745341 113.745341 36.000000
      vertex 174.459066 111.459066 36.000000
      vertex 177.494487 124.494487 48.000000
    endloop
  endfacet
  facet normal -0.863247 0.435684 -0.254918
    outer loop
      vertex 174.459066 111.459066 36.000000
      vertex 176.475492 122.475492 48.000000
      vertex 177.494487 124.494487 48.000000
    endloop
  endfacet
  facet normal -0.985065 0.172014 0.007611
    outer loop
      vertex 174.459066 111.459066 36.000000
      vertex 174.000000 108.830152 36.000000
      vertex 176.475492 122.475492 48.000000
    endloop
  endfacet
  facet normal -0.681189 0.549257 -0.484043
    outer loop
      vertex 174.000000 108.830152 36.000000
      vertex 175.000000 120.645584 48.000000
      vertex 176.475492 122.475492 48.000000
    endloop
  endfacet
  facet normal -0.770940 0.484783 -0.413082
    outer loop
      vertex 174.000000 108.830152 36.000000
      vertex 172.593625 106.593625 36.000000
      vertex 175.000000 120.645584 48.000000
    endloop
  endfacet
  facet normal -0.849503 0.419122 -0.320439
    outer loop
      vertex 172.593625 106.593625 36.000000
      vertex 174.000000 118.618721 48.000000
      vertex 175.000000 120.645584 48.000000
    endloop
  endfacet
  facet normal -0.599433 0.599433 -0.530434
    outer loop
      vertex 172.593625 106.593625 36.000000
      vertex 170.600244 104.600244 36.000000
      vertex 174.000000 118.618721 48.000000
    endloop
  endfacet
  facet normal -0.962132 0.000000 0.272584
    outer loop
      vertex 170.600244 104.600244 36.000000
      vertex 174.000000 116.177645 48.000000
      vertex 174.000000 118.618721 48.000000
    endloop
  endfacet
  facet normal -0.509700 0.686788 -0.518197
    outer loop
      vertex 170.600244 104.600244 36.000000
      vertex 168.444020 103.000000 36.000000
      vertex 174.000000 116.177645 48.000000
    endloop
  endfacet
  facet normal -0.894561 0.441353 -0.070485
    outer loop
      vertex 168.444020 103.000000 36.000000
      vertex 173.000000 114.150782 48.000000
      vertex 174.000000 116.177645 48.000000
    endloop
  endfacet
  facet normal -0.302900 0.752751 -0.584480
    outer loop
      vertex 168.444020 103.000000 36.000000
      vertex 166.027696 102.027696 36.000000
      vertex 173.000000 114.150782 48.000000
    endloop
  endfacet
  facet normal -0.715257 0.654335 -0.245464
    outer loop
      vertex 166.027696 102.027696 36.000000
      vertex 171.380517 112.380517 48.000000
      vertex 173.000000 114.150782 48.000000
    endloop
  endfacet
  facet normal -0.175781 0.782796 -0.596935
    outer loop
      vertex 166.027696 102.027696 36.000000
      vertex 163.448528 101.448528 36.000000
      vertex 171.380517 112.380517 48.000000
    endloop
  endfacet
  facet normal -0.804366 0.594058 -0.009501
    outer loop
      vertex 163.448528 101.448528 36.000000
      vertex 170.000000 110.511270 48.000000
      vertex 171.380517 112.380517 48.000000
    endloop
  endfacet
  facet normal -0.699490 0.699490 -0.146384
    outer loop
      vertex 163.448528 101.448528 36.000000
      vertex 161.455147 99.455147 36.000000
      vertex 170.000000 110.511270 48.000000
    endloop
  endfacet
  facet normal -0.808207 0.587927 0.033818
    outer loop
      vertex 161.455147 99.455147 36.000000
      vertex 168.635421 108.635421 48.000000
      vertex 170.000000 110.511270 48.000000
    endloop
  endfacet
  facet normal -0.702247 0.702247 -0.117041
    outer loop
      vertex 161.455147 99.455147 36.000000
      vertex 159.461766 97.461766 36.000000
      vertex 168.635421 108.635421 48.000000
    endloop
  endfacet
  facet normal -0.671091 0.723715 -0.160849
    outer loop
      vertex 159.461766 97.461766 36.000000
      vertex 166.871758 107.000000 48.000000
      vertex 168.635421 108.635421 48.000000
    endloop
  endfacet
  facet normal -0.184521 0.821715 -0.539201
    outer loop
      vertex 159.461766 97.461766 36.000000
      vertex 156.882599 96.882599 36.000000
      vertex 166.871758 107.000000 48.000000
    endloop
  endfacet
  facet normal -0.143787 0.812329 -0.565196
    outer loop
      vertex 156.882599 96.882599 36.000000
      vertex 164.597431 106.597431 48.000000
      vertex 166.871758 107.000000 48.000000
    endloop
  endfacet
  facet normal -0.702247 0.702247 -0.117041
    outer loop
      vertex 156.882599 96.882599 36.000000
      vertex 154.889218 94.889218 36.000000
      vertex 164.597431 106.597431 48.000000
    endloop
  endfacet
  facet normal -0.212364 0.779746 -0.588980
    outer loop
      vertex 154.889218 94.889218 36.000000
      vertex 162.403818 106.000000 48.000000
      vertex 164.597431 106.597431 48.000000
    endloop
  endfacet
  facet normal -0.691746 0.691746 -0.207304
    outer loop
      vertex 154.889218 94.889218 36.000000
      vertex 152.895837 92.895837 36.000000
      vertex 162.403818 106.000000 48.000000
    endloop
  endfacet
  facet normal 0.000000 0.675353 -0.737495
    outer loop
      vertex 152.895837 92.895837 36.000000
      vertex 159.962742 106.000000 48.000000
      vertex 162.403818 106.000000 48.000000
    endloop
  endfacet
  facet normal -0.666206 0.666206 -0.335171
    outer loop
      vertex 152.895837 92.895837 36.000000
      vertex 150.902456 90.902456 36.000000
      vertex 159.962742 106.000000 48.000000
    endloop
  endfacet
  facet normal 0.000000 0.622225 -0.782839
    outer loop
      vertex 150.902456 90.902456 36.000000
      vertex 157.521665 106.000000 48.000000
      vertex 159.962742 106.000000 48.000000
    endloop
  endfacet
  facet normal -0.246136 0.666920 -0.703303
    outer loop
      vertex 150.902456 90.902456 36.000000
      vertex 148.457199 90.000000 36.000000
      vertex 157.521665 106.000000 48.000000
    endloop
  endfacet
  facet normal -0.196722 0.657165 -0.727622
    outer loop
      vertex 148.457199 90.000000 36.000000
      vertex 155.349878 105.349878 48.000000
      vertex 157.521665 106.000000 48.000000
    endloop
  endfacet
  facet normal 0.000000 0.615896 -0.787827
    outer loop
      vertex 148.457199 90.000000 36.000000
      vertex 145.638133 90.000000 36.000000
      vertex 155.349878 105.349878 48.000000
    endloop
  endfacet
  facet normal -0.355740 0.704849 -0.613707
    outer loop
      vertex 145.638133 90.000000 36.000000
      vertex 153.330883 104.330883 48.000000
      vertex 155.349878 105.349878 48.000000
    endloop
  endfacet
  facet normal 0.000000 0.642001 -0.766704
    outer loop
      vertex 145.638133 90.000000 36.000000
      vertex 142.819066 90.000000 36.000000
      vertex 153.330883 104.330883 48.000000
    endloop
  endfacet
  facet normal -0.097666 0.680070 -0.726613
    outer loop
      vertex 142.819066 90.000000 36.000000
      vertex 151.026863 104.000000 48.000000
      vertex 153.330883 104.330883 48.000000
    endloop
  endfacet
  facet normal 0.000000 0.650791 -0.759257
    outer loop
      vertex 142.819066 90.000000 36.000000
      vertex 140.000000 90.000000 36.000000
      vertex 151.026863 104.000000 48.000000
    endloop
  endfacet
  facet normal -0.372719 0.755450 -0.538865
    outer loop
      vertex 140.000000 90.000000 36.000000
      vertex 149.000000 103.000000 48.000000
      vertex 151.026863 104.000000 48.000000
    endloop
  endfacet
  facet normal 0.417369 0.826958 -0.376753
    outer loop
      vertex 149.000000 103.000000 48.000000
      vertex 146.981005 104.018995 48.000000
      vertex 142.000000 112.000000 60.000000
    endloop
  endfacet
  facet normal 0.696311 0.696311 -0.174078
    outer loop
      vertex 146.981005 104.018995 48.000000
      vertex 140.549462 113.450538 60.000000
      vertex 142.000000 112.000000 60.000000
    endloop
  endfacet
  facet normal 0.392252 0.813582 -0.429212
    outer loop
      vertex 146.981005 104.018995 48.000000
      vertex 144.946274 105.000000 48.000000
      vertex 140.549462 113.450538 60.000000
    endloop
  endfacet
  facet normal 0.350265 0.821411 -0.450110
    outer loop
      vertex 144.946274 105.000000 48.000000
      vertex 138.806030 114.193970 60.000000
      vertex 140.549462 113.450538 60.000000
    endloop
  endfacet
  facet normal -0.314828 0.668793 -0.673498
    outer loop
      vertex 144.946274 105.000000 48.000000
      vertex 142.943015 104.056985 48.000000
      vertex 138.806030 114.193970 60.000000
    endloop
  endfacet
  facet normal 0.361358 0.769988 -0.525869
    outer loop
      vertex 142.943015 104.056985 48.000000
      vertex 137.088528 115.000000 60.000000
      vertex 138.806030 114.193970 60.000000
    endloop
  endfacet
  facet normal 0.354377 0.770548 -0.529785
    outer loop
      vertex 142.943015 104.056985 48.000000
      vertex 140.892548 105.000000 48.000000
      vertex 137.088528 115.000000 60.000000
    endloop
  endfacet
  facet normal 0.457528 0.749045 -0.479167
    outer loop
      vertex 140.892548 105.000000 48.000000
      vertex 135.451371 116.000000 60.000000
      vertex 137.088528 115.000000 60.000000
    endloop
  endfacet
  facet normal 0.375800 0.761695 -0.527821
    outer loop
      vertex 140.892548 105.000000 48.000000
      vertex 138.865685 106.000000 48.000000
      vertex 135.451371 116.000000 60.000000
    endloop
  endfacet
  facet normal 0.517522 0.723992 -0.456078
    outer loop
      vertex 138.865685 106.000000 48.000000
      vertex 133.868629 117.131371 60.000000
      vertex 135.451371 116.000000 60.000000
    endloop
  endfacet
  facet normal -0.310350 0.629036 -0.712739
    outer loop
      vertex 138.865685 106.000000 48.000000
      vertex 136.838823 105.000000 48.000000
      vertex 133.868629 117.131371 60.000000
    endloop
  endfacet
  facet normal 0.622232 0.622232 -0.475031
    outer loop
      vertex 136.838823 105.000000 48.000000
      vertex 132.418091 118.581909 60.000000
      vertex 133.868629 117.131371 60.000000
    endloop
  endfacet
  facet normal 0.389443 0.677779 -0.623659
    outer loop
      vertex 136.838823 105.000000 48.000000
      vertex 134.867035 106.132965 48.000000
      vertex 132.418091 118.581909 60.000000
    endloop
  endfacet
  facet normal 0.609208 0.609208 -0.507673
    outer loop
      vertex 134.867035 106.132965 48.000000
      vertex 130.967553 120.032447 60.000000
      vertex 132.418091 118.581909 60.000000
    endloop
  endfacet
  facet normal 0.003019 0.653974 -0.756511
    outer loop
      vertex 134.867035 106.132965 48.000000
      vertex 133.140934 106.140934 48.000000
      vertex 130.967553 120.032447 60.000000
    endloop
  endfacet
  facet normal 0.581870 0.581870 -0.568203
    outer loop
      vertex 133.140934 106.140934 48.000000
      vertex 129.517014 121.482986 60.000000
      vertex 130.967553 120.032447 60.000000
    endloop
  endfacet
  facet normal 0.275712 0.631773 -0.724462
    outer loop
      vertex 133.140934 106.140934 48.000000
      vertex 131.172447 107.000000 48.000000
      vertex 129.517014 121.482986 60.000000
    endloop
  endfacet
  facet normal 0.269694 0.632463 -0.726124
    outer loop
      vertex 131.172447 107.000000 48.000000
      vertex 127.773583 122.226417 60.000000
      vertex 129.517014 121.482986 60.000000
    endloop
  endfacet
  facet normal 0.535632 0.593213 -0.600997
    outer loop
      vertex 131.172447 107.000000 48.000000
      vertex 129.395837 108.604163 48.000000
      vertex 127.773583 122.226417 60.000000
    endloop
  endfacet
  facet normal 0.577350 0.577350 -0.577350
    outer loop
      vertex 129.395837 108.604163 48.000000
      vertex 126.323045 123.676955 60.000000
      vertex 127.773583 122.226417 60.000000
    endloop
  endfacet
  facet normal 0.577350 0.577350 -0.577350
    outer loop
      vertex 129.395837 108.604163 48.000000
      vertex 127.669735 110.330265 48.000000
      vertex 126.323045 123.676955 60.000000
    endloop
  endfacet
  facet normal 0.629252 0.553783 -0.545313
    outer loop
      vertex 127.669735 110.330265 48.000000
      vertex 125.000000 125.180303 60.000000
      vertex 126.323045 123.676955 60.000000
    endloop
  endfacet
  facet normal 0.574459 0.574459 -0.583090
    outer loop
      vertex 127.669735 110.330265 48.000000
      vertex 125.943633 112.056367 48.000000
      vertex 125.000000 125.180303 60.000000
    endloop
  endfacet
  facet normal 0.816394 0.420566 -0.395759
    outer loop
      vertex 125.943633 112.056367 48.000000
      vertex 124.129075 126.870925 60.000000
      vertex 125.000000 125.180303 60.000000
    endloop
  endfacet
  facet normal 0.313232 0.620625 -0.718826
    outer loop
      vertex 125.943633 112.056367 48.000000
      vertex 123.924639 113.075361 48.000000
      vertex 124.129075 126.870925 60.000000
    endloop
  endfacet
  facet normal 0.993803 0.064205 -0.090743
    outer loop
      vertex 123.924639 113.075361 48.000000
      vertex 124.000000 128.868831 60.000000
      vertex 124.129075 126.870925 60.000000
    endloop
  endfacet
  facet normal 0.516484 0.516484 -0.683000
    outer loop
      vertex 123.924639 113.075361 48.000000
      vertex 122.198537 114.801463 48.000000
      vertex 124.000000 128.868831 60.000000
    endloop
  endfacet
  facet normal 0.686262 0.419179 -0.594418
    outer loop
      vertex 122.198537 114.801463 48.000000
      vertex 123.000000 130.505988 60.000000
      vertex 124.000000 128.868831 60.000000
    endloop
  endfacet
  facet normal 0.506890 0.506890 -0.697227
    outer loop
      vertex 122.198537 114.801463 48.000000
      vertex 120.472435 116.527565 48.000000
      vertex 123.000000 130.505988 60.000000
    endloop
  endfacet
  facet normal 0.739467 -0.510468 0.438875
    outer loop
      vertex 120.472435 116.527565 48.000000
      vertex 124.101219 132.101219 60.000000
      vertex 123.000000 130.505988 60.000000
    endloop
  endfacet
  facet normal 0.468260 0.468260 -0.749310
    outer loop
      vertex 120.472435 116.527565 48.000000
      vertex 118.746333 118.253667 48.000000
      vertex 124.101219 132.101219 60.000000
    endloop
  endfacet
  facet normal 0.871736 -0.466623 0.149462
    outer loop
      vertex 118.746333 118.253667 48.000000
      vertex 125.000000 133.780303 60.000000
      vertex 124.101219 132.101219 60.000000
    endloop
  endfacet
  facet normal 0.434605 0.434605 -0.788820
    outer loop
      vertex 118.746333 118.253667 48.000000
      vertex 117.020232 119.979768 48.000000
      vertex 125.000000 133.780303 60.000000
    endloop
  endfacet
  facet normal 0.832698 0.000000 -0.553728
    outer loop
      vertex 117.020232 119.979768 48.000000
      vertex 125.000000 135.831674 60.000000
      vertex 125.000000 133.780303 60.000000
    endloop
  endfacet
  facet normal 0.828457 0.006890 -0.560010
    outer loop
      vertex 117.020232 119.979768 48.000000
      vertex 117.000000 122.412465 48.000000
      vertex 125.000000 135.831674 60.000000
    endloop
  endfacet
  facet normal 0.902786 -0.402376 -0.151893
    outer loop
      vertex 117.000000 122.412465 48.000000
      vertex 125.668486 137.331514 60.000000
      vertex 125.000000 135.831674 60.000000
    endloop
  endfacet
  facet normal 0.892539 -0.440355 -0.097274
    outer loop
      vertex 117.000000 122.412465 48.000000
      vertex 118.000000 124.439328 48.000000
      vertex 125.668486 137.331514 60.000000
    endloop
  endfacet
  facet normal 0.450117 0.450117 -0.771226
    outer loop
      vertex 118.000000 124.439328 48.000000
      vertex 124.217948 138.782052 60.000000
      vertex 125.668486 137.331514 60.000000
    endloop
  endfacet
  facet normal 0.887884 0.000000 -0.460068
    outer loop
      vertex 118.000000 124.439328 48.000000
      vertex 118.000000 126.880404 48.000000
      vertex 124.217948 138.782052 60.000000
    endloop
  endfacet
  facet normal 0.483368 0.483368 -0.729870
    outer loop
      vertex 118.000000 126.880404 48.000000
      vertex 122.767410 140.232590 60.000000
      vertex 124.217948 138.782052 60.000000
    endloop
  endfacet
  facet normal 0.929344 0.000000 -0.369214
    outer loop
      vertex 118.000000 126.880404 48.000000
      vertex 118.000000 129.321481 48.000000
      vertex 122.767410 140.232590 60.000000
    endloop
  endfacet
  facet normal 0.519380 0.519380 -0.678593
    outer loop
      vertex 118.000000 129.321481 48.000000
      vertex 121.316872 141.683128 60.000000
      vertex 122.767410 140.232590 60.000000
    endloop
  endfacet
  facet normal 0.797626 -0.516457 0.311553
    outer loop
      vertex 118.000000 129.321481 48.000000
      vertex 119.246316 131.246316 48.000000
      vertex 121.316872 141.683128 60.000000
    endloop
  endfacet
  facet normal 0.615996 0.538671 -0.574789
    outer loop
      vertex 119.246316 131.246316 48.000000
      vertex 120.000000 143.189033 60.000000
      vertex 121.316872 141.683128 60.000000
    endloop
  endfacet
  facet normal 0.590342 -0.590342 0.550447
    outer loop
      vertex 119.246316 131.246316 48.000000
      vertex 120.972418 132.972418 48.000000
      vertex 120.000000 143.189033 60.000000
    endloop
  endfacet
  facet normal 0.996307 0.085496 0.007946
    outer loop
      vertex 120.972418 132.972418 48.000000
      vertex 119.830009 145.169991 60.000000
      vertex 120.000000 143.189033 60.000000
    endloop
  endfacet
  facet normal 0.965755 -0.130286 0.224372
    outer loop
      vertex 120.972418 132.972418 48.000000
      vertex 121.284306 135.284306 48.000000
      vertex 119.830009 145.169991 60.000000
    endloop
  endfacet
  facet normal 0.872292 0.424000 -0.243580
    outer loop
      vertex 121.284306 135.284306 48.000000
      vertex 119.000000 146.877561 60.000000
      vertex 119.830009 145.169991 60.000000
    endloop
  endfacet
  facet normal 0.915919 -0.187083 0.355095
    outer loop
      vertex 121.284306 135.284306 48.000000
      vertex 121.696699 137.303301 48.000000
      vertex 119.000000 146.877561 60.000000
    endloop
  endfacet
  facet normal 0.975667 0.000000 0.219257
    outer loop
      vertex 121.696699 137.303301 48.000000
      vertex 119.000000 148.928932 60.000000
      vertex 119.000000 146.877561 60.000000
    endloop
  endfacet
  facet normal 0.625776 0.625776 -0.465626
    outer loop
      vertex 121.696699 137.303301 48.000000
      vertex 119.970597 139.029403 48.000000
      vertex 119.000000 148.928932 60.000000
    endloop
  endfacet
  facet normal 0.763589 -0.466412 0.446533
    outer loop
      vertex 119.970597 139.029403 48.000000
      vertex 120.000000 150.566089 60.000000
      vertex 119.000000 148.928932 60.000000
    endloop
  endfacet
  facet normal 0.584307 0.584307 -0.563179
    outer loop
      vertex 119.970597 139.029403 48.000000
      vertex 118.244496 140.755504 48.000000
      vertex 120.000000 150.566089 60.000000
    endloop
  endfacet
  facet normal 0.989468 0.000000 -0.144751
    outer loop
      vertex 118.244496 140.755504 48.000000
      vertex 120.000000 152.617460 60.000000
      vertex 120.000000 150.566089 60.000000
    endloop
  endfacet
  facet normal 0.701145 0.453145 -0.550504
    outer loop
      vertex 118.244496 140.755504 48.000000
      vertex 117.000000 142.681094 48.000000
      vertex 120.000000 152.617460 60.000000
    endloop
  endfacet
  facet normal 0.970143 0.000000 -0.242536
    outer loop
      vertex 117.000000 142.681094 48.000000
      vertex 120.000000 154.668831 60.000000
      vertex 120.000000 152.617460 60.000000
    endloop
  endfacet
  facet normal 0.807913 0.303481 -0.505149
    outer loop
      vertex 117.000000 142.681094 48.000000
      vertex 116.206506 144.793494 48.000000
      vertex 120.000000 154.668831 60.000000
    endloop
  endfacet
  facet normal 0.960304 -0.265723 -0.084900
    outer loop
      vertex 116.206506 144.793494 48.000000
      vertex 120.509260 156.509260 60.000000
      vertex 120.000000 154.668831 60.000000
    endloop
  endfacet
  facet normal 0.761107 -0.578994 0.292375
    outer loop
      vertex 116.206506 144.793494 48.000000
      vertex 117.519596 146.519596 48.000000
      vertex 120.509260 156.509260 60.000000
    endloop
  endfacet
  facet normal 0.915532 -0.390400 0.096902
    outer loop
      vertex 117.519596 146.519596 48.000000
      vertex 121.252691 158.252691 60.000000
      vertex 120.509260 156.509260 60.000000
    endloop
  endfacet
  facet normal 0.973017 -0.208485 -0.098849
    outer loop
      vertex 117.519596 146.519596 48.000000
      vertex 118.000000 148.761683 48.000000
      vertex 121.252691 158.252691 60.000000
    endloop
  endfacet
  facet normal 0.663686 -0.663686 0.345024
    outer loop
      vertex 118.000000 148.761683 48.000000
      vertex 122.703229 159.703229 60.000000
      vertex 121.252691 158.252691 60.000000
    endloop
  endfacet
  facet normal 0.931043 0.000000 -0.364909
    outer loop
      vertex 118.000000 148.761683 48.000000
      vertex 118.000000 151.202759 48.000000
      vertex 122.703229 159.703229 60.000000
    endloop
  endfacet
  facet normal 0.625865 -0.730818 0.272393
    outer loop
      vertex 118.000000 151.202759 48.000000
      vertex 124.217460 161.000000 60.000000
      vertex 122.703229 159.703229 60.000000
    endloop
  endfacet
  facet normal 0.887898 0.000000 -0.460039
    outer loop
      vertex 118.000000 151.202759 48.000000
      vertex 118.000000 153.643836 48.000000
      vertex 124.217460 161.000000 60.000000
    endloop
  endfacet
  facet normal 0.451685 -0.845646 0.284365
    outer loop
      vertex 118.000000 153.643836 48.000000
      vertex 125.897199 161.897199 60.000000
      vertex 124.217460 161.000000 60.000000
    endloop
  endfacet
  facet normal 0.742345 0.213221 -0.635186
    outer loop
      vertex 118.000000 153.643836 48.000000
      vertex 117.474255 155.474255 48.000000
      vertex 125.897199 161.897199 60.000000
    endloop
  endfacet
  facet normal 0.702247 -0.702247 -0.117041
    outer loop
      vertex 117.474255 155.474255 48.000000
      vertex 127.347737 163.347737 60.000000
      vertex 125.897199 161.897199 60.000000
    endloop
  endfacet
  facet normal 0.817468 -0.412579 -0.401901
    outer loop
      vertex 117.474255 155.474255 48.000000
      vertex 118.493250 157.493250 48.000000
      vertex 127.347737 163.347737 60.000000
    endloop
  endfacet
  facet normal 0.387359 -0.908400 0.157363
    outer loop
      vertex 118.493250 157.493250 48.000000
      vertex 129.091169 164.091169 60.000000
      vertex 127.347737 163.347737 60.000000
    endloop
  endfacet
  facet normal 0.785298 -0.396343 -0.475624
    outer loop
      vertex 118.493250 157.493250 48.000000
      vertex 119.512245 159.512245 48.000000
      vertex 129.091169 164.091169 60.000000
    endloop
  endfacet
  facet normal 0.678280 -0.678280 -0.282617
    outer loop
      vertex 119.512245 159.512245 48.000000
      vertex 130.541707 165.541707 60.000000
      vertex 129.091169 164.091169 60.000000
    endloop
  endfacet
  facet normal 0.766286 -0.166928 -0.620436
    outer loop
      vertex 119.512245 159.512245 48.000000
      vertex 120.000000 161.751287 48.000000
      vertex 130.541707 165.541707 60.000000
    endloop
  endfacet
  facet normal 0.391674 -0.918521 -0.053945
    outer loop
      vertex 120.000000 161.751287 48.000000
      vertex 132.285139 166.285139 60.000000
      vertex 130.541707 165.541707 60.000000
    endloop
  endfacet
  facet normal 0.717112 -0.353804 -0.600477
    outer loop
      vertex 120.000000 161.751287 48.000000
      vertex 121.000000 163.778150 48.000000
      vertex 132.285139 166.285139 60.000000
    endloop
  endfacet
  facet normal 0.386261 -0.905827 -0.174010
    outer loop
      vertex 121.000000 163.778150 48.000000
      vertex 134.028570 167.028570 60.000000
      vertex 132.285139 166.285139 60.000000
    endloop
  endfacet
  facet normal 0.634056 -0.555520 -0.537931
    outer loop
      vertex 121.000000 163.778150 48.000000
      vertex 122.569230 165.569230 48.000000
      vertex 134.028570 167.028570 60.000000
    endloop
  endfacet
  facet normal 0.474486 -0.805435 -0.355158
    outer loop
      vertex 122.569230 165.569230 48.000000
      vertex 135.677561 168.000000 60.000000
      vertex 134.028570 167.028570 60.000000
    endloop
  endfacet
  facet normal 0.430201 -0.852383 -0.297273
    outer loop
      vertex 122.569230 165.569230 48.000000
      vertex 124.588225 166.588225 48.000000
      vertex 135.677561 168.000000 60.000000
    endloop
  endfacet
  facet normal 0.487059 -0.797392 -0.356285
    outer loop
      vertex 124.588225 166.588225 48.000000
      vertex 137.314719 169.000000 60.000000
      vertex 135.677561 168.000000 60.000000
    endloop
  endfacet
  facet normal 0.545306 -0.717007 -0.434215
    outer loop
      vertex 124.588225 166.588225 48.000000
      vertex 126.444525 168.000000 48.000000
      vertex 137.314719 169.000000 60.000000
    endloop
  endfacet
  facet normal 0.000000 -0.996546 0.083045
    outer loop
      vertex 126.444525 168.000000 48.000000
      vertex 139.366089 169.000000 60.000000
      vertex 137.314719 169.000000 60.000000
    endloop
  endfacet
  facet normal 0.504692 -0.714951 -0.483871
    outer loop
      vertex 126.444525 168.000000 48.000000
      vertex 128.333322 169.333322 48.000000
      vertex 139.366089 169.000000 60.000000
    endloop
  endfacet
  facet normal 0.149204 -0.975067 -0.164262
    outer loop
      vertex 128.333322 169.333322 48.000000
      vertex 141.295189 169.295189 60.000000
      vertex 139.366089 169.000000 60.000000
    endloop
  endfacet
  facet normal 0.552381 -0.580233 -0.598502
    outer loop
      vertex 128.333322 169.333322 48.000000
      vertex 130.084038 171.000000 48.000000
      vertex 141.295189 169.295189 60.000000
    endloop
  endfacet
  facet normal 0.562679 -0.562679 -0.605628
    outer loop
      vertex 130.084038 171.000000 48.000000
      vertex 142.745727 170.745727 60.000000
      vertex 141.295189 169.295189 60.000000
    endloop
  endfacet
  facet normal 0.397968 -0.806628 -0.437005
    outer loop
      vertex 130.084038 171.000000 48.000000
      vertex 132.110900 172.000000 48.000000
      vertex 142.745727 170.745727 60.000000
    endloop
  endfacet
  facet normal -0.133505 -0.990938 0.014742
    outer loop
      vertex 132.110900 172.000000 48.000000
      vertex 144.489159 170.510841 60.000000
      vertex 142.745727 170.745727 60.000000
    endloop
  endfacet
  facet normal 0.384775 -0.779887 -0.493685
    outer loop
      vertex 132.110900 172.000000 48.000000
      vertex 134.137763 173.000000 48.000000
      vertex 144.489159 170.510841 60.000000
    endloop
  endfacet
  facet normal -0.157232 -0.985168 -0.068722
    outer loop
      vertex 134.137763 173.000000 48.000000
      vertex 146.232590 170.232590 60.000000
      vertex 144.489159 170.510841 60.000000
    endloop
  endfacet
  facet normal 0.370503 -0.750959 -0.546615
    outer loop
      vertex 134.137763 173.000000 48.000000
      vertex 136.164626 174.000000 48.000000
      vertex 146.232590 170.232590 60.000000
    endloop
  endfacet
  facet normal 0.343008 -0.774819 -0.531038
    outer loop
      vertex 136.164626 174.000000 48.000000
      vertex 147.966089 171.000000 60.000000
      vertex 146.232590 170.232590 60.000000
    endloop
  endfacet
  facet normal 0.000000 -0.970143 -0.242536
    outer loop
      vertex 136.164626 174.000000 48.000000
      vertex 138.605703 174.000000 48.000000
      vertex 147.966089 171.000000 60.000000
    endloop
  endfacet
  facet normal -0.378817 -0.923208 0.064688
    outer loop
      vertex 138.605703 174.000000 48.000000
      vertex 149.719453 170.280547 60.000000
      vertex 147.966089 171.000000 60.000000
    endloop
  endfacet
  facet normal 0.281405 -0.811491 -0.512147
    outer loop
      vertex 138.605703 174.000000 48.000000
      vertex 140.740185 174.740185 48.000000
      vertex 149.719453 170.280547 60.000000
    endloop
  endfacet
  facet normal -0.138842 -0.957708 -0.252028
    outer loop
      vertex 140.740185 174.740185 48.000000
      vertex 151.654618 170.000000 60.000000
      vertex 149.719453 170.280547 60.000000
    endloop
  endfacet
  facet normal 0.099244 -0.891332 -0.442356
    outer loop
      vertex 140.740185 174.740185 48.000000
      vertex 143.073642 175.000000 48.000000
      vertex 151.654618 170.000000 60.000000
    endloop
  endfacet
  facet normal 0.000000 -0.923077 -0.384615
    outer loop
      vertex 143.073642 175.000000 48.000000
      vertex 153.705988 170.000000 60.000000
      vertex 151.654618 170.000000 60.000000
    endloop
  endfacet
  facet normal 0.000000 -0.923077 -0.384615
    outer loop
      vertex 143.073642 175.000000 48.000000
      vertex 145.514719 175.000000 48.000000
      vertex 153.705988 170.000000 60.000000
    endloop
  endfacet
  facet normal -0.521266 -0.853394 0.000238
    outer loop
      vertex 145.514719 175.000000 48.000000
      vertex 155.343146 169.000000 60.000000
      vertex 153.705988 170.000000 60.000000
    endloop
  endfacet
  facet normal 0.000000 -0.894427 -0.447214
    outer loop
      vertex 145.514719 175.000000 48.000000
      vertex 147.955795 175.000000 48.000000
      vertex 155.343146 169.000000 60.000000
    endloop
  endfacet
  facet normal 0.000000 -0.894427 -0.447214
    outer loop
      vertex 147.955795 175.000000 48.000000
      vertex 157.394517 169.000000 60.000000
      vertex 155.343146 169.000000 60.000000
    endloop
  endfacet
  facet normal 0.000000 -0.894427 -0.447214
    outer loop
      vertex 147.955795 175.000000 48.000000
      vertex 150.396872 175.000000 48.000000
      vertex 157.394517 169.000000 60.000000
    endloop
  endfacet
  facet normal -0.150449 -0.916550 -0.370542
    outer loop
      vertex 150.396872 175.000000 48.000000
      vertex 159.315290 168.684710 60.000000
      vertex 157.394517 169.000000 60.000000
    endloop
  endfacet
  facet normal 0.000000 -0.884933 -0.465718
    outer loop
      vertex 150.396872 175.000000 48.000000
      vertex 152.837948 175.000000 48.000000
      vertex 159.315290 168.684710 60.000000
    endloop
  endfacet
  facet normal -0.346352 -0.894197 -0.283639
    outer loop
      vertex 152.837948 175.000000 48.000000
      vertex 161.083045 168.000000 60.000000
      vertex 159.315290 168.684710 60.000000
    endloop
  endfacet
  facet normal 0.000000 -0.863779 -0.503871
    outer loop
      vertex 152.837948 175.000000 48.000000
      vertex 155.279025 175.000000 48.000000
      vertex 161.083045 168.000000 60.000000
    endloop
  endfacet
  facet normal -0.402244 -0.862057 -0.308314
    outer loop
      vertex 155.279025 175.000000 48.000000
      vertex 162.802153 167.197847 60.000000
      vertex 161.083045 168.000000 60.000000
    endloop
  endfacet
  facet normal -0.423125 -0.857616 -0.292336
    outer loop
      vertex 155.279025 175.000000 48.000000
      vertex 157.305887 174.000000 48.000000
      vertex 162.802153 167.197847 60.000000
    endloop
  endfacet
  facet normal -0.088747 -0.883414 -0.460112
    outer loop
      vertex 157.305887 174.000000 48.000000
      vertex 164.771573 167.000000 60.000000
      vertex 162.802153 167.197847 60.000000
    endloop
  endfacet
  facet normal 0.000000 -0.863779 -0.503871
    outer loop
      vertex 157.305887 174.000000 48.000000
      vertex 159.746964 174.000000 48.000000
      vertex 164.771573 167.000000 60.000000
    endloop
  endfacet
  facet normal -0.637882 -0.750922 -0.170945
    outer loop
      vertex 159.746964 174.000000 48.000000
      vertex 166.289016 165.710984 60.000000
      vertex 164.771573 167.000000 60.000000
    endloop
  endfacet
  facet normal 0.000000 -0.822791 -0.568344
    outer loop
      vertex 159.746964 174.000000 48.000000
      vertex 162.188040 174.000000 48.000000
      vertex 166.289016 165.710984 60.000000
    endloop
  endfacet
  facet normal -0.686511 -0.686511 -0.239595
    outer loop
      vertex 162.188040 174.000000 48.000000
      vertex 167.739554 164.260446 60.000000
      vertex 166.289016 165.710984 60.000000
    endloop
  endfacet
  facet normal -0.392042 -0.794614 -0.463564
    outer loop
      vertex 162.188040 174.000000 48.000000
      vertex 164.214903 173.000000 48.000000
      vertex 167.739554 164.260446 60.000000
    endloop
  endfacet
  facet normal -0.343006 -0.804388 -0.485085
    outer loop
      vertex 164.214903 173.000000 48.000000
      vertex 169.482986 163.517014 60.000000
      vertex 167.739554 164.260446 60.000000
    endloop
  endfacet
  facet normal -0.393442 -0.797453 -0.457463
    outer loop
      vertex 164.214903 173.000000 48.000000
      vertex 166.241766 172.000000 48.000000
      vertex 169.482986 163.517014 60.000000
    endloop
  endfacet
  facet normal -0.675613 -0.675613 -0.295117
    outer loop
      vertex 166.241766 172.000000 48.000000
      vertex 170.933524 162.066476 60.000000
      vertex 169.482986 163.517014 60.000000
    endloop
  endfacet
  facet normal -0.465733 -0.762498 -0.449099
    outer loop
      vertex 166.241766 172.000000 48.000000
      vertex 168.189949 170.810051 48.000000
      vertex 170.933524 162.066476 60.000000
    endloop
  endfacet
  facet normal -0.666667 -0.666667 -0.333333
    outer loop
      vertex 168.189949 170.810051 48.000000
      vertex 172.384062 160.615938 60.000000
      vertex 170.933524 162.066476 60.000000
    endloop
  endfacet
  facet normal -0.666667 -0.666667 -0.333333
    outer loop
      vertex 168.189949 170.810051 48.000000
      vertex 169.916051 169.083949 48.000000
      vertex 172.384062 160.615938 60.000000
    endloop
  endfacet
  facet normal -0.666667 -0.666667 -0.333333
    outer loop
      vertex 169.916051 169.083949 48.000000
      vertex 173.834600 159.165400 60.000000
      vertex 172.384062 160.615938 60.000000
    endloop
  endfacet
  facet normal -0.666667 -0.666667 -0.333333
    outer loop
      vertex 169.916051 169.083949 48.000000
      vertex 171.642153 167.357847 48.000000
      vertex 173.834600 159.165400 60.000000
    endloop
  endfacet
  facet normal -0.666667 -0.666667 -0.333333
    outer loop
      vertex 171.642153 167.357847 48.000000
      vertex 175.285139 157.714861 60.000000
      vertex 173.834600 159.165400 60.000000
    endloop
  endfacet
  facet normal -0.666667 -0.666667 -0.333333
    outer loop
      vertex 171.642153 167.357847 48.000000
      vertex 173.368255 165.631745 48.000000
      vertex 175.285139 157.714861 60.000000
    endloop
  endfacet
  facet normal -0.666667 -0.666667 -0.333333
    outer loop
      vertex 173.368255 165.631745 48.000000
      vertex 176.735677 156.264323 60.000000
      vertex 175.285139 157.714861 60.000000
    endloop
  endfacet
  facet normal -0.633959 -0.685803 -0.357450
    outer loop
      vertex 173.368255 165.631745 48.000000
      vertex 175.133440 164.000000 48.000000
      vertex 176.735677 156.264323 60.000000
    endloop
  endfacet
  facet normal -0.912180 -0.388971 -0.128952
    outer loop
      vertex 175.133440 164.000000 48.000000
      vertex 177.479108 154.520892 60.000000
      vertex 176.735677 156.264323 60.000000
    endloop
  endfacet
  facet normal -0.421643 -0.749823 -0.509885
    outer loop
      vertex 175.133440 164.000000 48.000000
      vertex 177.113351 162.886649 48.000000
      vertex 177.479108 154.520892 60.000000
    endloop
  endfacet
  facet normal -0.949786 -0.269521 -0.158947
    outer loop
      vertex 177.113351 162.886649 48.000000
      vertex 178.000000 152.685281 60.000000
      vertex 177.479108 154.520892 60.000000
    endloop
  endfacet
  facet normal -0.850988 -0.429497 -0.302244
    outer loop
      vertex 177.113351 162.886649 48.000000
      vertex 178.132346 160.867654 48.000000
      vertex 178.000000 152.685281 60.000000
    endloop
  endfacet
  facet normal -0.813722 -0.476022 -0.333557
    outer loop
      vertex 178.132346 160.867654 48.000000
      vertex 178.965971 151.034029 60.000000
      vertex 178.000000 152.685281 60.000000
    endloop
  endfacet
  facet normal -0.853379 -0.430704 -0.293665
    outer loop
      vertex 178.132346 160.867654 48.000000
      vertex 179.151341 158.848659 48.000000
      vertex 178.965971 151.034029 60.000000
    endloop
  endfacet
  facet normal -0.999514 -0.016695 -0.026312
    outer loop
      vertex 179.151341 158.848659 48.000000
      vertex 179.000000 148.996753 60.000000
      vertex 178.965971 151.034029 60.000000
    endloop
  endfacet
  facet normal -0.882263 -0.358326 -0.305310
    outer loop
      vertex 179.151341 158.848659 48.000000
      vertex 180.000000 156.759108 48.000000
      vertex 179.000000 148.996753 60.000000
    endloop
  endfacet
  facet normal -0.872745 -0.373508 -0.314337
    outer loop
      vertex 180.000000 156.759108 48.000000
      vertex 179.745727 147.254273 60.000000
      vertex 179.000000 148.996753 60.000000
    endloop
  endfacet
  facet normal -0.960916 -0.206742 -0.184115
    outer loop
      vertex 180.000000 156.759108 48.000000
      vertex 180.482224 154.517776 48.000000
      vertex 179.745727 147.254273 60.000000
    endloop
  endfacet
  facet normal -0.982092 -0.128321 -0.137947
    outer loop
      vertex 180.482224 154.517776 48.000000
      vertex 180.000000 145.308225 60.000000
      vertex 179.745727 147.254273 60.000000
    endloop
  endfacet
  facet normal -0.679212 -0.568801 -0.463828
    outer loop
      vertex 180.482224 154.517776 48.000000
      vertex 182.000000 152.705382 48.000000
      vertex 180.000000 145.308225 60.000000
    endloop
  endfacet
  facet normal -0.986394 0.000000 -0.164399
    outer loop
      vertex 182.000000 152.705382 48.000000
      vertex 180.000000 143.256854 60.000000
      vertex 180.000000 145.308225 60.000000
    endloop
  endfacet
  facet normal -0.802806 -0.396083 -0.445668
    outer loop
      vertex 182.000000 152.705382 48.000000
      vertex 183.000000 150.678519 48.000000
      vertex 180.000000 143.256854 60.000000
    endloop
  endfacet
  facet normal -0.880466 -0.271987 -0.388333
    outer loop
      vertex 183.000000 150.678519 48.000000
      vertex 180.561808 141.438192 60.000000
      vertex 180.000000 143.256854 60.000000
    endloop
  endfacet
  facet normal -0.908517 -0.220893 -0.354688
    outer loop
      vertex 183.000000 150.678519 48.000000
      vertex 183.539209 148.460791 48.000000
      vertex 180.561808 141.438192 60.000000
    endloop
  endfacet
  facet normal -0.934870 0.354128 -0.024716
    outer loop
      vertex 183.539209 148.460791 48.000000
      vertex 180.012346 139.987654 60.000000
      vertex 180.561808 141.438192 60.000000
    endloop
  endfacet
  facet normal -0.900129 -0.184326 -0.394704
    outer loop
      vertex 183.539209 148.460791 48.000000
      vertex 184.000000 146.210580 48.000000
      vertex 180.012346 139.987654 60.000000
    endloop
  endfacet
  facet normal -0.750241 -0.451191 -0.483286
    outer loop
      vertex 184.000000 146.210580 48.000000
      vertex 181.000000 138.345382 60.000000
      vertex 180.012346 139.987654 60.000000
    endloop
  endfacet
  facet normal -0.970143 -0.000000 -0.242536
    outer loop
      vertex 184.000000 146.210580 48.000000
      vertex 184.000000 143.769504 48.000000
      vertex 181.000000 138.345382 60.000000
    endloop
  endfacet
  facet normal -0.853183 0.521137 0.022263
    outer loop
      vertex 184.000000 143.769504 48.000000
      vertex 180.000000 136.708225 60.000000
      vertex 181.000000 138.345382 60.000000
    endloop
  endfacet
  facet normal -0.948683 -0.000000 -0.316228
    outer loop
      vertex 184.000000 143.769504 48.000000
      vertex 184.000000 141.328427 48.000000
      vertex 180.000000 136.708225 60.000000
    endloop
  endfacet
  facet normal -0.954788 0.118753 -0.272541
    outer loop
      vertex 184.000000 141.328427 48.000000
      vertex 179.757359 134.757359 60.000000
      vertex 180.000000 136.708225 60.000000
    endloop
  endfacet
  facet normal -0.942809 -0.000000 -0.333333
    outer loop
      vertex 184.000000 141.328427 48.000000
      vertex 184.000000 138.887351 48.000000
      vertex 179.757359 134.757359 60.000000
    endloop
  endfacet
  facet normal -0.901158 0.392769 -0.183430
    outer loop
      vertex 184.000000 138.887351 48.000000
      vertex 179.000000 133.019697 60.000000
      vertex 179.757359 134.757359 60.000000
    endloop
  endfacet
  facet normal -0.923077 -0.000000 -0.384615
    outer loop
      vertex 184.000000 138.887351 48.000000
      vertex 184.000000 136.446274 48.000000
      vertex 179.000000 133.019697 60.000000
    endloop
  endfacet
  facet normal -0.923077 0.000000 -0.384615
    outer loop
      vertex 184.000000 136.446274 48.000000
      vertex 179.000000 130.968326 60.000000
      vertex 179.000000 133.019697 60.000000
    endloop
  endfacet
  facet normal -0.921153 0.301422 -0.246216
    outer loop
      vertex 184.000000 136.446274 48.000000
      vertex 183.296569 134.296569 48.000000
      vertex 179.000000 130.968326 60.000000
    endloop
  endfacet
  facet normal -0.894243 0.394911 -0.210651
    outer loop
      vertex 183.296569 134.296569 48.000000
      vertex 178.234172 129.234172 60.000000
      vertex 179.000000 130.968326 60.000000
    endloop
  endfacet
  facet normal -0.931811 0.119205 -0.342811
    outer loop
      vertex 183.296569 134.296569 48.000000
      vertex 183.000000 131.978335 48.000000
      vertex 178.234172 129.234172 60.000000
    endloop
  endfacet
  facet normal -0.886792 0.378145 -0.265717
    outer loop
      vertex 183.000000 131.978335 48.000000
      vertex 177.490740 127.490740 60.000000
      vertex 178.234172 129.234172 60.000000
    endloop
  endfacet
  facet normal -0.918629 0.130374 -0.372992
    outer loop
      vertex 183.000000 131.978335 48.000000
      vertex 182.672792 129.672792 48.000000
      vertex 177.490740 127.490740 60.000000
    endloop
  endfacet
  facet normal -0.874586 0.372940 -0.309865
    outer loop
      vertex 182.672792 129.672792 48.000000
      vertex 176.747309 125.747309 60.000000
      vertex 177.490740 127.490740 60.000000
    endloop
  endfacet
  facet normal -0.702247 0.702247 -0.117041
    outer loop
      vertex 182.672792 129.672792 48.000000
      vertex 180.946690 127.946690 48.000000
      vertex 176.747309 125.747309 60.000000
    endloop
  endfacet
  facet normal -0.891691 0.382569 -0.241928
    outer loop
      vertex 180.946690 127.946690 48.000000
      vertex 176.000000 124.005483 60.000000
      vertex 176.747309 125.747309 60.000000
    endloop
  endfacet
  facet normal -0.705869 0.705869 -0.059145
    outer loop
      vertex 180.946690 127.946690 48.000000
      vertex 179.220589 126.220589 48.000000
      vertex 176.000000 124.005483 60.000000
    endloop
  endfacet
  facet normal -0.707177 0.704507 -0.059748
    outer loop
      vertex 179.220589 126.220589 48.000000
      vertex 174.553339 122.553339 60.000000
      vertex 176.000000 124.005483 60.000000
    endloop
  endfacet
  facet normal -0.705882 0.705882 -0.058824
    outer loop
      vertex 179.220589 126.220589 48.000000
      vertex 177.494487 124.494487 48.000000
      vertex 174.553339 122.553339 60.000000
    endloop
  endfacet
  facet normal -0.391703 0.918588 0.052588
    outer loop
      vertex 177.494487 124.494487 48.000000
      vertex 172.809908 121.809908 60.000000
      vertex 174.553339 122.553339 60.000000
    endloop
  endfacet
  facet normal -0.866551 0.437352 -0.240443
    outer loop
      vertex 177.494487 124.494487 48.000000
      vertex 176.475492 122.475492 48.000000
      vertex 172.809908 121.809908 60.000000
    endloop
  endfacet
  facet normal -0.696311 0.696311 -0.174078
    outer loop
      vertex 176.475492 122.475492 48.000000
      vertex 171.359369 120.359369 60.000000
      vertex 172.809908 121.809908 60.000000
    endloop
  endfacet
  facet normal -0.760089 0.612875 -0.215982
    outer loop
      vertex 176.475492 122.475492 48.000000
      vertex 175.000000 120.645584 48.000000
      vertex 171.359369 120.359369 60.000000
    endloop
  endfacet
  facet normal -0.693686 0.693686 -0.193909
    outer loop
      vertex 175.000000 120.645584 48.000000
      vertex 169.908831 118.908831 60.000000
      vertex 171.359369 120.359369 60.000000
    endloop
  endfacet
  facet normal -0.855005 0.421837 -0.301696
    outer loop
      vertex 175.000000 120.645584 48.000000
      vertex 174.000000 118.618721 48.000000
      vertex 169.908831 118.908831 60.000000
    endloop
  endfacet
  facet normal -0.684658 0.684658 -0.249973
    outer loop
      vertex 174.000000 118.618721 48.000000
      vertex 168.458293 117.458293 60.000000
      vertex 169.908831 118.908831 60.000000
    endloop
  endfacet
  facet normal -0.907866 -0.000000 -0.419261
    outer loop
      vertex 174.000000 118.618721 48.000000
      vertex 174.000000 116.177645 48.000000
      vertex 168.458293 117.458293 60.000000
    endloop
  endfacet
  facet normal -0.656076 0.656076 -0.372999
    outer loop
      vertex 174.000000 116.177645 48.000000
      vertex 167.007755 116.007755 60.000000
      vertex 168.458293 117.458293 60.000000
    endloop
  endfacet
  facet normal -0.796857 0.393148 -0.458752
    outer loop
      vertex 174.000000 116.177645 48.000000
      vertex 173.000000 114.150782 48.000000
      vertex 167.007755 116.007755 60.000000
    endloop
  endfacet
  facet normal -0.488431 0.791928 -0.366449
    outer loop
      vertex 173.000000 114.150782 48.000000
      vertex 165.373810 115.000000 60.000000
      vertex 167.007755 116.007755 60.000000
    endloop
  endfacet
  facet normal -0.655507 0.599674 -0.459023
    outer loop
      vertex 173.000000 114.150782 48.000000
      vertex 171.380517 112.380517 48.000000
      vertex 165.373810 115.000000 60.000000
    endloop
  endfacet
  facet normal -0.475849 0.779039 -0.408247
    outer loop
      vertex 171.380517 112.380517 48.000000
      vertex 163.736652 114.000000 60.000000
      vertex 165.373810 115.000000 60.000000
    endloop
  endfacet
  facet normal -0.692027 0.511091 -0.509789
    outer loop
      vertex 171.380517 112.380517 48.000000
      vertex 170.000000 110.511270 48.000000
      vertex 163.736652 114.000000 60.000000
    endloop
  endfacet
  facet normal -0.106599 0.938476 -0.328480
    outer loop
      vertex 170.000000 110.511270 48.000000
      vertex 161.777460 113.777460 60.000000
      vertex 163.736652 114.000000 60.000000
    endloop
  endfacet
  facet normal -0.658060 0.478703 -0.581205
    outer loop
      vertex 170.000000 110.511270 48.000000
      vertex 168.635421 108.635421 48.000000
      vertex 161.777460 113.777460 60.000000
    endloop
  endfacet
  facet normal -0.347688 0.773376 -0.530097
    outer loop
      vertex 168.635421 108.635421 48.000000
      vertex 160.048124 113.000000 60.000000
      vertex 161.777460 113.777460 60.000000
    endloop
  endfacet
  facet normal -0.543102 0.585689 -0.601672
    outer loop
      vertex 168.635421 108.635421 48.000000
      vertex 166.871758 107.000000 48.000000
      vertex 160.048124 113.000000 60.000000
    endloop
  endfacet
  facet normal -0.422402 0.691538 -0.585962
    outer loop
      vertex 166.871758 107.000000 48.000000
      vertex 158.410967 112.000000 60.000000
      vertex 160.048124 113.000000 60.000000
    endloop
  endfacet
  facet normal -0.153801 0.868902 -0.470482
    outer loop
      vertex 166.871758 107.000000 48.000000
      vertex 164.597431 106.597431 48.000000
      vertex 158.410967 112.000000 60.000000
    endloop
  endfacet
  facet normal 0.000000 0.911848 -0.410527
    outer loop
      vertex 164.597431 106.597431 48.000000
      vertex 156.359596 112.000000 60.000000
      vertex 158.410967 112.000000 60.000000
    endloop
  endfacet
  facet normal -0.223857 0.821947 -0.523727
    outer loop
      vertex 164.597431 106.597431 48.000000
      vertex 162.403818 106.000000 48.000000
      vertex 156.359596 112.000000 60.000000
    endloop
  endfacet
  facet normal 0.000000 0.894427 -0.447214
    outer loop
      vertex 162.403818 106.000000 48.000000
      vertex 154.308225 112.000000 60.000000
      vertex 156.359596 112.000000 60.000000
    endloop
  endfacet
  facet normal 0.000000 0.894427 -0.447214
    outer loop
      vertex 162.403818 106.000000 48.000000
      vertex 159.962742 106.000000 48.000000
      vertex 154.308225 112.000000 60.000000
    endloop
  endfacet
  facet normal 0.000000 0.894427 -0.447214
    outer loop
      vertex 159.962742 106.000000 48.000000
      vertex 152.256854 112.000000 60.000000
      vertex 154.308225 112.000000 60.000000
    endloop
  endfacet
  facet normal 0.000000 0.894427 -0.447214
    outer loop
      vertex 159.962742 106.000000 48.000000
      vertex 157.521665 106.000000 48.000000
      vertex 152.256854 112.000000 60.000000
    endloop
  endfacet
  facet normal 0.000000 0.894427 -0.447214
    outer loop
      vertex 157.521665 106.000000 48.000000
      vertex 150.205483 112.000000 60.000000
      vertex 152.256854 112.000000 60.000000
    endloop
  endfacet
  facet normal -0.240023 0.801817 -0.547246
    outer loop
      vertex 157.521665 106.000000 48.000000
      vertex 155.349878 105.349878 48.000000
      vertex 150.205483 112.000000 60.000000
    endloop
  endfacet
  facet normal 0.000000 0.874669 -0.484721
    outer loop
      vertex 155.349878 105.349878 48.000000
      vertex 148.154113 112.000000 60.000000
      vertex 150.205483 112.000000 60.000000
    endloop
  endfacet
  facet normal -0.357877 0.709083 -0.607557
    outer loop
      vertex 155.349878 105.349878 48.000000
      vertex 153.330883 104.330883 48.000000
      vertex 148.154113 112.000000 60.000000
    endloop
  endfacet
  facet normal 0.000000 0.842618 -0.538511
    outer loop
      vertex 153.330883 104.330883 48.000000
      vertex 146.102742 112.000000 60.000000
      vertex 148.154113 112.000000 60.000000
    endloop
  endfacet
  facet normal -0.115459 0.803968 -0.583356
    outer loop
      vertex 153.330883 104.330883 48.000000
      vertex 151.026863 104.000000 48.000000
      vertex 146.102742 112.000000 60.000000
    endloop
  endfacet
  facet normal 0.000000 0.832050 -0.554700
    outer loop
      vertex 151.026863 104.000000 48.000000
      vertex 144.051371 112.000000 60.000000
      vertex 146.102742 112.000000 60.000000
    endloop
  endfacet
  facet normal -0.336282 0.681598 -0.649876
    outer loop
      vertex 151.026863 104.000000 48.000000
      vertex 149.000000 103.000000 48.000000
      vertex 144.051371 112.000000 60.000000
    endloop
  endfacet
  facet normal 0.000000 0.800000 -0.600000
    outer loop
      vertex 149.000000 103.000000 48.000000
      vertex 142.000000 112.000000 60.000000
      vertex 144.051371 112.000000 60.000000
    endloop
  endfacet
  facet normal 0.545455 0.545455 -0.636364
    outer loop
      vertex 142.000000 112.000000 60.000000
      vertex 140.549462 113.450538 60.000000
      vertex 153.000000 115.000000 72.000000
    endloop
  endfacet
  facet normal 0.521747 0.588769 -0.617359
    outer loop
      vertex 140.549462 113.450538 60.000000
      vertex 151.871543 116.000000 72.000000
      vertex 153.000000 115.000000 72.000000
    endloop
  endfacet
  facet normal 0.341431 0.800694 -0.492254
    outer loop
      vertex 140.549462 113.450538 60.000000
      vertex 138.806030 114.193970 60.000000
      vertex 151.871543 116.000000 72.000000
    endloop
  endfacet
  facet normal 0.000000 0.988863 -0.148826
    outer loop
      vertex 138.806030 114.193970 60.000000
      vertex 150.328873 116.000000 72.000000
      vertex 151.871543 116.000000 72.000000
    endloop
  endfacet
  facet normal 0.373167 0.795149 -0.478000
    outer loop
      vertex 138.806030 114.193970 60.000000
      vertex 137.088528 115.000000 60.000000
      vertex 150.328873 116.000000 72.000000
    endloop
  endfacet
  facet normal 0.000000 0.996546 -0.083045
    outer loop
      vertex 137.088528 115.000000 60.000000
      vertex 148.786203 116.000000 72.000000
      vertex 150.328873 116.000000 72.000000
    endloop
  endfacet
  facet normal 0.451058 0.738453 -0.501232
    outer loop
      vertex 137.088528 115.000000 60.000000
      vertex 135.451371 116.000000 60.000000
      vertex 148.786203 116.000000 72.000000
    endloop
  endfacet
  facet normal 0.346380 0.855491 -0.384910
    outer loop
      vertex 135.451371 116.000000 60.000000
      vertex 147.465097 116.534903 72.000000
      vertex 148.786203 116.000000 72.000000
    endloop
  endfacet
  facet normal 0.494582 0.691899 -0.525989
    outer loop
      vertex 135.451371 116.000000 60.000000
      vertex 133.868629 117.131371 60.000000
      vertex 147.465097 116.534903 72.000000
    endloop
  endfacet
  facet normal 0.310040 0.899944 -0.306555
    outer loop
      vertex 133.868629 117.131371 60.000000
      vertex 146.115076 117.000000 72.000000
      vertex 147.465097 116.534903 72.000000
    endloop
  endfacet
  facet normal 0.575505 0.575505 -0.581024
    outer loop
      vertex 133.868629 117.131371 60.000000
      vertex 132.418091 118.581909 60.000000
      vertex 146.115076 117.000000 72.000000
    endloop
  endfacet
  facet normal 0.000000 0.991423 0.130695
    outer loop
      vertex 132.418091 118.581909 60.000000
      vertex 144.572405 117.000000 72.000000
      vertex 146.115076 117.000000 72.000000
    endloop
  endfacet
  facet normal 0.600168 0.600168 -0.528769
    outer loop
      vertex 132.418091 118.581909 60.000000
      vertex 130.967553 120.032447 60.000000
      vertex 144.572405 117.000000 72.000000
    endloop
  endfacet
  facet normal 0.455778 0.836038 -0.305462
    outer loop
      vertex 130.967553 120.032447 60.000000
      vertex 143.313919 117.686081 72.000000
      vertex 144.572405 117.000000 72.000000
    endloop
  endfacet
  facet normal 0.609208 0.609208 -0.507673
    outer loop
      vertex 130.967553 120.032447 60.000000
      vertex 129.517014 121.482986 60.000000
      vertex 143.313919 117.686081 72.000000
    endloop
  endfacet
  facet normal 0.609208 0.609208 -0.507673
    outer loop
      vertex 129.517014 121.482986 60.000000
      vertex 142.223087 118.776913 72.000000
      vertex 143.313919 117.686081 72.000000
    endloop
  endfacet
  facet normal 0.384035 0.900605 -0.203539
    outer loop
      vertex 129.517014 121.482986 60.000000
      vertex 127.773583 122.226417 60.000000
      vertex 142.223087 118.776913 72.000000
    endloop
  endfacet
  facet normal 0.593362 0.593362 -0.543915
    outer loop
      vertex 127.773583 122.226417 60.000000
      vertex 141.132254 119.867746 72.000000
      vertex 142.223087 118.776913 72.000000
    endloop
  endfacet
  facet normal 0.593362 0.593362 -0.543915
    outer loop
      vertex 127.773583 122.226417 60.000000
      vertex 126.323045 123.676955 60.000000
      vertex 141.132254 119.867746 72.000000
    endloop
  endfacet
  facet normal 0.646794 0.179365 -0.741273
    outer loop
      vertex 126.323045 123.676955 60.000000
      vertex 140.748528 121.251472 72.000000
      vertex 141.132254 119.867746 72.000000
    endloop
  endfacet
  facet normal 0.595113 0.523739 -0.609540
    outer loop
      vertex 126.323045 123.676955 60.000000
      vertex 125.000000 125.180303 60.000000
      vertex 140.748528 121.251472 72.000000
    endloop
  endfacet
  facet normal 0.580242 0.580242 -0.571523
    outer loop
      vertex 125.000000 125.180303 60.000000
      vertex 139.657696 122.342304 72.000000
      vertex 140.748528 121.251472 72.000000
    endloop
  endfacet
  facet normal 0.635694 0.327478 -0.699036
    outer loop
      vertex 125.000000 125.180303 60.000000
      vertex 124.129075 126.870925 60.000000
      vertex 139.657696 122.342304 72.000000
    endloop
  endfacet
  facet normal 0.593362 0.593362 -0.543915
    outer loop
      vertex 124.129075 126.870925 60.000000
      vertex 138.566863 123.433137 72.000000
      vertex 139.657696 122.342304 72.000000
    endloop
  endfacet
  facet normal 0.644485 0.041637 -0.763483
    outer loop
      vertex 124.129075 126.870925 60.000000
      vertex 124.000000 128.868831 60.000000
      vertex 138.566863 123.433137 72.000000
    endloop
  endfacet
  facet normal 0.622692 0.622692 -0.473825
    outer loop
      vertex 124.000000 128.868831 60.000000
      vertex 137.476030 124.523970 72.000000
      vertex 138.566863 123.433137 72.000000
    endloop
  endfacet
  facet normal 0.676291 0.413089 -0.609909
    outer loop
      vertex 124.000000 128.868831 60.000000
      vertex 123.000000 130.505988 60.000000
      vertex 137.476030 124.523970 72.000000
    endloop
  endfacet
  facet normal 0.632325 0.632325 -0.447582
    outer loop
      vertex 123.000000 130.505988 60.000000
      vertex 136.385198 125.614802 72.000000
      vertex 137.476030 124.523970 72.000000
    endloop
  endfacet
  facet normal 0.540137 -0.372868 -0.754468
    outer loop
      vertex 123.000000 130.505988 60.000000
      vertex 124.101219 132.101219 60.000000
      vertex 136.385198 125.614802 72.000000
    endloop
  endfacet
  facet normal 0.669137 0.669137 -0.323280
    outer loop
      vertex 124.101219 132.101219 60.000000
      vertex 135.294365 126.705635 72.000000
      vertex 136.385198 125.614802 72.000000
    endloop
  endfacet
  facet normal 0.612738 -0.327986 -0.719012
    outer loop
      vertex 124.101219 132.101219 60.000000
      vertex 125.000000 133.780303 60.000000
      vertex 135.294365 126.705635 72.000000
    endloop
  endfacet
  facet normal 0.694714 0.694714 -0.186397
    outer loop
      vertex 125.000000 133.780303 60.000000
      vertex 134.203532 127.796468 72.000000
      vertex 135.294365 126.705635 72.000000
    endloop
  endfacet
  facet normal 0.793494 0.000000 -0.608579
    outer loop
      vertex 125.000000 133.780303 60.000000
      vertex 125.000000 135.831674 60.000000
      vertex 134.203532 127.796468 72.000000
    endloop
  endfacet
  facet normal 0.705437 0.705437 -0.068682
    outer loop
      vertex 125.000000 135.831674 60.000000
      vertex 133.112700 128.887300 72.000000
      vertex 134.203532 127.796468 72.000000
    endloop
  endfacet
  facet normal 0.694883 -0.309713 -0.649011
    outer loop
      vertex 125.000000 135.831674 60.000000
      vertex 125.668486 137.331514 60.000000
      vertex 133.112700 128.887300 72.000000
    endloop
  endfacet
  facet normal 0.705882 0.705882 0.058824
    outer loop
      vertex 125.668486 137.331514 60.000000
      vertex 132.021867 129.978133 72.000000
      vertex 133.112700 128.887300 72.000000
    endloop
  endfacet
  facet normal 0.705882 0.705882 0.058824
    outer loop
      vertex 125.668486 137.331514 60.000000
      vertex 124.217948 138.782052 60.000000
      vertex 132.021867 129.978133 72.000000
    endloop
  endfacet
  facet normal 0.885060 0.245439 -0.395509
    outer loop
      vertex 124.217948 138.782052 60.000000
      vertex 131.638141 131.361859 72.000000
      vertex 132.021867 129.978133 72.000000
    endloop
  endfacet
  facet normal 0.707107 0.707107 0.000000
    outer loop
      vertex 124.217948 138.782052 60.000000
      vertex 122.767410 140.232590 60.000000
      vertex 131.638141 131.361859 72.000000
    endloop
  endfacet
  facet normal 0.707107 0.707107 0.000000
    outer loop
      vertex 122.767410 140.232590 60.000000
      vertex 130.547309 132.452691 72.000000
      vertex 131.638141 131.361859 72.000000
    endloop
  endfacet
  facet normal 0.707107 0.707107 0.000000
    outer loop
      vertex 122.767410 140.232590 60.000000
      vertex 121.316872 141.683128 60.000000
      vertex 130.547309 132.452691 72.000000
    endloop
  endfacet
  facet normal 0.852854 0.354701 -0.383181
    outer loop
      vertex 121.316872 141.683128 60.000000
      vertex 130.000000 133.768659 72.000000
      vertex 130.547309 132.452691 72.000000
    endloop
  endfacet
  facet normal 0.748216 0.654294 -0.109872
    outer loop
      vertex 121.316872 141.683128 60.000000
      vertex 120.000000 143.189033 60.000000
      vertex 130.000000 133.768659 72.000000
    endloop
  endfacet
  facet normal 0.807612 0.122488 -0.576853
    outer loop
      vertex 120.000000 143.189033 60.000000
      vertex 129.779857 135.220143 72.000000
      vertex 130.000000 133.768659 72.000000
    endloop
  endfacet
  facet normal 0.795072 0.068227 -0.602666
    outer loop
      vertex 120.000000 143.189033 60.000000
      vertex 119.830009 145.169991 60.000000
      vertex 129.779857 135.220143 72.000000
    endloop
  endfacet
  facet normal 0.816976 0.522386 -0.244260
    outer loop
      vertex 119.830009 145.169991 60.000000
      vertex 129.000000 136.439786 72.000000
      vertex 129.779857 135.220143 72.000000
    endloop
  endfacet
  facet normal 0.843706 0.410105 -0.346373
    outer loop
      vertex 119.830009 145.169991 60.000000
      vertex 119.000000 146.877561 60.000000
      vertex 129.000000 136.439786 72.000000
    endloop
  endfacet
  facet normal 0.768221 0.000000 -0.640184
    outer loop
      vertex 119.000000 146.877561 60.000000
      vertex 129.000000 137.982456 72.000000
      vertex 129.000000 136.439786 72.000000
    endloop
  endfacet
  facet normal 0.768221 0.000000 -0.640184
    outer loop
      vertex 119.000000 146.877561 60.000000
      vertex 119.000000 148.928932 60.000000
      vertex 129.000000 137.982456 72.000000
    endloop
  endfacet
  facet normal 0.748290 0.663109 -0.018683
    outer loop
      vertex 119.000000 148.928932 60.000000
      vertex 128.000000 139.110913 72.000000
      vertex 129.000000 137.982456 72.000000
    endloop
  endfacet
  facet normal 0.583712 -0.356540 -0.729493
    outer loop
      vertex 119.000000 148.928932 60.000000
      vertex 120.000000 150.566089 60.000000
      vertex 128.000000 139.110913 72.000000
    endloop
  endfacet
  facet normal 0.832050 0.000000 -0.554700
    outer loop
      vertex 120.000000 150.566089 60.000000
      vertex 128.000000 140.653583 72.000000
      vertex 128.000000 139.110913 72.000000
    endloop
  endfacet
  facet normal 0.832050 0.000000 -0.554700
    outer loop
      vertex 120.000000 150.566089 60.000000
      vertex 120.000000 152.617460 60.000000
      vertex 128.000000 140.653583 72.000000
    endloop
  endfacet
  facet normal 0.832050 0.000000 -0.554700
    outer loop
      vertex 120.000000 152.617460 60.000000
      vertex 128.000000 142.196253 72.000000
      vertex 128.000000 140.653583 72.000000
    endloop
  endfacet
  facet normal 0.832050 0.000000 -0.554700
    outer loop
      vertex 120.000000 152.617460 60.000000
      vertex 120.000000 154.668831 60.000000
      vertex 128.000000 142.196253 72.000000
    endloop
  endfacet
  facet normal 0.832050 0.000000 -0.554700
    outer loop
      vertex 120.000000 154.668831 60.000000
      vertex 128.000000 143.738924 72.000000
      vertex 128.000000 142.196253 72.000000
    endloop
  endfacet
  facet normal 0.721580 -0.199666 -0.662915
    outer loop
      vertex 120.000000 154.668831 60.000000
      vertex 120.509260 156.509260 60.000000
      vertex 128.000000 143.738924 72.000000
    endloop
  endfacet
  facet normal 0.787991 -0.107453 -0.606237
    outer loop
      vertex 120.509260 156.509260 60.000000
      vertex 128.199117 145.199117 72.000000
      vertex 128.000000 143.738924 72.000000
    endloop
  endfacet
  facet normal 0.663853 -0.283079 -0.692217
    outer loop
      vertex 120.509260 156.509260 60.000000
      vertex 121.252691 158.252691 60.000000
      vertex 128.199117 145.199117 72.000000
    endloop
  endfacet
  facet normal 0.565863 -0.374249 -0.734668
    outer loop
      vertex 121.252691 158.252691 60.000000
      vertex 129.000000 146.410051 72.000000
      vertex 128.199117 145.199117 72.000000
    endloop
  endfacet
  facet normal 0.462991 -0.462991 -0.755830
    outer loop
      vertex 121.252691 158.252691 60.000000
      vertex 122.703229 159.703229 60.000000
      vertex 129.000000 146.410051 72.000000
    endloop
  endfacet
  facet normal 0.628925 -0.335298 -0.701448
    outer loop
      vertex 122.703229 159.703229 60.000000
      vertex 129.673675 147.673675 72.000000
      vertex 129.000000 146.410051 72.000000
    endloop
  endfacet
  facet normal 0.429100 -0.501057 -0.751542
    outer loop
      vertex 122.703229 159.703229 60.000000
      vertex 124.217460 161.000000 60.000000
      vertex 129.673675 147.673675 72.000000
    endloop
  endfacet
  facet normal 0.819959 -0.159357 -0.549793
    outer loop
      vertex 124.217460 161.000000 60.000000
      vertex 129.942599 149.057401 72.000000
      vertex 129.673675 147.673675 72.000000
    endloop
  endfacet
  facet normal 0.316507 -0.592566 -0.740735
    outer loop
      vertex 124.217460 161.000000 60.000000
      vertex 125.897199 161.897199 60.000000
      vertex 129.942599 149.057401 72.000000
    endloop
  endfacet
  facet normal 0.714489 0.584497 0.384536
    outer loop
      vertex 125.897199 161.897199 60.000000
      vertex 129.000000 150.209634 72.000000
      vertex 129.942599 149.057401 72.000000
    endloop
  endfacet
  facet normal 0.533068 -0.533068 -0.657022
    outer loop
      vertex 125.897199 161.897199 60.000000
      vertex 127.347737 163.347737 60.000000
      vertex 129.000000 150.209634 72.000000
    endloop
  endfacet
  facet normal 0.817567 -0.328900 -0.472663
    outer loop
      vertex 127.347737 163.347737 60.000000
      vertex 129.531960 151.531960 72.000000
      vertex 129.000000 150.209634 72.000000
    endloop
  endfacet
  facet normal 0.280548 -0.657918 -0.698883
    outer loop
      vertex 127.347737 163.347737 60.000000
      vertex 129.091169 164.091169 60.000000
      vertex 129.531960 151.531960 72.000000
    endloop
  endfacet
  facet normal 0.561336 -0.561336 -0.608114
    outer loop
      vertex 129.091169 164.091169 60.000000
      vertex 130.622792 152.622792 72.000000
      vertex 129.531960 151.531960 72.000000
    endloop
  endfacet
  facet normal 0.561336 -0.561336 -0.608114
    outer loop
      vertex 129.091169 164.091169 60.000000
      vertex 130.541707 165.541707 60.000000
      vertex 130.622792 152.622792 72.000000
    endloop
  endfacet
  facet normal 0.561336 -0.561336 -0.608114
    outer loop
      vertex 130.541707 165.541707 60.000000
      vertex 131.713625 153.713625 72.000000
      vertex 130.622792 152.622792 72.000000
    endloop
  endfacet
  facet normal 0.285090 -0.668569 -0.686833
    outer loop
      vertex 130.541707 165.541707 60.000000
      vertex 132.285139 166.285139 60.000000
      vertex 131.713625 153.713625 72.000000
    endloop
  endfacet
  facet normal 0.577350 -0.577350 -0.577350
    outer loop
      vertex 132.285139 166.285139 60.000000
      vertex 132.804457 154.804457 72.000000
      vertex 131.713625 153.713625 72.000000
    endloop
  endfacet
  facet normal 0.291985 -0.684738 -0.667741
    outer loop
      vertex 132.285139 166.285139 60.000000
      vertex 134.028570 167.028570 60.000000
      vertex 132.804457 154.804457 72.000000
    endloop
  endfacet
  facet normal 0.593362 -0.593362 -0.543915
    outer loop
      vertex 134.028570 167.028570 60.000000
      vertex 133.895290 155.895290 72.000000
      vertex 132.804457 154.804457 72.000000
    endloop
  endfacet
  facet normal 0.397563 -0.674858 -0.621700
    outer loop
      vertex 134.028570 167.028570 60.000000
      vertex 135.677561 168.000000 60.000000
      vertex 133.895290 155.895290 72.000000
    endloop
  endfacet
  facet normal 0.604128 -0.604128 -0.519673
    outer loop
      vertex 135.677561 168.000000 60.000000
      vertex 134.986123 156.986123 72.000000
      vertex 133.895290 155.895290 72.000000
    endloop
  endfacet
  facet normal 0.416366 -0.681657 -0.601650
    outer loop
      vertex 135.677561 168.000000 60.000000
      vertex 137.314719 169.000000 60.000000
      vertex 134.986123 156.986123 72.000000
    endloop
  endfacet
  facet normal 0.960523 -0.266366 -0.080285
    outer loop
      vertex 137.314719 169.000000 60.000000
      vertex 135.369848 158.369848 72.000000
      vertex 134.986123 156.986123 72.000000
    endloop
  endfacet
  facet normal 0.000000 -0.748539 -0.663090
    outer loop
      vertex 137.314719 169.000000 60.000000
      vertex 139.366089 169.000000 60.000000
      vertex 135.369848 158.369848 72.000000
    endloop
  endfacet
  facet normal 0.658577 -0.658577 -0.364078
    outer loop
      vertex 139.366089 169.000000 60.000000
      vertex 136.460681 159.460681 72.000000
      vertex 135.369848 158.369848 72.000000
    endloop
  endfacet
  facet normal 0.121055 -0.791109 -0.599577
    outer loop
      vertex 139.366089 169.000000 60.000000
      vertex 141.295189 169.295189 60.000000
      vertex 136.460681 159.460681 72.000000
    endloop
  endfacet
  facet normal 0.323595 -0.791574 -0.518360
    outer loop
      vertex 141.295189 169.295189 60.000000
      vertex 137.779958 160.000000 72.000000
      vertex 136.460681 159.460681 72.000000
    endloop
  endfacet
  facet normal 0.669350 -0.669350 -0.322401
    outer loop
      vertex 141.295189 169.295189 60.000000
      vertex 142.745727 170.745727 60.000000
      vertex 137.779958 160.000000 72.000000
    endloop
  endfacet
  facet normal 0.000000 -0.744967 -0.667101
    outer loop
      vertex 142.745727 170.745727 60.000000
      vertex 139.322628 160.000000 72.000000
      vertex 137.779958 160.000000 72.000000
    endloop
  endfacet
  facet normal -0.097990 -0.727328 -0.679258
    outer loop
      vertex 142.745727 170.745727 60.000000
      vertex 144.489159 170.510841 60.000000
      vertex 139.322628 160.000000 72.000000
    endloop
  endfacet
  facet normal 0.000000 -0.752240 -0.658889
    outer loop
      vertex 144.489159 170.510841 60.000000
      vertex 140.865299 160.000000 72.000000
      vertex 139.322628 160.000000 72.000000
    endloop
  endfacet
  facet normal -0.116418 -0.729435 -0.674071
    outer loop
      vertex 144.489159 170.510841 60.000000
      vertex 146.232590 170.232590 60.000000
      vertex 140.865299 160.000000 72.000000
    endloop
  endfacet
  facet normal 0.624982 -0.709541 -0.325499
    outer loop
      vertex 146.232590 170.232590 60.000000
      vertex 141.995584 160.995584 72.000000
      vertex 140.865299 160.000000 72.000000
    endloop
  endfacet
  facet normal 0.353051 -0.797506 -0.489224
    outer loop
      vertex 146.232590 170.232590 60.000000
      vertex 147.966089 171.000000 60.000000
      vertex 141.995584 160.995584 72.000000
    endloop
  endfacet
  facet normal 0.638922 -0.716663 -0.279592
    outer loop
      vertex 147.966089 171.000000 60.000000
      vertex 143.122212 162.000000 72.000000
      vertex 141.995584 160.995584 72.000000
    endloop
  endfacet
  facet normal -0.289657 -0.705917 -0.646359
    outer loop
      vertex 147.966089 171.000000 60.000000
      vertex 149.719453 170.280547 60.000000
      vertex 143.122212 162.000000 72.000000
    endloop
  endfacet
  facet normal -0.253090 -0.725625 -0.639855
    outer loop
      vertex 149.719453 170.280547 60.000000
      vertex 144.470143 161.529857 72.000000
      vertex 143.122212 162.000000 72.000000
    endloop
  endfacet
  facet normal -0.112885 -0.778665 -0.617202
    outer loop
      vertex 149.719453 170.280547 60.000000
      vertex 151.654618 170.000000 60.000000
      vertex 144.470143 161.529857 72.000000
    endloop
  endfacet
  facet normal -0.279372 -0.697667 -0.659706
    outer loop
      vertex 151.654618 170.000000 60.000000
      vertex 145.793339 161.000000 72.000000
      vertex 144.470143 161.529857 72.000000
    endloop
  endfacet
  facet normal 0.000000 -0.800000 -0.600000
    outer loop
      vertex 151.654618 170.000000 60.000000
      vertex 153.705988 170.000000 60.000000
      vertex 145.793339 161.000000 72.000000
    endloop
  endfacet
  facet normal 0.000000 -0.800000 -0.600000
    outer loop
      vertex 153.705988 170.000000 60.000000
      vertex 147.336009 161.000000 72.000000
      vertex 145.793339 161.000000 72.000000
    endloop
  endfacet
  facet normal -0.384237 -0.629057 -0.675758
    outer loop
      vertex 153.705988 170.000000 60.000000
      vertex 155.343146 169.000000 60.000000
      vertex 147.336009 161.000000 72.000000
    endloop
  endfacet
  facet normal 0.000000 -0.832050 -0.554700
    outer loop
      vertex 155.343146 169.000000 60.000000
      vertex 148.878680 161.000000 72.000000
      vertex 147.336009 161.000000 72.000000
    endloop
  endfacet
  facet normal 0.000000 -0.832050 -0.554700
    outer loop
      vertex 155.343146 169.000000 60.000000
      vertex 157.394517 169.000000 60.000000
      vertex 148.878680 161.000000 72.000000
    endloop
  endfacet
  facet normal 0.662959 -0.748121 -0.028276
    outer loop
      vertex 157.394517 169.000000 60.000000
      vertex 150.007136 162.000000 72.000000
      vertex 148.878680 161.000000 72.000000
    endloop
  endfacet
  facet normal -0.134235 -0.817771 -0.559670
    outer loop
      vertex 157.394517 169.000000 60.000000
      vertex 159.315290 168.684710 60.000000
      vertex 150.007136 162.000000 72.000000
    endloop
  endfacet
  facet normal 0.000000 -0.873599 -0.486646
    outer loop
      vertex 159.315290 168.684710 60.000000
      vertex 151.549807 162.000000 72.000000
      vertex 150.007136 162.000000 72.000000
    endloop
  endfacet
  facet normal -0.288507 -0.744854 -0.601628
    outer loop
      vertex 159.315290 168.684710 60.000000
      vertex 161.083045 168.000000 60.000000
      vertex 151.549807 162.000000 72.000000
    endloop
  endfacet
  facet normal 0.000000 -0.894427 -0.447214
    outer loop
      vertex 161.083045 168.000000 60.000000
      vertex 153.092477 162.000000 72.000000
      vertex 151.549807 162.000000 72.000000
    endloop
  endfacet
  facet normal -0.340766 -0.730303 -0.592061
    outer loop
      vertex 161.083045 168.000000 60.000000
      vertex 162.802153 167.197847 60.000000
      vertex 153.092477 162.000000 72.000000
    endloop
  endfacet
  facet normal 0.000000 -0.917616 -0.397469
    outer loop
      vertex 162.802153 167.197847 60.000000
      vertex 154.635147 162.000000 72.000000
      vertex 153.092477 162.000000 72.000000
    endloop
  endfacet
  facet normal -0.089439 -0.890299 -0.446507
    outer loop
      vertex 162.802153 167.197847 60.000000
      vertex 164.771573 167.000000 60.000000
      vertex 154.635147 162.000000 72.000000
    endloop
  endfacet
  facet normal 0.000000 -0.923077 -0.384615
    outer loop
      vertex 164.771573 167.000000 60.000000
      vertex 156.177817 162.000000 72.000000
      vertex 154.635147 162.000000 72.000000
    endloop
  endfacet
  facet normal -0.510189 -0.600600 -0.615620
    outer loop
      vertex 164.771573 167.000000 60.000000
      vertex 166.289016 165.710984 60.000000
      vertex 156.177817 162.000000 72.000000
    endloop
  endfacet
  facet normal 0.000000 -0.955360 -0.295444
    outer loop
      vertex 166.289016 165.710984 60.000000
      vertex 157.720488 162.000000 72.000000
      vertex 156.177817 162.000000 72.000000
    endloop
  endfacet
  facet normal -0.572868 -0.572868 -0.586212
    outer loop
      vertex 166.289016 165.710984 60.000000
      vertex 167.739554 164.260446 60.000000
      vertex 157.720488 162.000000 72.000000
    endloop
  endfacet
  facet normal -0.506691 -0.665254 -0.548362
    outer loop
      vertex 167.739554 164.260446 60.000000
      vertex 158.893188 161.106812 72.000000
      vertex 157.720488 162.000000 72.000000
    endloop
  endfacet
  facet normal -0.346448 -0.812460 -0.468917
    outer loop
      vertex 167.739554 164.260446 60.000000
      vertex 169.482986 163.517014 60.000000
      vertex 158.893188 161.106812 72.000000
    endloop
  endfacet
  facet normal -0.561336 -0.561336 -0.608114
    outer loop
      vertex 169.482986 163.517014 60.000000
      vertex 159.984020 160.015980 72.000000
      vertex 158.893188 161.106812 72.000000
    endloop
  endfacet
  facet normal -0.561336 -0.561336 -0.608114
    outer loop
      vertex 169.482986 163.517014 60.000000
      vertex 170.933524 162.066476 60.000000
      vertex 159.984020 160.015980 72.000000
    endloop
  endfacet
  facet normal -0.247384 -0.892074 -0.378161
    outer loop
      vertex 170.933524 162.066476 60.000000
      vertex 161.367746 159.632254 72.000000
      vertex 159.984020 160.015980 72.000000
    endloop
  endfacet
  facet normal -0.577350 -0.577350 -0.577350
    outer loop
      vertex 170.933524 162.066476 60.000000
      vertex 172.384062 160.615938 60.000000
      vertex 161.367746 159.632254 72.000000
    endloop
  endfacet
  facet normal -0.399080 -0.808432 -0.432636
    outer loop
      vertex 172.384062 160.615938 60.000000
      vertex 162.648528 159.000000 72.000000
      vertex 161.367746 159.632254 72.000000
    endloop
  endfacet
  facet normal -0.587744 -0.587744 -0.555980
    outer loop
      vertex 172.384062 160.615938 60.000000
      vertex 173.834600 159.165400 60.000000
      vertex 162.648528 159.000000 72.000000
    endloop
  endfacet
  facet normal -0.090133 -0.991128 -0.097681
    outer loop
      vertex 173.834600 159.165400 60.000000
      vertex 164.135198 158.864802 72.000000
      vertex 162.648528 159.000000 72.000000
    endloop
  endfacet
  facet normal -0.609208 -0.609208 -0.507673
    outer loop
      vertex 173.834600 159.165400 60.000000
      vertex 175.285139 157.714861 60.000000
      vertex 164.135198 158.864802 72.000000
    endloop
  endfacet
  facet normal -0.609208 -0.609208 -0.507673
    outer loop
      vertex 175.285139 157.714861 60.000000
      vertex 165.226030 157.773970 72.000000
      vertex 164.135198 158.864802 72.000000
    endloop
  endfacet
  facet normal -0.609208 -0.609208 -0.507673
    outer loop
      vertex 175.285139 157.714861 60.000000
      vertex 176.735677 156.264323 60.000000
      vertex 165.226030 157.773970 72.000000
    endloop
  endfacet
  facet normal -0.678134 -0.429476 -0.596393
    outer loop
      vertex 176.735677 156.264323 60.000000
      vertex 166.000000 156.551888 72.000000
      vertex 165.226030 157.773970 72.000000
    endloop
  endfacet
  facet normal -0.713552 -0.304272 -0.631080
    outer loop
      vertex 176.735677 156.264323 60.000000
      vertex 177.479108 154.520892 60.000000
      vertex 166.000000 156.551888 72.000000
    endloop
  endfacet
  facet normal -0.722616 0.000000 -0.691249
    outer loop
      vertex 177.479108 154.520892 60.000000
      vertex 166.000000 155.009218 72.000000
      vertex 166.000000 156.551888 72.000000
    endloop
  endfacet
  facet normal -0.711814 -0.201992 -0.672696
    outer loop
      vertex 177.479108 154.520892 60.000000
      vertex 178.000000 152.685281 60.000000
      vertex 166.000000 155.009218 72.000000
    endloop
  endfacet
  facet normal -0.615921 -0.610729 -0.497646
    outer loop
      vertex 178.000000 152.685281 60.000000
      vertex 167.084315 153.915685 72.000000
      vertex 166.000000 155.009218 72.000000
    endloop
  endfacet
  facet normal -0.696034 -0.407175 -0.591392
    outer loop
      vertex 178.000000 152.685281 60.000000
      vertex 178.965971 151.034029 60.000000
      vertex 167.084315 153.915685 72.000000
    endloop
  endfacet
  facet normal -0.624695 -0.624695 -0.468521
    outer loop
      vertex 178.965971 151.034029 60.000000
      vertex 168.175147 152.824853 72.000000
      vertex 167.084315 153.915685 72.000000
    endloop
  endfacet
  facet normal -0.744441 -0.012434 -0.667572
    outer loop
      vertex 178.965971 151.034029 60.000000
      vertex 179.000000 148.996753 60.000000
      vertex 168.175147 152.824853 72.000000
    endloop
  endfacet
  facet normal -0.718300 -0.493330 -0.490581
    outer loop
      vertex 179.000000 148.996753 60.000000
      vertex 169.000000 151.623848 72.000000
      vertex 168.175147 152.824853 72.000000
    endloop
  endfacet
  facet normal -0.760236 -0.325357 -0.562302
    outer loop
      vertex 179.000000 148.996753 60.000000
      vertex 179.745727 147.254273 60.000000
      vertex 169.000000 151.623848 72.000000
    endloop
  endfacet
  facet normal -0.752934 -0.384111 -0.534368
    outer loop
      vertex 179.745727 147.254273 60.000000
      vertex 169.649706 150.350294 72.000000
      vertex 169.000000 151.623848 72.000000
    endloop
  endfacet
  facet normal -0.773979 -0.101129 -0.625084
    outer loop
      vertex 179.745727 147.254273 60.000000
      vertex 180.000000 145.308225 60.000000
      vertex 169.649706 150.350294 72.000000
    endloop
  endfacet
  facet normal -0.674863 -0.674863 -0.298527
    outer loop
      vertex 180.000000 145.308225 60.000000
      vertex 170.740538 149.259462 72.000000
      vertex 169.649706 150.350294 72.000000
    endloop
  endfacet
  facet normal -0.791708 -0.000000 -0.610899
    outer loop
      vertex 180.000000 145.308225 60.000000
      vertex 180.000000 143.256854 60.000000
      vertex 170.740538 149.259462 72.000000
    endloop
  endfacet
  facet normal -0.822698 -0.228145 -0.520690
    outer loop
      vertex 180.000000 143.256854 60.000000
      vertex 171.124264 147.875736 72.000000
      vertex 170.740538 149.259462 72.000000
    endloop
  endfacet
  facet normal -0.821787 -0.253861 -0.510118
    outer loop
      vertex 180.000000 143.256854 60.000000
      vertex 180.561808 141.438192 60.000000
      vertex 171.124264 147.875736 72.000000
    endloop
  endfacet
  facet normal -0.766597 -0.568964 -0.297672
    outer loop
      vertex 180.561808 141.438192 60.000000
      vertex 172.000000 146.695807 72.000000
      vertex 171.124264 147.875736 72.000000
    endloop
  endfacet
  facet normal -0.722268 0.273594 -0.635197
    outer loop
      vertex 180.561808 141.438192 60.000000
      vertex 180.012346 139.987654 60.000000
      vertex 172.000000 146.695807 72.000000
    endloop
  endfacet
  facet normal -0.850846 -0.393553 -0.348105
    outer loop
      vertex 180.012346 139.987654 60.000000
      vertex 172.598823 145.401177 72.000000
      vertex 172.000000 146.695807 72.000000
    endloop
  endfacet
  facet normal -0.821515 -0.494055 -0.284645
    outer loop
      vertex 180.012346 139.987654 60.000000
      vertex 181.000000 138.345382 60.000000
      vertex 172.598823 145.401177 72.000000
    endloop
  endfacet
  facet normal -0.704895 -0.704895 -0.079029
    outer loop
      vertex 181.000000 138.345382 60.000000
      vertex 173.689655 144.310345 72.000000
      vertex 172.598823 145.401177 72.000000
    endloop
  endfacet
  facet normal -0.673231 0.411220 -0.614539
    outer loop
      vertex 181.000000 138.345382 60.000000
      vertex 180.000000 136.708225 60.000000
      vertex 173.689655 144.310345 72.000000
    endloop
  endfacet
  facet normal -0.913708 -0.200524 -0.353451
    outer loop
      vertex 180.000000 136.708225 60.000000
      vertex 174.000000 142.896224 72.000000
      vertex 173.689655 144.310345 72.000000
    endloop
  endfacet
  facet normal -0.865900 0.107697 -0.488486
    outer loop
      vertex 180.000000 136.708225 60.000000
      vertex 179.757359 134.757359 60.000000
      vertex 174.000000 142.896224 72.000000
    endloop
  endfacet
  facet normal -0.901600 0.000000 -0.432570
    outer loop
      vertex 179.757359 134.757359 60.000000
      vertex 174.000000 141.353553 72.000000
      vertex 174.000000 142.896224 72.000000
    endloop
  endfacet
  facet normal -0.765292 0.333552 -0.550519
    outer loop
      vertex 179.757359 134.757359 60.000000
      vertex 179.000000 133.019697 60.000000
      vertex 174.000000 141.353553 72.000000
    endloop
  endfacet
  facet normal -0.923077 0.000000 -0.384615
    outer loop
      vertex 179.000000 133.019697 60.000000
      vertex 174.000000 139.810883 72.000000
      vertex 174.000000 141.353553 72.000000
    endloop
  endfacet
  facet normal -0.923077 -0.000000 -0.384615
    outer loop
      vertex 179.000000 133.019697 60.000000
      vertex 179.000000 130.968326 60.000000
      vertex 174.000000 139.810883 72.000000
    endloop
  endfacet
  facet normal -0.923077 0.000000 -0.384615
    outer loop
      vertex 179.000000 130.968326 60.000000
      vertex 174.000000 138.268213 72.000000
      vertex 174.000000 139.810883 72.000000
    endloop
  endfacet
  facet normal -0.775060 0.342278 -0.531157
    outer loop
      vertex 179.000000 130.968326 60.000000
      vertex 178.234172 129.234172 60.000000
      vertex 174.000000 138.268213 72.000000
    endloop
  endfacet
  facet normal -0.943018 0.000000 -0.332742
    outer loop
      vertex 178.234172 129.234172 60.000000
      vertex 174.000000 136.725543 72.000000
      vertex 174.000000 138.268213 72.000000
    endloop
  endfacet
  facet normal -0.799346 0.340856 -0.494837
    outer loop
      vertex 178.234172 129.234172 60.000000
      vertex 177.490740 127.490740 60.000000
      vertex 174.000000 136.725543 72.000000
    endloop
  endfacet
  facet normal -0.960199 0.000000 -0.279317
    outer loop
      vertex 177.490740 127.490740 60.000000
      vertex 174.000000 135.182872 72.000000
      vertex 174.000000 136.725543 72.000000
    endloop
  endfacet
  facet normal -0.816444 0.348147 -0.460666
    outer loop
      vertex 177.490740 127.490740 60.000000
      vertex 176.747309 125.747309 60.000000
      vertex 174.000000 135.182872 72.000000
    endloop
  endfacet
  facet normal -0.974780 0.000000 -0.223168
    outer loop
      vertex 176.747309 125.747309 60.000000
      vertex 174.000000 133.640202 72.000000
      vertex 174.000000 135.182872 72.000000
    endloop
  endfacet
  facet normal -0.831794 0.356871 -0.425162
    outer loop
      vertex 176.747309 125.747309 60.000000
      vertex 176.000000 124.005483 60.000000
      vertex 174.000000 133.640202 72.000000
    endloop
  endfacet
  facet normal -0.986394 0.000000 -0.164399
    outer loop
      vertex 176.000000 124.005483 60.000000
      vertex 174.000000 132.097532 72.000000
      vertex 174.000000 133.640202 72.000000
    endloop
  endfacet
  facet normal -0.609091 0.606791 -0.510697
    outer loop
      vertex 176.000000 124.005483 60.000000
      vertex 174.553339 122.553339 60.000000
      vertex 174.000000 132.097532 72.000000
    endloop
  endfacet
  facet normal -0.953650 0.212542 -0.213019
    outer loop
      vertex 174.553339 122.553339 60.000000
      vertex 173.685240 130.685240 72.000000
      vertex 174.000000 132.097532 72.000000
    endloop
  endfacet
  facet normal -0.328616 0.770643 -0.546005
    outer loop
      vertex 174.553339 122.553339 60.000000
      vertex 172.809908 121.809908 60.000000
      vertex 173.685240 130.685240 72.000000
    endloop
  endfacet
  facet normal -0.639602 0.639602 -0.426401
    outer loop
      vertex 172.809908 121.809908 60.000000
      vertex 172.594407 129.594407 72.000000
      vertex 173.685240 130.685240 72.000000
    endloop
  endfacet
  facet normal -0.639602 0.639602 -0.426401
    outer loop
      vertex 172.809908 121.809908 60.000000
      vertex 171.359369 120.359369 60.000000
      vertex 172.594407 129.594407 72.000000
    endloop
  endfacet
  facet normal -0.639602 0.639602 -0.426401
    outer loop
      vertex 171.359369 120.359369 60.000000
      vertex 171.503574 128.503574 72.000000
      vertex 172.594407 129.594407 72.000000
    endloop
  endfacet
  facet normal -0.639602 0.639602 -0.426401
    outer loop
      vertex 171.359369 120.359369 60.000000
      vertex 169.908831 118.908831 60.000000
      vertex 171.503574 128.503574 72.000000
    endloop
  endfacet
  facet normal -0.639602 0.639602 -0.426401
    outer loop
      vertex 169.908831 118.908831 60.000000
      vertex 170.412742 127.412742 72.000000
      vertex 171.503574 128.503574 72.000000
    endloop
  endfacet
  facet normal -0.639602 0.639602 -0.426401
    outer loop
      vertex 169.908831 118.908831 60.000000
      vertex 168.458293 117.458293 60.000000
      vertex 170.412742 127.412742 72.000000
    endloop
  endfacet
  facet normal -0.230793 0.767018 -0.598681
    outer loop
      vertex 168.458293 117.458293 60.000000
      vertex 169.041035 127.000000 72.000000
      vertex 170.412742 127.412742 72.000000
    endloop
  endfacet
  facet normal -0.625320 0.625320 -0.466852
    outer loop
      vertex 168.458293 117.458293 60.000000
      vertex 167.007755 116.007755 60.000000
      vertex 169.041035 127.000000 72.000000
    endloop
  endfacet
  facet normal -0.609679 0.633241 -0.476757
    outer loop
      vertex 167.007755 116.007755 60.000000
      vertex 167.938183 125.938183 72.000000
      vertex 169.041035 127.000000 72.000000
    endloop
  endfacet
  facet normal -0.437392 0.709175 -0.552954
    outer loop
      vertex 167.007755 116.007755 60.000000
      vertex 165.373810 115.000000 60.000000
      vertex 167.938183 125.938183 72.000000
    endloop
  endfacet
  facet normal -0.634113 0.634113 -0.442495
    outer loop
      vertex 165.373810 115.000000 60.000000
      vertex 166.847351 124.847351 72.000000
      vertex 167.938183 125.938183 72.000000
    endloop
  endfacet
  facet normal -0.439785 0.719998 -0.536836
    outer loop
      vertex 165.373810 115.000000 60.000000
      vertex 163.736652 114.000000 60.000000
      vertex 166.847351 124.847351 72.000000
    endloop
  endfacet
  facet normal -0.643401 0.643401 -0.414814
    outer loop
      vertex 163.736652 114.000000 60.000000
      vertex 165.756518 123.756518 72.000000
      vertex 166.847351 124.847351 72.000000
    endloop
  endfacet
  facet normal -0.088610 0.780104 -0.619343
    outer loop
      vertex 163.736652 114.000000 60.000000
      vertex 161.777460 113.777460 60.000000
      vertex 165.756518 123.756518 72.000000
    endloop
  endfacet
  facet normal -0.666667 0.666667 -0.333333
    outer loop
      vertex 161.777460 113.777460 60.000000
      vertex 164.665685 122.665685 72.000000
      vertex 165.756518 123.756518 72.000000
    endloop
  endfacet
  facet normal -0.355179 0.790040 -0.499684
    outer loop
      vertex 161.777460 113.777460 60.000000
      vertex 160.048124 113.000000 60.000000
      vertex 164.665685 122.665685 72.000000
    endloop
  endfacet
  facet normal -0.410288 0.780860 -0.471085
    outer loop
      vertex 160.048124 113.000000 60.000000
      vertex 163.398751 122.000000 72.000000
      vertex 164.665685 122.665685 72.000000
    endloop
  endfacet
  facet normal -0.467258 0.764975 -0.443264
    outer loop
      vertex 160.048124 113.000000 60.000000
      vertex 158.410967 112.000000 60.000000
      vertex 163.398751 122.000000 72.000000
    endloop
  endfacet
  facet normal -0.505375 0.754510 -0.418700
    outer loop
      vertex 158.410967 112.000000 60.000000
      vertex 162.191127 121.191127 72.000000
      vertex 163.398751 122.000000 72.000000
    endloop
  endfacet
  facet normal 0.000000 0.793890 -0.608062
    outer loop
      vertex 158.410967 112.000000 60.000000
      vertex 156.359596 112.000000 60.000000
      vertex 162.191127 121.191127 72.000000
    endloop
  endfacet
  facet normal -0.693645 0.693645 -0.194197
    outer loop
      vertex 156.359596 112.000000 60.000000
      vertex 161.100294 120.100294 72.000000
      vertex 162.191127 121.191127 72.000000
    endloop
  endfacet
  facet normal 0.000000 0.828839 -0.559487
    outer loop
      vertex 156.359596 112.000000 60.000000
      vertex 154.308225 112.000000 60.000000
      vertex 161.100294 120.100294 72.000000
    endloop
  endfacet
  facet normal -0.705015 0.705015 -0.076860
    outer loop
      vertex 154.308225 112.000000 60.000000
      vertex 160.009462 119.009462 72.000000
      vertex 161.100294 120.100294 72.000000
    endloop
  endfacet
  facet normal 0.000000 0.863482 -0.504379
    outer loop
      vertex 154.308225 112.000000 60.000000
      vertex 152.256854 112.000000 60.000000
      vertex 160.009462 119.009462 72.000000
    endloop
  endfacet
  facet normal -0.873297 0.242177 0.422733
    outer loop
      vertex 152.256854 112.000000 60.000000
      vertex 159.625736 117.625736 72.000000
      vertex 160.009462 119.009462 72.000000
    endloop
  endfacet
  facet normal 0.000000 0.905438 -0.424479
    outer loop
      vertex 152.256854 112.000000 60.000000
      vertex 150.205483 112.000000 60.000000
      vertex 159.625736 117.625736 72.000000
    endloop
  endfacet
  facet normal -0.690067 0.690067 0.218206
    outer loop
      vertex 150.205483 112.000000 60.000000
      vertex 158.534903 116.534903 72.000000
      vertex 159.625736 117.625736 72.000000
    endloop
  endfacet
  facet normal 0.000000 0.935432 -0.353508
    outer loop
      vertex 150.205483 112.000000 60.000000
      vertex 148.154113 112.000000 60.000000
      vertex 158.534903 116.534903 72.000000
    endloop
  endfacet
  facet normal -0.375172 0.926601 -0.025622
    outer loop
      vertex 148.154113 112.000000 60.000000
      vertex 157.213797 116.000000 72.000000
      vertex 158.534903 116.534903 72.000000
    endloop
  endfacet
  facet normal 0.000000 0.948683 -0.316228
    outer loop
      vertex 148.154113 112.000000 60.000000
      vertex 146.102742 112.000000 60.000000
      vertex 157.213797 116.000000 72.000000
    endloop
  endfacet
  facet normal 0.000000 0.948683 -0.316228
    outer loop
      vertex 146.102742 112.000000 60.000000
      vertex 155.671127 116.000000 72.000000
      vertex 157.213797 116.000000 72.000000
    endloop
  endfacet
  facet normal 0.000000 0.948683 -0.316228
    outer loop
      vertex 146.102742 112.000000 60.000000
      vertex 144.051371 112.000000 60.000000
      vertex 155.671127 116.000000 72.000000
    endloop
  endfacet
  facet normal 0.000000 0.948683 -0.316228
    outer loop
      vertex 144.051371 112.000000 60.000000
      vertex 154.128457 116.000000 72.000000
      vertex 155.671127 116.000000 72.000000
    endloop
  endfacet
  facet normal 0.000000 0.948683 -0.316228
    outer loop
      vertex 144.051371 112.000000 60.000000
      vertex 142.000000 112.000000 60.000000
      vertex 154.128457 116.000000 72.000000
    endloop
  endfacet
  facet normal -0.611295 0.689820 0.387899
    outer loop
      vertex 142.000000 112.000000 60.000000
      vertex 153.000000 115.000000 72.000000
      vertex 154.128457 116.000000 72.000000
    endloop
  endfacet
  facet normal 0.662872 0.748022 0.032605
    outer loop
      vertex 153.000000 115.000000 72.000000
      vertex 151.871543 116.000000 72.000000
      vertex 158.000000 109.000000 108.000000
    endloop
  endfacet
  facet normal 0.469164 0.878417 0.090935
    outer loop
      vertex 151.871543 116.000000 72.000000
      vertex 156.127696 110.000000 108.000000
      vertex 158.000000 109.000000 108.000000
    endloop
  endfacet
  facet normal 0.000000 0.986394 0.164399
    outer loop
      vertex 151.871543 116.000000 72.000000
      vertex 150.328873 116.000000 72.000000
      vertex 156.127696 110.000000 108.000000
    endloop
  endfacet
  facet normal 0.386286 0.917903 0.090761
    outer loop
      vertex 150.328873 116.000000 72.000000
      vertex 154.180589 110.819411 108.000000
      vertex 156.127696 110.000000 108.000000
    endloop
  endfacet
  facet normal 0.000000 0.989804 0.142438
    outer loop
      vertex 150.328873 116.000000 72.000000
      vertex 148.786203 116.000000 72.000000
      vertex 154.180589 110.819411 108.000000
    endloop
  endfacet
  facet normal 0.090836 0.987541 0.128501
    outer loop
      vertex 148.786203 116.000000 72.000000
      vertex 151.977990 111.022010 108.000000
      vertex 154.180589 110.819411 108.000000
    endloop
  endfacet
  facet normal 0.373617 0.922760 0.094472
    outer loop
      vertex 148.786203 116.000000 72.000000
      vertex 147.465097 116.534903 72.000000
      vertex 151.977990 111.022010 108.000000
    endloop
  endfacet
  facet normal 0.459824 0.884593 0.077820
    outer loop
      vertex 147.465097 116.534903 72.000000
      vertex 150.096569 112.000000 108.000000
      vertex 151.977990 111.022010 108.000000
    endloop
  endfacet
  facet normal 0.324254 0.941202 0.094861
    outer loop
      vertex 147.465097 116.534903 72.000000
      vertex 146.115076 117.000000 72.000000
      vertex 150.096569 112.000000 108.000000
    endloop
  endfacet
  facet normal 0.469952 0.879893 0.070232
    outer loop
      vertex 146.115076 117.000000 72.000000
      vertex 148.224264 113.000000 108.000000
      vertex 150.096569 112.000000 108.000000
    endloop
  endfacet
  facet normal 0.000000 0.993884 0.110432
    outer loop
      vertex 146.115076 117.000000 72.000000
      vertex 144.572405 117.000000 72.000000
      vertex 148.224264 113.000000 108.000000
    endloop
  endfacet
  facet normal 0.354601 0.932567 0.067648
    outer loop
      vertex 144.572405 117.000000 72.000000
      vertex 146.248873 113.751127 108.000000
      vertex 148.224264 113.000000 108.000000
    endloop
  endfacet
  facet normal 0.477881 0.876583 0.056854
    outer loop
      vertex 144.572405 117.000000 72.000000
      vertex 143.313919 117.686081 72.000000
      vertex 146.248873 113.751127 108.000000
    endloop
  endfacet
  facet normal 0.429190 0.900980 0.063491
    outer loop
      vertex 143.313919 117.686081 72.000000
      vertex 144.339167 114.660833 108.000000
      vertex 146.248873 113.751127 108.000000
    endloop
  endfacet
  facet normal 0.706562 0.706562 0.039253
    outer loop
      vertex 143.313919 117.686081 72.000000
      vertex 142.223087 118.776913 72.000000
      vertex 144.339167 114.660833 108.000000
    endloop
  endfacet
  facet normal 0.428757 0.900072 0.077708
    outer loop
      vertex 142.223087 118.776913 72.000000
      vertex 142.429462 115.570538 108.000000
      vertex 144.339167 114.660833 108.000000
    endloop
  endfacet
  facet normal 0.705882 0.705882 0.058824
    outer loop
      vertex 142.223087 118.776913 72.000000
      vertex 141.132254 119.867746 72.000000
      vertex 142.429462 115.570538 108.000000
    endloop
  endfacet
  facet normal 0.643332 0.762575 0.067845
    outer loop
      vertex 141.132254 119.867746 72.000000
      vertex 140.735046 117.000000 108.000000
      vertex 142.429462 115.570538 108.000000
    endloop
  endfacet
  facet normal 0.963143 0.267092 0.031903
    outer loop
      vertex 141.132254 119.867746 72.000000
      vertex 140.748528 121.251472 72.000000
      vertex 140.735046 117.000000 108.000000
    endloop
  endfacet
  facet normal 0.511110 0.853562 0.100994
    outer loop
      vertex 140.748528 121.251472 72.000000
      vertex 138.902944 118.097056 108.000000
      vertex 140.735046 117.000000 108.000000
    endloop
  endfacet
  facet normal 0.703721 0.703721 0.097739
    outer loop
      vertex 140.748528 121.251472 72.000000
      vertex 139.657696 122.342304 72.000000
      vertex 138.902944 118.097056 108.000000
    endloop
  endfacet
  facet normal 0.703721 0.703721 0.097739
    outer loop
      vertex 139.657696 122.342304 72.000000
      vertex 137.286131 119.713869 108.000000
      vertex 138.902944 118.097056 108.000000
    endloop
  endfacet
  facet normal 0.703721 0.703721 0.097739
    outer loop
      vertex 139.657696 122.342304 72.000000
      vertex 138.566863 123.433137 72.000000
      vertex 137.286131 119.713869 108.000000
    endloop
  endfacet
  facet normal 0.990225 0.130689 0.048730
    outer loop
      vertex 138.566863 123.433137 72.000000
      vertex 137.000000 121.881867 108.000000
      vertex 137.286131 119.713869 108.000000
    endloop
  endfacet
  facet normal 0.705784 0.705784 0.061131
    outer loop
      vertex 138.566863 123.433137 72.000000
      vertex 137.476030 124.523970 72.000000
      vertex 137.000000 121.881867 108.000000
    endloop
  endfacet
  facet normal 0.881130 0.470613 0.046190
    outer loop
      vertex 137.476030 124.523970 72.000000
      vertex 136.000000 123.754172 108.000000
      vertex 137.000000 121.881867 108.000000
    endloop
  endfacet
  facet normal 0.706420 0.706420 0.044069
    outer loop
      vertex 137.476030 124.523970 72.000000
      vertex 136.385198 125.614802 72.000000
      vertex 136.000000 123.754172 108.000000
    endloop
  endfacet
  facet normal 0.881569 0.470847 0.033768
    outer loop
      vertex 136.385198 125.614802 72.000000
      vertex 135.000000 125.626476 108.000000
      vertex 136.000000 123.754172 108.000000
    endloop
  endfacet
  facet normal 0.706850 0.706850 0.026969
    outer loop
      vertex 136.385198 125.614802 72.000000
      vertex 135.294365 126.705635 72.000000
      vertex 135.000000 125.626476 108.000000
    endloop
  endfacet
  facet normal 0.952360 0.304505 0.016915
    outer loop
      vertex 135.294365 126.705635 72.000000
      vertex 134.354416 127.645584 108.000000
      vertex 135.000000 125.626476 108.000000
    endloop
  endfacet
  facet normal 0.707107 0.707107 0.000000
    outer loop
      vertex 135.294365 126.705635 72.000000
      vertex 134.203532 127.796468 72.000000
      vertex 134.354416 127.645584 108.000000
    endloop
  endfacet
  facet normal 0.786614 0.617445 -0.000709
    outer loop
      vertex 134.203532 127.796468 72.000000
      vertex 133.000000 129.371085 108.000000
      vertex 134.354416 127.645584 108.000000
    endloop
  endfacet
  facet normal 0.707088 0.707088 -0.007289
    outer loop
      vertex 134.203532 127.796468 72.000000
      vertex 133.112700 128.887300 72.000000
      vertex 133.000000 129.371085 108.000000
    endloop
  endfacet
  facet normal 0.882066 0.471112 -0.003570
    outer loop
      vertex 133.112700 128.887300 72.000000
      vertex 132.000000 131.243390 108.000000
      vertex 133.000000 129.371085 108.000000
    endloop
  endfacet
  facet normal 0.706896 0.706896 -0.024415
    outer loop
      vertex 133.112700 128.887300 72.000000
      vertex 132.021867 129.978133 72.000000
      vertex 132.000000 131.243390 108.000000
    endloop
  endfacet
  facet normal 1.000000 0.000000 0.000607
    outer loop
      vertex 132.021867 129.978133 72.000000
      vertex 132.000000 133.529908 108.000000
      vertex 132.000000 131.243390 108.000000
    endloop
  endfacet
  facet normal 0.963313 0.267140 -0.025771
    outer loop
      vertex 132.021867 129.978133 72.000000
      vertex 131.638141 131.361859 72.000000
      vertex 132.000000 133.529908 108.000000
    endloop
  endfacet
  facet normal 0.881461 0.470789 -0.037213
    outer loop
      vertex 131.638141 131.361859 72.000000
      vertex 131.000000 135.402212 108.000000
      vertex 132.000000 133.529908 108.000000
    endloop
  endfacet
  facet normal 0.705533 0.705533 -0.066677
    outer loop
      vertex 131.638141 131.361859 72.000000
      vertex 130.547309 132.452691 72.000000
      vertex 131.000000 135.402212 108.000000
    endloop
  endfacet
  facet normal 0.999921 0.000000 -0.012574
    outer loop
      vertex 130.547309 132.452691 72.000000
      vertex 131.000000 137.688730 108.000000
      vertex 131.000000 135.402212 108.000000
    endloop
  endfacet
  facet normal 0.921235 0.383140 -0.067310
    outer loop
      vertex 130.547309 132.452691 72.000000
      vertex 130.000000 133.768659 72.000000
      vertex 131.000000 137.688730 108.000000
    endloop
  endfacet
  facet normal 0.999614 0.000000 -0.027767
    outer loop
      vertex 130.000000 133.768659 72.000000
      vertex 131.000000 139.975248 108.000000
      vertex 131.000000 137.688730 108.000000
    endloop
  endfacet
  facet normal 0.987291 0.149740 -0.053241
    outer loop
      vertex 130.000000 133.768659 72.000000
      vertex 129.779857 135.220143 72.000000
      vertex 131.000000 139.975248 108.000000
    endloop
  endfacet
  facet normal 0.999426 0.000000 -0.033873
    outer loop
      vertex 129.779857 135.220143 72.000000
      vertex 131.000000 142.261766 108.000000
      vertex 131.000000 139.975248 108.000000
    endloop
  endfacet
  facet normal 0.835040 0.533937 -0.132740
    outer loop
      vertex 129.779857 135.220143 72.000000
      vertex 129.000000 136.439786 72.000000
      vertex 131.000000 142.261766 108.000000
    endloop
  endfacet
  facet normal 0.875239 0.467466 -0.124224
    outer loop
      vertex 129.000000 136.439786 72.000000
      vertex 130.000000 144.134071 108.000000
      vertex 131.000000 142.261766 108.000000
    endloop
  endfacet
  facet normal 0.999614 0.000000 -0.027767
    outer loop
      vertex 129.000000 136.439786 72.000000
      vertex 129.000000 137.982456 72.000000
      vertex 130.000000 144.134071 108.000000
    endloop
  endfacet
  facet normal 0.999614 0.000000 -0.027767
    outer loop
      vertex 129.000000 137.982456 72.000000
      vertex 130.000000 146.420589 108.000000
      vertex 130.000000 144.134071 108.000000
    endloop
  endfacet
  facet normal 0.737061 0.653158 -0.173569
    outer loop
      vertex 129.000000 137.982456 72.000000
      vertex 128.000000 139.110913 72.000000
      vertex 130.000000 146.420589 108.000000
    endloop
  endfacet
  facet normal 0.998460 0.000000 -0.055470
    outer loop
      vertex 128.000000 139.110913 72.000000
      vertex 130.000000 148.707107 108.000000
      vertex 130.000000 146.420589 108.000000
    endloop
  endfacet
  facet normal 0.998460 0.000000 -0.055470
    outer loop
      vertex 128.000000 139.110913 72.000000
      vertex 128.000000 140.653583 72.000000
      vertex 130.000000 148.707107 108.000000
    endloop
  endfacet
  facet normal 0.998460 0.000000 -0.055470
    outer loop
      vertex 128.000000 140.653583 72.000000
      vertex 130.000000 150.993625 108.000000
      vertex 130.000000 148.707107 108.000000
    endloop
  endfacet
  facet normal 0.998460 0.000000 -0.055470
    outer loop
      vertex 128.000000 140.653583 72.000000
      vertex 128.000000 142.196253 72.000000
      vertex 130.000000 150.993625 108.000000
    endloop
  endfacet
  facet normal 0.998460 0.000000 -0.055470
    outer loop
      vertex 128.000000 142.196253 72.000000
      vertex 130.000000 153.280143 108.000000
      vertex 130.000000 150.993625 108.000000
    endloop
  endfacet
  facet normal 0.998460 0.000000 -0.055470
    outer loop
      vertex 128.000000 142.196253 72.000000
      vertex 128.000000 143.738924 72.000000
      vertex 130.000000 153.280143 108.000000
    endloop
  endfacet
  facet normal 0.896668 -0.437726 0.066197
    outer loop
      vertex 128.000000 143.738924 72.000000
      vertex 130.892203 155.107797 108.000000
      vertex 130.000000 153.280143 108.000000
    endloop
  endfacet
  facet normal 0.990155 -0.135021 -0.036908
    outer loop
      vertex 128.000000 143.738924 72.000000
      vertex 128.199117 145.199117 72.000000
      vertex 130.892203 155.107797 108.000000
    endloop
  endfacet
  facet normal 0.989457 0.102565 -0.102249
    outer loop
      vertex 128.199117 145.199117 72.000000
      vertex 130.724609 156.724609 108.000000
      vertex 130.892203 155.107797 108.000000
    endloop
  endfacet
  facet normal 0.828325 -0.547835 0.117282
    outer loop
      vertex 128.199117 145.199117 72.000000
      vertex 129.000000 146.410051 72.000000
      vertex 130.724609 156.724609 108.000000
    endloop
  endfacet
  facet normal 0.697252 -0.697252 0.166371
    outer loop
      vertex 129.000000 146.410051 72.000000
      vertex 132.341421 158.341421 108.000000
      vertex 130.724609 156.724609 108.000000
    endloop
  endfacet
  facet normal 0.880021 -0.469165 0.073813
    outer loop
      vertex 129.000000 146.410051 72.000000
      vertex 129.673675 147.673675 72.000000
      vertex 132.341421 158.341421 108.000000
    endloop
  endfacet
  facet normal 0.698535 -0.698535 0.155230
    outer loop
      vertex 129.673675 147.673675 72.000000
      vertex 133.958234 159.958234 108.000000
      vertex 132.341421 158.341421 108.000000
    endloop
  endfacet
  facet normal 0.980322 -0.190523 -0.051660
    outer loop
      vertex 129.673675 147.673675 72.000000
      vertex 129.942599 149.057401 72.000000
      vertex 133.958234 159.958234 108.000000
    endloop
  endfacet
  facet normal 0.479269 -0.853403 0.204951
    outer loop
      vertex 129.942599 149.057401 72.000000
      vertex 135.813238 161.000000 108.000000
      vertex 133.958234 159.958234 108.000000
    endloop
  endfacet
  facet normal 0.733634 0.600159 -0.318732
    outer loop
      vertex 129.942599 149.057401 72.000000
      vertex 129.000000 150.209634 72.000000
      vertex 135.813238 161.000000 108.000000
    endloop
  endfacet
  facet normal 0.660912 -0.744046 0.097933
    outer loop
      vertex 129.000000 150.209634 72.000000
      vertex 137.484752 162.484752 108.000000
      vertex 135.813238 161.000000 108.000000
    endloop
  endfacet
  facet normal 0.923891 -0.371673 -0.091018
    outer loop
      vertex 129.000000 150.209634 72.000000
      vertex 129.531960 151.531960 72.000000
      vertex 137.484752 162.484752 108.000000
    endloop
  endfacet
  facet normal 0.672497 -0.736245 0.075436
    outer loop
      vertex 129.531960 151.531960 72.000000
      vertex 139.143633 164.000000 108.000000
      vertex 137.484752 162.484752 108.000000
    endloop
  endfacet
  facet normal 0.705997 -0.705997 0.056016
    outer loop
      vertex 129.531960 151.531960 72.000000
      vertex 130.622792 152.622792 72.000000
      vertex 139.143633 164.000000 108.000000
    endloop
  endfacet
  facet normal 0.464661 -0.869987 0.164964
    outer loop
      vertex 130.622792 152.622792 72.000000
      vertex 141.015938 165.000000 108.000000
      vertex 139.143633 164.000000 108.000000
    endloop
  endfacet
  facet normal 0.706570 -0.706570 0.038941
    outer loop
      vertex 130.622792 152.622792 72.000000
      vertex 131.713625 153.713625 72.000000
      vertex 141.015938 165.000000 108.000000
    endloop
  endfacet
  facet normal 0.429107 -0.887607 0.167394
    outer loop
      vertex 131.713625 153.713625 72.000000
      vertex 142.920975 165.920975 108.000000
      vertex 141.015938 165.000000 108.000000
    endloop
  endfacet
  facet normal 0.706970 -0.706970 0.019638
    outer loop
      vertex 131.713625 153.713625 72.000000
      vertex 132.804457 154.804457 72.000000
      vertex 142.920975 165.920975 108.000000
    endloop
  endfacet
  facet normal 0.033575 -0.957565 0.286254
    outer loop
      vertex 132.804457 154.804457 72.000000
      vertex 145.174760 166.000000 108.000000
      vertex 142.920975 165.920975 108.000000
    endloop
  endfacet
  facet normal 0.706919 -0.706919 -0.023068
    outer loop
      vertex 132.804457 154.804457 72.000000
      vertex 133.895290 155.895290 72.000000
      vertex 145.174760 166.000000 108.000000
    endloop
  endfacet
  facet normal 0.000000 -0.962792 0.270243
    outer loop
      vertex 133.895290 155.895290 72.000000
      vertex 147.461279 166.000000 108.000000
      vertex 145.174760 166.000000 108.000000
    endloop
  endfacet
  facet normal 0.705478 -0.705478 -0.067829
    outer loop
      vertex 133.895290 155.895290 72.000000
      vertex 134.986123 156.986123 72.000000
      vertex 147.461279 166.000000 108.000000
    endloop
  endfacet
  facet normal -0.235408 -0.920442 0.312042
    outer loop
      vertex 134.986123 156.986123 72.000000
      vertex 149.528772 165.471228 108.000000
      vertex 147.461279 166.000000 108.000000
    endloop
  endfacet
  facet normal 0.916101 -0.254047 -0.310192
    outer loop
      vertex 134.986123 156.986123 72.000000
      vertex 135.369848 158.369848 72.000000
      vertex 149.528772 165.471228 108.000000
    endloop
  endfacet
  facet normal -0.406263 -0.852851 0.328018
    outer loop
      vertex 135.369848 158.369848 72.000000
      vertex 151.438478 164.561522 108.000000
      vertex 149.528772 165.471228 108.000000
    endloop
  endfacet
  facet normal 0.694164 -0.694164 -0.190451
    outer loop
      vertex 135.369848 158.369848 72.000000
      vertex 136.460681 159.460681 72.000000
      vertex 151.438478 164.561522 108.000000
    endloop
  endfacet
  facet normal -0.256054 -0.936591 0.239237
    outer loop
      vertex 136.460681 159.460681 72.000000
      vertex 153.492405 164.000000 108.000000
      vertex 151.438478 164.561522 108.000000
    endloop
  endfacet
  facet normal 0.377669 -0.923850 -0.062186
    outer loop
      vertex 136.460681 159.460681 72.000000
      vertex 137.779958 160.000000 72.000000
      vertex 153.492405 164.000000 108.000000
    endloop
  endfacet
  facet normal -0.450794 -0.844024 0.290533
    outer loop
      vertex 137.779958 160.000000 72.000000
      vertex 155.364710 163.000000 108.000000
      vertex 153.492405 164.000000 108.000000
    endloop
  endfacet
  facet normal 0.000000 -0.996546 0.083045
    outer loop
      vertex 137.779958 160.000000 72.000000
      vertex 139.322628 160.000000 72.000000
      vertex 155.364710 163.000000 108.000000
    endloop
  endfacet
  facet normal 0.000000 -0.996546 0.083045
    outer loop
      vertex 139.322628 160.000000 72.000000
      vertex 157.651228 163.000000 108.000000
      vertex 155.364710 163.000000 108.000000
    endloop
  endfacet
  facet normal 0.000000 -0.996546 0.083045
    outer loop
      vertex 139.322628 160.000000 72.000000
      vertex 140.865299 160.000000 72.000000
      vertex 157.651228 163.000000 108.000000
    endloop
  endfacet
  facet normal 0.000000 -0.996546 0.083045
    outer loop
      vertex 140.865299 160.000000 72.000000
      vertex 159.937746 163.000000 108.000000
      vertex 157.651228 163.000000 108.000000
    endloop
  endfacet
  facet normal 0.635220 -0.721165 -0.276436
    outer loop
      vertex 140.865299 160.000000 72.000000
      vertex 141.995584 160.995584 72.000000
      vertex 159.937746 163.000000 108.000000
    endloop
  endfacet
  facet normal 0.000000 -0.998454 0.055592
    outer loop
      vertex 141.995584 160.995584 72.000000
      vertex 162.224264 163.000000 108.000000
      vertex 159.937746 163.000000 108.000000
    endloop
  endfacet
  facet normal 0.631495 -0.708332 -0.315403
    outer loop
      vertex 141.995584 160.995584 72.000000
      vertex 143.122212 162.000000 72.000000
      vertex 162.224264 163.000000 108.000000
    endloop
  endfacet
  facet normal 0.166345 -0.984184 -0.060926
    outer loop
      vertex 143.122212 162.000000 72.000000
      vertex 164.361177 163.361177 108.000000
      vertex 162.224264 163.000000 108.000000
    endloop
  endfacet
  facet normal -0.320952 -0.920190 0.224145
    outer loop
      vertex 143.122212 162.000000 72.000000
      vertex 144.470143 161.529857 72.000000
      vertex 164.361177 163.361177 108.000000
    endloop
  endfacet
  facet normal 0.299196 -0.946974 -0.117142
    outer loop
      vertex 144.470143 161.529857 72.000000
      vertex 166.383087 164.000000 108.000000
      vertex 164.361177 163.361177 108.000000
    endloop
  endfacet
  facet normal -0.357033 -0.891608 0.278501
    outer loop
      vertex 144.470143 161.529857 72.000000
      vertex 145.793339 161.000000 72.000000
      vertex 166.383087 164.000000 108.000000
    endloop
  endfacet
  facet normal 0.533288 -0.811956 -0.237344
    outer loop
      vertex 145.793339 161.000000 72.000000
      vertex 168.180589 165.180589 108.000000
      vertex 166.383087 164.000000 108.000000
    endloop
  endfacet
  facet normal 0.000000 -0.993325 0.115352
    outer loop
      vertex 145.793339 161.000000 72.000000
      vertex 147.336009 161.000000 72.000000
      vertex 168.180589 165.180589 108.000000
    endloop
  endfacet
  facet normal 0.672025 -0.672025 -0.311073
    outer loop
      vertex 147.336009 161.000000 72.000000
      vertex 169.797401 166.797401 108.000000
      vertex 168.180589 165.180589 108.000000
    endloop
  endfacet
  facet normal 0.000000 -0.987280 0.158991
    outer loop
      vertex 147.336009 161.000000 72.000000
      vertex 148.878680 161.000000 72.000000
      vertex 169.797401 166.797401 108.000000
    endloop
  endfacet
  facet normal 0.677841 -0.677841 -0.284718
    outer loop
      vertex 148.878680 161.000000 72.000000
      vertex 171.414214 168.414214 108.000000
      vertex 169.797401 166.797401 108.000000
    endloop
  endfacet
  facet normal 0.641722 -0.724156 -0.252570
    outer loop
      vertex 148.878680 161.000000 72.000000
      vertex 150.007136 162.000000 72.000000
      vertex 171.414214 168.414214 108.000000
    endloop
  endfacet
  facet normal 0.275505 -0.961271 0.007445
    outer loop
      vertex 150.007136 162.000000 72.000000
      vertex 173.458091 169.000000 108.000000
      vertex 171.414214 168.414214 108.000000
    endloop
  endfacet
  facet normal 0.000000 -0.981615 0.190870
    outer loop
      vertex 150.007136 162.000000 72.000000
      vertex 151.549807 162.000000 72.000000
      vertex 173.458091 169.000000 108.000000
    endloop
  endfacet
  facet normal 0.000000 -0.981615 0.190870
    outer loop
      vertex 151.549807 162.000000 72.000000
      vertex 175.744609 169.000000 108.000000
      vertex 173.458091 169.000000 108.000000
    endloop
  endfacet
  facet normal 0.000000 -0.981615 0.190870
    outer loop
      vertex 151.549807 162.000000 72.000000
      vertex 153.092477 162.000000 72.000000
      vertex 175.744609 169.000000 108.000000
    endloop
  endfacet
  facet normal 0.316147 -0.948600 -0.014478
    outer loop
      vertex 153.092477 162.000000 72.000000
      vertex 177.436224 169.563776 108.000000
      vertex 175.744609 169.000000 108.000000
    endloop
  endfacet
  facet normal 0.000000 -0.978633 0.205616
    outer loop
      vertex 153.092477 162.000000 72.000000
      vertex 154.635147 162.000000 72.000000
      vertex 177.436224 169.563776 108.000000
    endloop
  endfacet
  facet normal -0.607296 -0.607296 0.512234
    outer loop
      vertex 154.635147 162.000000 72.000000
      vertex 179.053036 167.946964 108.000000
      vertex 177.436224 169.563776 108.000000
    endloop
  endfacet
  facet normal 0.000000 -0.986629 0.162985
    outer loop
      vertex 154.635147 162.000000 72.000000
      vertex 156.177817 162.000000 72.000000
      vertex 179.053036 167.946964 108.000000
    endloop
  endfacet
  facet normal -0.615343 -0.615343 0.492653
    outer loop
      vertex 156.177817 162.000000 72.000000
      vertex 180.669848 166.330152 108.000000
      vertex 179.053036 167.946964 108.000000
    endloop
  endfacet
  facet normal 0.000000 -0.992844 0.119421
    outer loop
      vertex 156.177817 162.000000 72.000000
      vertex 157.720488 162.000000 72.000000
      vertex 180.669848 166.330152 108.000000
    endloop
  endfacet
  facet normal -0.547705 -0.714632 0.435109
    outer loop
      vertex 157.720488 162.000000 72.000000
      vertex 182.405400 165.000000 108.000000
      vertex 180.669848 166.330152 108.000000
    endloop
  endfacet
  facet normal -0.545870 -0.716694 0.434023
    outer loop
      vertex 157.720488 162.000000 72.000000
      vertex 158.893188 161.106812 72.000000
      vertex 182.405400 165.000000 108.000000
    endloop
  endfacet
  facet normal -0.506028 -0.757527 0.412418
    outer loop
      vertex 158.893188 161.106812 72.000000
      vertex 184.196367 163.803633 108.000000
      vertex 182.405400 165.000000 108.000000
    endloop
  endfacet
  facet normal -0.619586 -0.619586 0.481900
    outer loop
      vertex 158.893188 161.106812 72.000000
      vertex 159.984020 160.015980 72.000000
      vertex 184.196367 163.803633 108.000000
    endloop
  endfacet
  facet normal -0.830013 0.004900 0.557722
    outer loop
      vertex 159.984020 160.015980 72.000000
      vertex 184.186821 162.186821 108.000000
      vertex 184.196367 163.803633 108.000000
    endloop
  endfacet
  facet normal -0.259981 -0.937498 0.231317
    outer loop
      vertex 159.984020 160.015980 72.000000
      vertex 161.367746 159.632254 72.000000
      vertex 184.186821 162.186821 108.000000
    endloop
  endfacet
  facet normal -0.844743 0.071438 0.530382
    outer loop
      vertex 161.367746 159.632254 72.000000
      vertex 184.000000 159.977687 108.000000
      vertex 184.186821 162.186821 108.000000
    endloop
  endfacet
  facet normal -0.425487 -0.861926 0.275763
    outer loop
      vertex 161.367746 159.632254 72.000000
      vertex 162.648528 159.000000 72.000000
      vertex 184.000000 159.977687 108.000000
    endloop
  endfacet
  facet normal -0.789564 -0.383953 0.478715
    outer loop
      vertex 162.648528 159.000000 72.000000
      vertex 184.925483 158.074517 108.000000
      vertex 184.000000 159.977687 108.000000
    endloop
  endfacet
  facet normal -0.090524 -0.995429 0.030426
    outer loop
      vertex 162.648528 159.000000 72.000000
      vertex 164.135198 158.864802 72.000000
      vertex 184.925483 158.074517 108.000000
    endloop
  endfacet
  facet normal -0.658145 -0.658145 0.365636
    outer loop
      vertex 164.135198 158.864802 72.000000
      vertex 186.542296 156.457704 108.000000
      vertex 184.925483 158.074517 108.000000
    endloop
  endfacet
  facet normal -0.658145 -0.658145 0.365636
    outer loop
      vertex 164.135198 158.864802 72.000000
      vertex 165.226030 157.773970 72.000000
      vertex 186.542296 156.457704 108.000000
    endloop
  endfacet
  facet normal -0.616047 -0.711140 0.338771
    outer loop
      vertex 165.226030 157.773970 72.000000
      vertex 188.225013 155.000000 108.000000
      vertex 186.542296 156.457704 108.000000
    endloop
  endfacet
  facet normal -0.756087 -0.478846 0.446137
    outer loop
      vertex 165.226030 157.773970 72.000000
      vertex 166.000000 156.551888 72.000000
      vertex 188.225013 155.000000 108.000000
    endloop
  endfacet
  facet normal -0.456744 -0.855164 0.245112
    outer loop
      vertex 166.000000 156.551888 72.000000
      vertex 190.097317 154.000000 108.000000
      vertex 188.225013 155.000000 108.000000
    endloop
  endfacet
  facet normal -0.831012 0.000000 0.556254
    outer loop
      vertex 166.000000 156.551888 72.000000
      vertex 166.000000 155.009218 72.000000
      vertex 190.097317 154.000000 108.000000
    endloop
  endfacet
  facet normal 0.000000 -0.999607 -0.028023
    outer loop
      vertex 166.000000 155.009218 72.000000
      vertex 192.383836 154.000000 108.000000
      vertex 190.097317 154.000000 108.000000
    endloop
  endfacet
  facet normal -0.634955 -0.629602 0.447698
    outer loop
      vertex 166.000000 155.009218 72.000000
      vertex 167.084315 153.915685 72.000000
      vertex 192.383836 154.000000 108.000000
    endloop
  endfacet
  facet normal -0.512020 -0.779129 0.361654
    outer loop
      vertex 167.084315 153.915685 72.000000
      vertex 194.181118 152.818882 108.000000
      vertex 192.383836 154.000000 108.000000
    endloop
  endfacet
  facet normal -0.629740 -0.629740 0.454812
    outer loop
      vertex 167.084315 153.915685 72.000000
      vertex 168.175147 152.824853 72.000000
      vertex 194.181118 152.818882 108.000000
    endloop
  endfacet
  facet normal -0.767286 -0.322656 0.554225
    outer loop
      vertex 168.175147 152.824853 72.000000
      vertex 195.000000 150.871556 108.000000
      vertex 194.181118 152.818882 108.000000
    endloop
  endfacet
  facet normal -0.711969 -0.488982 0.503981
    outer loop
      vertex 168.175147 152.824853 72.000000
      vertex 169.000000 151.623848 72.000000
      vertex 195.000000 150.871556 108.000000
    endloop
  endfacet
  facet normal -0.747253 -0.399109 0.531343
    outer loop
      vertex 169.000000 151.623848 72.000000
      vertex 196.000000 148.999251 108.000000
      vertex 195.000000 150.871556 108.000000
    endloop
  endfacet
  facet normal -0.751997 -0.383633 0.536029
    outer loop
      vertex 169.000000 151.623848 72.000000
      vertex 169.649706 150.350294 72.000000
      vertex 196.000000 148.999251 108.000000
    endloop
  endfacet
  facet normal -0.806031 -0.074341 0.587186
    outer loop
      vertex 169.649706 150.350294 72.000000
      vertex 196.203128 146.796872 108.000000
      vertex 196.000000 148.999251 108.000000
    endloop
  endfacet
  facet normal -0.644400 -0.644400 0.411700
    outer loop
      vertex 169.649706 150.350294 72.000000
      vertex 170.740538 149.259462 72.000000
      vertex 196.203128 146.796872 108.000000
    endloop
  endfacet
  facet normal -0.771024 -0.367284 0.520216
    outer loop
      vertex 170.740538 149.259462 72.000000
      vertex 197.112834 144.887166 108.000000
      vertex 196.203128 146.796872 108.000000
    endloop
  endfacet
  facet normal -0.799274 -0.221649 0.558599
    outer loop
      vertex 170.740538 149.259462 72.000000
      vertex 171.124264 147.875736 72.000000
      vertex 197.112834 144.887166 108.000000
    endloop
  endfacet
  facet normal -0.771304 -0.356571 0.527207
    outer loop
      vertex 171.124264 147.875736 72.000000
      vertex 198.000000 142.968124 108.000000
      vertex 197.112834 144.887166 108.000000
    endloop
  endfacet
  facet normal -0.712949 -0.529147 0.460116
    outer loop
      vertex 171.124264 147.875736 72.000000
      vertex 172.000000 146.695807 72.000000
      vertex 198.000000 142.968124 108.000000
    endloop
  endfacet
  facet normal -0.768898 -0.377191 0.516258
    outer loop
      vertex 172.000000 146.695807 72.000000
      vertex 198.932245 141.067755 108.000000
      vertex 198.000000 142.968124 108.000000
    endloop
  endfacet
  facet normal -0.773670 -0.357856 0.522851
    outer loop
      vertex 172.000000 146.695807 72.000000
      vertex 172.598823 145.401177 72.000000
      vertex 198.932245 141.067755 108.000000
    endloop
  endfacet
  facet normal -0.808268 -0.024248 0.588316
    outer loop
      vertex 172.598823 145.401177 72.000000
      vertex 199.000000 138.809302 108.000000
      vertex 198.932245 141.067755 108.000000
    endloop
  endfacet
  facet normal -0.658982 -0.658982 0.362610
    outer loop
      vertex 172.598823 145.401177 72.000000
      vertex 173.689655 144.310345 72.000000
      vertex 199.000000 138.809302 108.000000
    endloop
  endfacet
  facet normal -0.818052 0.000000 0.575144
    outer loop
      vertex 173.689655 144.310345 72.000000
      vertex 199.000000 136.522784 108.000000
      vertex 199.000000 138.809302 108.000000
    endloop
  endfacet
  facet normal -0.822561 -0.180520 0.539264
    outer loop
      vertex 173.689655 144.310345 72.000000
      vertex 174.000000 142.896224 72.000000
      vertex 199.000000 136.522784 108.000000
    endloop
  endfacet
  facet normal -0.819626 -0.214576 0.531197
    outer loop
      vertex 174.000000 142.896224 72.000000
      vertex 199.540042 134.459958 108.000000
      vertex 199.000000 136.522784 108.000000
    endloop
  endfacet
  facet normal -0.815596 0.000000 0.578621
    outer loop
      vertex 174.000000 142.896224 72.000000
      vertex 174.000000 141.353553 72.000000
      vertex 199.540042 134.459958 108.000000
    endloop
  endfacet
  facet normal -0.818241 -0.179560 0.546114
    outer loop
      vertex 174.000000 141.353553 72.000000
      vertex 200.000000 132.363961 108.000000
      vertex 199.540042 134.459958 108.000000
    endloop
  endfacet
  facet normal -0.810679 0.000000 0.585491
    outer loop
      vertex 174.000000 141.353553 72.000000
      vertex 174.000000 139.810883 72.000000
      vertex 200.000000 132.363961 108.000000
    endloop
  endfacet
  facet normal -0.810679 0.000000 0.585491
    outer loop
      vertex 174.000000 139.810883 72.000000
      vertex 200.000000 130.077443 108.000000
      vertex 200.000000 132.363961 108.000000
    endloop
  endfacet
  facet normal -0.810679 0.000000 0.585491
    outer loop
      vertex 174.000000 139.810883 72.000000
      vertex 174.000000 138.268213 72.000000
      vertex 200.000000 130.077443 108.000000
    endloop
  endfacet
  facet normal -0.810679 0.000000 0.585491
    outer loop
      vertex 174.000000 138.268213 72.000000
      vertex 200.000000 127.790925 108.000000
      vertex 200.000000 130.077443 108.000000
    endloop
  endfacet
  facet normal -0.810679 0.000000 0.585491
    outer loop
      vertex 174.000000 138.268213 72.000000
      vertex 174.000000 136.725543 72.000000
      vertex 200.000000 127.790925 108.000000
    endloop
  endfacet
  facet normal -0.810679 0.000000 0.585491
    outer loop
      vertex 174.000000 136.725543 72.000000
      vertex 200.000000 125.504407 108.000000
      vertex 200.000000 127.790925 108.000000
    endloop
  endfacet
  facet normal -0.810679 0.000000 0.585491
    outer loop
      vertex 174.000000 136.725543 72.000000
      vertex 174.000000 135.182872 72.000000
      vertex 200.000000 125.504407 108.000000
    endloop
  endfacet
  facet normal -0.766185 0.205949 0.608724
    outer loop
      vertex 174.000000 135.182872 72.000000
      vertex 199.446964 123.446964 108.000000
      vertex 200.000000 125.504407 108.000000
    endloop
  endfacet
  facet normal -0.816592 0.000000 0.577216
    outer loop
      vertex 174.000000 135.182872 72.000000
      vertex 174.000000 133.640202 72.000000
      vertex 199.446964 123.446964 108.000000
    endloop
  endfacet
  facet normal -0.718803 0.342408 0.605045
    outer loop
      vertex 174.000000 133.640202 72.000000
      vertex 198.537258 121.537258 108.000000
      vertex 199.446964 123.446964 108.000000
    endloop
  endfacet
  facet normal -0.826315 0.000000 0.563208
    outer loop
      vertex 174.000000 133.640202 72.000000
      vertex 174.000000 132.097532 72.000000
      vertex 198.537258 121.537258 108.000000
    endloop
  endfacet
  facet normal -0.582174 0.582174 0.567580
    outer loop
      vertex 174.000000 132.097532 72.000000
      vertex 196.920446 119.920446 108.000000
      vertex 198.537258 121.537258 108.000000
    endloop
  endfacet
  facet normal -0.801486 0.178629 0.570711
    outer loop
      vertex 174.000000 132.097532 72.000000
      vertex 173.685240 130.685240 72.000000
      vertex 196.920446 119.920446 108.000000
    endloop
  endfacet
  facet normal -0.381156 0.788966 0.481925
    outer loop
      vertex 173.685240 130.685240 72.000000
      vertex 195.015189 119.000000 108.000000
      vertex 196.920446 119.920446 108.000000
    endloop
  endfacet
  facet normal -0.593281 0.593281 0.544091
    outer loop
      vertex 173.685240 130.685240 72.000000
      vertex 172.594407 129.594407 72.000000
      vertex 195.015189 119.000000 108.000000
    endloop
  endfacet
  facet normal -0.590779 0.596366 0.543441
    outer loop
      vertex 172.594407 129.594407 72.000000
      vertex 193.393928 117.393928 108.000000
      vertex 195.015189 119.000000 108.000000
    endloop
  endfacet
  facet normal -0.593362 0.593362 0.543915
    outer loop
      vertex 172.594407 129.594407 72.000000
      vertex 171.503574 128.503574 72.000000
      vertex 193.393928 117.393928 108.000000
    endloop
  endfacet
  facet normal -0.378393 0.794344 0.475223
    outer loop
      vertex 171.503574 128.503574 72.000000
      vertex 191.484222 116.484222 108.000000
      vertex 193.393928 117.393928 108.000000
    endloop
  endfacet
  facet normal -0.598671 0.598671 0.532152
    outer loop
      vertex 171.503574 128.503574 72.000000
      vertex 170.412742 127.412742 72.000000
      vertex 191.484222 116.484222 108.000000
    endloop
  endfacet
  facet normal -0.565377 0.636805 0.524241
    outer loop
      vertex 170.412742 127.412742 72.000000
      vertex 189.812489 115.000000 108.000000
      vertex 191.484222 116.484222 108.000000
    endloop
  endfacet
  facet normal -0.259207 0.861450 0.436709
    outer loop
      vertex 170.412742 127.412742 72.000000
      vertex 169.041035 127.000000 72.000000
      vertex 189.812489 115.000000 108.000000
    endloop
  endfacet
  facet normal 0.000000 0.948683 0.316228
    outer loop
      vertex 169.041035 127.000000 72.000000
      vertex 187.525971 115.000000 108.000000
      vertex 189.812489 115.000000 108.000000
    endloop
  endfacet
  facet normal -0.595719 0.618741 0.512131
    outer loop
      vertex 169.041035 127.000000 72.000000
      vertex 167.938183 125.938183 72.000000
      vertex 187.525971 115.000000 108.000000
    endloop
  endfacet
  facet normal -0.417237 0.781195 0.464378
    outer loop
      vertex 167.938183 125.938183 72.000000
      vertex 185.653667 114.000000 108.000000
      vertex 187.525971 115.000000 108.000000
    endloop
  endfacet
  facet normal -0.611018 0.611018 0.503303
    outer loop
      vertex 167.938183 125.938183 72.000000
      vertex 166.847351 124.847351 72.000000
      vertex 185.653667 114.000000 108.000000
    endloop
  endfacet
  facet normal -0.419365 0.785179 0.455662
    outer loop
      vertex 166.847351 124.847351 72.000000
      vertex 183.781362 113.000000 108.000000
      vertex 185.653667 114.000000 108.000000
    endloop
  endfacet
  facet normal -0.615554 0.615554 0.492125
    outer loop
      vertex 166.847351 124.847351 72.000000
      vertex 165.756518 123.756518 72.000000
      vertex 183.781362 113.000000 108.000000
    endloop
  endfacet
  facet normal 0.000000 0.958144 0.286286
    outer loop
      vertex 165.756518 123.756518 72.000000
      vertex 181.494844 113.000000 108.000000
      vertex 183.781362 113.000000 108.000000
    endloop
  endfacet
  facet normal -0.627252 0.627252 0.461638
    outer loop
      vertex 165.756518 123.756518 72.000000
      vertex 164.665685 122.665685 72.000000
      vertex 181.494844 113.000000 108.000000
    endloop
  endfacet
  facet normal -0.428480 0.802245 0.415700
    outer loop
      vertex 164.665685 122.665685 72.000000
      vertex 179.622540 112.000000 108.000000
      vertex 181.494844 113.000000 108.000000
    endloop
  endfacet
  facet normal -0.423286 0.805599 0.414536
    outer loop
      vertex 164.665685 122.665685 72.000000
      vertex 163.398751 122.000000 72.000000
      vertex 179.622540 112.000000 108.000000
    endloop
  endfacet
  facet normal 0.000000 0.963518 0.267644
    outer loop
      vertex 163.398751 122.000000 72.000000
      vertex 177.336022 112.000000 108.000000
      vertex 179.622540 112.000000 108.000000
    endloop
  endfacet
  facet normal -0.508201 0.758729 0.407506
    outer loop
      vertex 163.398751 122.000000 72.000000
      vertex 162.191127 121.191127 72.000000
      vertex 177.336022 112.000000 108.000000
    endloop
  endfacet
  facet normal 0.000000 0.968920 0.247374
    outer loop
      vertex 162.191127 121.191127 72.000000
      vertex 175.049504 112.000000 108.000000
      vertex 177.336022 112.000000 108.000000
    endloop
  endfacet
  facet normal -0.648867 0.648867 0.397422
    outer loop
      vertex 162.191127 121.191127 72.000000
      vertex 161.100294 120.100294 72.000000
      vertex 175.049504 112.000000 108.000000
    endloop
  endfacet
  facet normal -0.073064 0.966564 0.245796
    outer loop
      vertex 161.100294 120.100294 72.000000
      vertex 172.832405 111.832405 108.000000
      vertex 175.049504 112.000000 108.000000
    endloop
  endfacet
  facet normal -0.658145 0.658145 0.365636
    outer loop
      vertex 161.100294 120.100294 72.000000
      vertex 160.009462 119.009462 72.000000
      vertex 172.832405 111.832405 108.000000
    endloop
  endfacet
  facet normal -0.658145 0.658145 0.365636
    outer loop
      vertex 160.009462 119.009462 72.000000
      vertex 171.215593 110.215593 108.000000
      vertex 172.832405 111.832405 108.000000
    endloop
  endfacet
  facet normal -0.905150 0.251010 0.343072
    outer loop
      vertex 160.009462 119.009462 72.000000
      vertex 159.625736 117.625736 72.000000
      vertex 171.215593 110.215593 108.000000
    endloop
  endfacet
  facet normal -0.095035 0.968549 0.229959
    outer loop
      vertex 159.625736 117.625736 72.000000
      vertex 169.018377 110.000000 108.000000
      vertex 171.215593 110.215593 108.000000
    endloop
  endfacet
  facet normal -0.670631 0.670631 0.317029
    outer loop
      vertex 159.625736 117.625736 72.000000
      vertex 158.534903 116.534903 72.000000
      vertex 169.018377 110.000000 108.000000
    endloop
  endfacet
  facet normal -0.407501 0.870292 0.276647
    outer loop
      vertex 158.534903 116.534903 72.000000
      vertex 167.103289 109.103289 108.000000
      vertex 169.018377 110.000000 108.000000
    endloop
  endfacet
  facet normal -0.361333 0.892421 0.270227
    outer loop
      vertex 158.534903 116.534903 72.000000
      vertex 157.213797 116.000000 72.000000
      vertex 167.103289 109.103289 108.000000
    endloop
  endfacet
  facet normal -0.045057 0.978782 0.199888
    outer loop
      vertex 157.213797 116.000000 72.000000
      vertex 164.859554 109.000000 108.000000
      vertex 167.103289 109.103289 108.000000
    endloop
  endfacet
  facet normal 0.000000 0.981615 0.190870
    outer loop
      vertex 157.213797 116.000000 72.000000
      vertex 155.671127 116.000000 72.000000
      vertex 164.859554 109.000000 108.000000
    endloop
  endfacet
  facet normal 0.000000 0.981615 0.190870
    outer loop
      vertex 155.671127 116.000000 72.000000
      vertex 162.573036 109.000000 108.000000
      vertex 164.859554 109.000000 108.000000
    endloop
  endfacet
  facet normal 0.000000 0.981615 0.190870
    outer loop
      vertex 155.671127 116.000000 72.000000
      vertex 154.128457 116.000000 72.000000
      vertex 162.573036 109.000000 108.000000
    endloop
  endfacet
  facet normal 0.000000 0.981615 0.190870
    outer loop
      vertex 154.128457 116.000000 72.000000
      vertex 160.286518 109.000000 108.000000
      vertex 162.573036 109.000000 108.000000
    endloop
  endfacet
  facet normal -0.642044 0.724518 0.250705
    outer loop
      vertex 154.128457 116.000000 72.000000
      vertex 153.000000 115.000000 72.000000
      vertex 160.286518 109.000000 108.000000
    endloop
  endfacet
  facet normal 0.000000 0.986394 0.164399
    outer loop
      vertex 153.000000 115.000000 72.000000
      vertex 158.000000 109.000000 108.000000
      vertex 160.286518 109.000000 108.000000
    endloop
  endfacet
  facet normal 0.000000 0.000000 1.000000
    outer loop
      vertex 123.488270 143.670908 -120.000000
      vertex 119.069878 123.930122 -120.000000
      vertex 120.000000 123.000000 -120.000000
    endloop
  endfacet
  facet normal 0.000000 0.000000 1.000000
    outer loop
      vertex 123.488270 143.670908 -120.000000
      vertex 117.783431 124.000000 -120.000000
      vertex 119.069878 123.930122 -120.000000
    endloop
  endfacet
  facet normal 0.000000 0.000000 1.000000
    outer loop
      vertex 123.488270 143.670908 -120.000000
      vertex 116.623848 124.376152 -120.000000
      vertex 117.783431 124.000000 -120.000000
    endloop
  endfacet
  facet normal 0.000000 0.000000 1.000000
    outer loop
      vertex 123.488270 143.670908 -120.000000
      vertex 115.693726 125.306274 -120.000000
      vertex 116.623848 124.376152 -120.000000
    endloop
  endfacet
  facet normal 0.000000 0.000000 1.000000
    outer loop
      vertex 123.488270 143.670908 -120.000000
      vertex 114.665685 126.000000 -120.000000
      vertex 115.693726 125.306274 -120.000000
    endloop
  endfacet
  facet normal 0.000000 0.000000 1.000000
    outer loop
      vertex 123.488270 143.670908 -120.000000
      vertex 113.540589 126.459411 -120.000000
      vertex 114.665685 126.000000 -120.000000
    endloop
  endfacet
  facet normal 0.000000 0.000000 1.000000
    outer loop
      vertex 123.488270 143.670908 -120.000000
      vertex 112.610467 127.389533 -120.000000
      vertex 113.540589 126.459411 -120.000000
    endloop
  endfacet
  facet normal 0.000000 0.000000 1.000000
    outer loop
      vertex 123.488270 143.670908 -120.000000
      vertex 112.000000 128.452061 -120.000000
      vertex 112.610467 127.389533 -120.000000
    endloop
  endfacet
  facet normal 0.000000 0.000000 1.000000
    outer loop
      vertex 123.488270 143.670908 -120.000000
      vertex 111.457330 129.542670 -120.000000
      vertex 112.000000 128.452061 -120.000000
    endloop
  endfacet
  facet normal 0.000000 0.000000 1.000000
    outer loop
      vertex 123.488270 143.670908 -120.000000
      vertex 110.527208 130.472792 -120.000000
      vertex 111.457330 129.542670 -120.000000
    endloop
  endfacet
  facet normal 0.000000 0.000000 1.000000
    outer loop
      vertex 123.488270 143.670908 -120.000000
      vertex 109.597086 131.402914 -120.000000
      vertex 110.527208 130.472792 -120.000000
    endloop
  endfacet
  facet normal 0.000000 0.000000 1.000000
    outer loop
      vertex 123.488270 143.670908 -120.000000
      vertex 108.666964 132.333036 -120.000000
      vertex 109.597086 131.402914 -120.000000
    endloop
  endfacet
  facet normal 0.000000 0.000000 1.000000
    outer loop
      vertex 123.488270 143.670908 -120.000000
      vertex 107.736842 133.263158 -120.000000
      vertex 108.666964 132.333036 -120.000000
    endloop
  endfacet
  facet normal 0.000000 0.000000 1.000000
    outer loop
      vertex 123.488270 143.670908 -120.000000
      vertex 107.000000 134.273339 -120.000000
      vertex 107.736842 133.263158 -120.000000
    endloop
  endfacet
  facet normal 0.000000 0.000000 1.000000
    outer loop
      vertex 123.488270 143.670908 -120.000000
      vertex 106.583705 135.416295 -120.000000
      vertex 107.000000 134.273339 -120.000000
    endloop
  endfacet
  facet normal 0.000000 0.000000 1.000000
    outer loop
      vertex 123.488270 143.670908 -120.000000
      vertex 105.653583 136.346417 -120.000000
      vertex 106.583705 135.416295 -120.000000
    endloop
  endfacet
  facet normal 0.000000 0.000000 1.000000
    outer loop
      vertex 123.488270 143.670908 -120.000000
      vertex 105.000000 137.391085 -120.000000
      vertex 105.653583 136.346417 -120.000000
    endloop
  endfacet
  facet normal 0.000000 0.000000 1.000000
    outer loop
      vertex 123.488270 143.670908 -120.000000
      vertex 104.500446 138.499554 -120.000000
      vertex 105.000000 137.391085 -120.000000
    endloop
  endfacet
  facet normal 0.000000 0.000000 1.000000
    outer loop
      vertex 123.488270 143.670908 -120.000000
      vertex 104.000000 139.607654 -120.000000
      vertex 104.500446 138.499554 -120.000000
    endloop
  endfacet
  facet normal 0.000000 0.000000 1.000000
    outer loop
      vertex 123.488270 143.670908 -120.000000
      vertex 104.000000 140.923045 -120.000000
      vertex 104.000000 139.607654 -120.000000
    endloop
  endfacet
  facet normal 0.000000 0.000000 1.000000
    outer loop
      vertex 123.488270 143.670908 -120.000000
      vertex 103.831400 142.168600 -120.000000
      vertex 104.000000 140.923045 -120.000000
    endloop
  endfacet
  facet normal 0.000000 0.000000 1.000000
    outer loop
      vertex 123.488270 143.670908 -120.000000
      vertex 103.000000 143.139613 -120.000000
      vertex 103.831400 142.168600 -120.000000
    endloop
  endfacet
  facet normal 0.000000 0.000000 1.000000
    outer loop
      vertex 123.488270 143.670908 -120.000000
      vertex 103.000000 144.455004 -120.000000
      vertex 103.000000 143.139613 -120.000000
    endloop
  endfacet
  facet normal 0.000000 0.000000 1.000000
    outer loop
      vertex 123.488270 143.670908 -120.000000
      vertex 103.000000 145.770395 -120.000000
      vertex 103.000000 144.455004 -120.000000
    endloop
  endfacet
  facet normal 0.000000 0.000000 1.000000
    outer loop
      vertex 123.488270 143.670908 -120.000000
      vertex 103.000000 147.085786 -120.000000
      vertex 103.000000 145.770395 -120.000000
    endloop
  endfacet
  facet normal 0.000000 0.000000 1.000000
    outer loop
      vertex 123.488270 143.670908 -120.000000
      vertex 103.000000 148.401177 -120.000000
      vertex 103.000000 147.085786 -120.000000
    endloop
  endfacet
  facet normal 0.000000 0.000000 1.000000
    outer loop
      vertex 123.488270 143.670908 -120.000000
      vertex 103.000000 149.716569 -120.000000
      vertex 103.000000 148.401177 -120.000000
    endloop
  endfacet
  facet normal 0.000000 0.000000 1.000000
    outer loop
      vertex 123.488270 143.670908 -120.000000
      vertex 103.000000 151.031960 -120.000000
      vertex 103.000000 149.716569 -120.000000
    endloop
  endfacet
  facet normal 0.000000 0.000000 1.000000
    outer loop
      vertex 123.488270 143.670908 -120.000000
      vertex 103.245614 152.245614 -120.000000
      vertex 103.000000 151.031960 -120.000000
    endloop
  endfacet
  facet normal 0.000000 0.000000 1.000000
    outer loop
      vertex 123.488270 143.670908 -120.000000
      vertex 104.175736 153.175736 -120.000000
      vertex 103.245614 152.245614 -120.000000
    endloop
  endfacet
  facet normal 0.000000 0.000000 1.000000
    outer loop
      vertex 123.488270 143.670908 -120.000000
      vertex 105.149706 154.000000 -120.000000
      vertex 104.175736 153.175736 -120.000000
    endloop
  endfacet
  facet normal 0.000000 0.000000 1.000000
    outer loop
      vertex 123.488270 143.670908 -120.000000
      vertex 106.328873 154.328873 -120.000000
      vertex 105.149706 154.000000 -120.000000
    endloop
  endfacet
  facet normal 0.000000 0.000000 1.000000
    outer loop
      vertex 123.488270 143.670908 -120.000000
      vertex 107.258995 155.258995 -120.000000
      vertex 106.328873 154.328873 -120.000000
    endloop
  endfacet
  facet normal 0.000000 0.000000 1.000000
    outer loop
      vertex 123.488270 143.670908 -120.000000
      vertex 108.189117 156.189117 -120.000000
      vertex 107.258995 155.258995 -120.000000
    endloop
  endfacet
  facet normal 0.000000 0.000000 1.000000
    outer loop
      vertex 123.488270 143.670908 -120.000000
      vertex 109.119239 157.119239 -120.000000
      vertex 108.189117 156.189117 -120.000000
    endloop
  endfacet
  facet normal 0.000000 0.000000 1.000000
    outer loop
      vertex 123.488270 143.670908 -120.000000
      vertex 110.049361 158.049361 -120.000000
      vertex 109.119239 157.119239 -120.000000
    endloop
  endfacet
  facet normal 0.000000 0.000000 1.000000
    outer loop
      vertex 123.488270 143.670908 -120.000000
      vertex 110.979483 158.979483 -120.000000
      vertex 110.049361 158.049361 -120.000000
    endloop
  endfacet
  facet normal 0.000000 0.000000 1.000000
    outer loop
      vertex 123.488270 143.670908 -120.000000
      vertex 112.286375 159.000000 -120.000000
      vertex 110.979483 158.979483 -120.000000
    endloop
  endfacet
  facet normal 0.000000 0.000000 1.000000
    outer loop
      vertex 123.488270 143.670908 -120.000000
      vertex 113.425513 159.425513 -120.000000
      vertex 112.286375 159.000000 -120.000000
    endloop
  endfacet
  facet normal 0.000000 0.000000 1.000000
    outer loop
      vertex 123.488270 143.670908 -120.000000
      vertex 114.502944 160.000000 -120.000000
      vertex 113.425513 159.425513 -120.000000
    endloop
  endfacet
  facet normal 0.000000 0.000000 1.000000
    outer loop
      vertex 123.488270 143.670908 -120.000000
      vertex 115.818335 160.000000 -120.000000
      vertex 114.502944 160.000000 -120.000000
    endloop
  endfacet
  facet normal 0.000000 0.000000 1.000000
    outer loop
      vertex 123.488270 143.670908 -120.000000
      vertex 116.801665 160.801665 -120.000000
      vertex 115.818335 160.000000 -120.000000
    endloop
  endfacet
  facet normal 0.000000 0.000000 1.000000
    outer loop
      vertex 123.488270 143.670908 -120.000000
      vertex 118.034903 161.000000 -120.000000
      vertex 116.801665 160.801665 -120.000000
    endloop
  endfacet
  facet normal 0.000000 0.000000 1.000000
    outer loop
      vertex 123.488270 143.670908 -120.000000
      vertex 119.247696 161.247696 -120.000000
      vertex 118.034903 161.000000 -120.000000
    endloop
  endfacet
  facet normal 0.000000 0.000000 1.000000
    outer loop
      vertex 123.488270 143.670908 -120.000000
      vertex 120.251472 162.000000 -120.000000
      vertex 119.247696 161.247696 -120.000000
    endloop
  endfacet
  facet normal 0.000000 0.000000 1.000000
    outer loop
      vertex 123.488270 143.670908 -120.000000
      vertex 121.566863 162.000000 -120.000000
      vertex 120.251472 162.000000 -120.000000
    endloop
  endfacet
  facet normal 0.000000 0.000000 1.000000
    outer loop
      vertex 123.488270 143.670908 -120.000000
      vertex 122.882254 162.000000 -120.000000
      vertex 121.566863 162.000000 -120.000000
    endloop
  endfacet
  facet normal 0.000000 -0.000000 1.000000
    outer loop
      vertex 123.488270 143.670908 -120.000000
      vertex 124.197645 162.000000 -120.000000
      vertex 122.882254 162.000000 -120.000000
    endloop
  endfacet
  facet normal 0.000000 0.000000 1.000000
    outer loop
      vertex 123.488270 143.670908 -120.000000
      vertex 125.513036 162.000000 -120.000000
      vertex 124.197645 162.000000 -120.000000
    endloop
  endfacet
  facet normal 0.000000 0.000000 1.000000
    outer loop
      vertex 123.488270 143.670908 -120.000000
      vertex 126.585786 161.414214 -120.000000
      vertex 125.513036 162.000000 -120.000000
    endloop
  endfacet
  facet normal 0.000000 0.000000 1.000000
    outer loop
      vertex 123.488270 143.670908 -120.000000
      vertex 127.729605 161.000000 -120.000000
      vertex 126.585786 161.414214 -120.000000
    endloop
  endfacet
  facet normal 0.000000 0.000000 1.000000
    outer loop
      vertex 123.488270 143.670908 -120.000000
      vertex 129.031817 160.968183 -120.000000
      vertex 127.729605 161.000000 -120.000000
    endloop
  endfacet
  facet normal 0.000000 0.000000 1.000000
    outer loop
      vertex 123.488270 143.670908 -120.000000
      vertex 129.961939 160.038061 -120.000000
      vertex 129.031817 160.968183 -120.000000
    endloop
  endfacet
  facet normal 0.000000 0.000000 1.000000
    outer loop
      vertex 123.488270 143.670908 -120.000000
      vertex 131.261564 160.000000 -120.000000
      vertex 129.961939 160.038061 -120.000000
    endloop
  endfacet
  facet normal 0.000000 0.000000 1.000000
    outer loop
      vertex 123.488270 143.670908 -120.000000
      vertex 132.576955 160.000000 -120.000000
      vertex 131.261564 160.000000 -120.000000
    endloop
  endfacet
  facet normal 0.000000 0.000000 1.000000
    outer loop
      vertex 123.488270 143.670908 -120.000000
      vertex 133.630984 159.369016 -120.000000
      vertex 132.576955 160.000000 -120.000000
    endloop
  endfacet
  facet normal 0.000000 0.000000 1.000000
    outer loop
      vertex 123.488270 143.670908 -120.000000
      vertex 134.793524 159.000000 -120.000000
      vertex 133.630984 159.369016 -120.000000
    endloop
  endfacet
  facet normal 0.000000 0.000000 1.000000
    outer loop
      vertex 123.488270 143.670908 -120.000000
      vertex 135.784121 158.215879 -120.000000
      vertex 134.793524 159.000000 -120.000000
    endloop
  endfacet
  facet normal 0.000000 0.000000 1.000000
    outer loop
      vertex 123.488270 143.670908 -120.000000
      vertex 137.007136 157.992864 -120.000000
      vertex 135.784121 158.215879 -120.000000
    endloop
  endfacet
  facet normal 0.000000 0.000000 1.000000
    outer loop
      vertex 123.488270 143.670908 -120.000000
      vertex 137.937258 157.062742 -120.000000
      vertex 137.007136 157.992864 -120.000000
    endloop
  endfacet
  facet normal 0.000000 0.000000 1.000000
    outer loop
      vertex 123.488270 143.670908 -120.000000
      vertex 138.867380 156.132620 -120.000000
      vertex 137.937258 157.062742 -120.000000
    endloop
  endfacet
  facet normal 0.000000 0.000000 1.000000
    outer loop
      vertex 123.488270 143.670908 -120.000000
      vertex 139.797502 155.202498 -120.000000
      vertex 138.867380 156.132620 -120.000000
    endloop
  endfacet
  facet normal 0.000000 0.000000 1.000000
    outer loop
      vertex 123.488270 143.670908 -120.000000
      vertex 141.020517 154.979483 -120.000000
      vertex 139.797502 155.202498 -120.000000
    endloop
  endfacet
  facet normal 0.000000 0.000000 1.000000
    outer loop
      vertex 123.488270 143.670908 -120.000000
      vertex 141.950639 154.049361 -120.000000
      vertex 141.020517 154.979483 -120.000000
    endloop
  endfacet
  facet normal 0.000000 0.000000 1.000000
    outer loop
      vertex 123.488270 143.670908 -120.000000
      vertex 142.880761 153.119239 -120.000000
      vertex 141.950639 154.049361 -120.000000
    endloop
  endfacet
  facet normal 0.000000 0.000000 1.000000
    outer loop
      vertex 123.488270 143.670908 -120.000000
      vertex 143.103776 151.896224 -120.000000
      vertex 142.880761 153.119239 -120.000000
    endloop
  endfacet
  facet normal 0.000000 0.000000 1.000000
    outer loop
      vertex 123.488270 143.670908 -120.000000
      vertex 144.000000 150.952061 -120.000000
      vertex 143.103776 151.896224 -120.000000
    endloop
  endfacet
  facet normal 0.000000 0.000000 1.000000
    outer loop
      vertex 123.488270 143.670908 -120.000000
      vertex 144.000000 149.636670 -120.000000
      vertex 144.000000 150.952061 -120.000000
    endloop
  endfacet
  facet normal 0.000000 0.000000 1.000000
    outer loop
      vertex 123.488270 143.670908 -120.000000
      vertex 144.479929 148.520071 -120.000000
      vertex 144.000000 149.636670 -120.000000
    endloop
  endfacet
  facet normal 0.000000 0.000000 1.000000
    outer loop
      vertex 123.488270 143.670908 -120.000000
      vertex 145.000000 147.420101 -120.000000
      vertex 144.479929 148.520071 -120.000000
    endloop
  endfacet
  facet normal 0.000000 0.000000 1.000000
    outer loop
      vertex 123.488270 143.670908 -120.000000
      vertex 145.000000 146.104710 -120.000000
      vertex 145.000000 147.420101 -120.000000
    endloop
  endfacet
  facet normal 0.000000 0.000000 1.000000
    outer loop
      vertex 123.488270 143.670908 -120.000000
      vertex 145.000000 144.789319 -120.000000
      vertex 145.000000 146.104710 -120.000000
    endloop
  endfacet
  facet normal -0.000000 0.000000 1.000000
    outer loop
      vertex 123.488270 143.670908 -120.000000
      vertex 145.000000 143.473928 -120.000000
      vertex 145.000000 144.789319 -120.000000
    endloop
  endfacet
  facet normal 0.000000 0.000000 1.000000
    outer loop
      vertex 123.488270 143.670908 -120.000000
      vertex 145.000000 142.158537 -120.000000
      vertex 145.000000 143.473928 -120.000000
    endloop
  endfacet
  facet normal 0.000000 0.000000 1.000000
    outer loop
      vertex 123.488270 143.670908 -120.000000
      vertex 144.181981 141.181981 -120.000000
      vertex 145.000000 142.158537 -120.000000
    endloop
  endfacet
  facet normal 0.000000 0.000000 1.000000
    outer loop
      vertex 123.488270 143.670908 -120.000000
      vertex 143.958965 139.958965 -120.000000
      vertex 144.181981 141.181981 -120.000000
    endloop
  endfacet
  facet normal 0.000000 0.000000 1.000000
    outer loop
      vertex 123.488270 143.670908 -120.000000
      vertex 143.028843 139.028843 -120.000000
      vertex 143.958965 139.958965 -120.000000
    endloop
  endfacet
  facet normal 0.000000 0.000000 1.000000
    outer loop
      vertex 123.488270 143.670908 -120.000000
      vertex 142.098721 138.098721 -120.000000
      vertex 143.028843 139.028843 -120.000000
    endloop
  endfacet
  facet normal 0.000000 0.000000 1.000000
    outer loop
      vertex 123.488270 143.670908 -120.000000
      vertex 141.875706 136.875706 -120.000000
      vertex 142.098721 138.098721 -120.000000
    endloop
  endfacet
  facet normal 0.000000 0.000000 1.000000
    outer loop
      vertex 123.488270 143.670908 -120.000000
      vertex 140.945584 135.945584 -120.000000
      vertex 141.875706 136.875706 -120.000000
    endloop
  endfacet
  facet normal 0.000000 0.000000 1.000000
    outer loop
      vertex 123.488270 143.670908 -120.000000
      vertex 140.015462 135.015462 -120.000000
      vertex 140.945584 135.945584 -120.000000
    endloop
  endfacet
  facet normal 0.000000 0.000000 1.000000
    outer loop
      vertex 123.488270 143.670908 -120.000000
      vertex 139.085341 134.085341 -120.000000
      vertex 140.015462 135.015462 -120.000000
    endloop
  endfacet
  facet normal 0.000000 0.000000 1.000000
    outer loop
      vertex 123.488270 143.670908 -120.000000
      vertex 138.155219 133.155219 -120.000000
      vertex 139.085341 134.085341 -120.000000
    endloop
  endfacet
  facet normal 0.000000 0.000000 1.000000
    outer loop
      vertex 123.488270 143.670908 -120.000000
      vertex 137.225097 132.225097 -120.000000
      vertex 138.155219 133.155219 -120.000000
    endloop
  endfacet
  facet normal 0.000000 0.000000 1.000000
    outer loop
      vertex 123.488270 143.670908 -120.000000
      vertex 136.002944 132.000000 -120.000000
      vertex 137.225097 132.225097 -120.000000
    endloop
  endfacet
  facet normal 0.000000 0.000000 1.000000
    outer loop
      vertex 123.488270 143.670908 -120.000000
      vertex 135.071960 131.071960 -120.000000
      vertex 136.002944 132.000000 -120.000000
    endloop
  endfacet
  facet normal 0.000000 0.000000 1.000000
    outer loop
      vertex 123.488270 143.670908 -120.000000
      vertex 134.141838 130.141838 -120.000000
      vertex 135.071960 131.071960 -120.000000
    endloop
  endfacet
  facet normal 0.000000 0.000000 1.000000
    outer loop
      vertex 123.488270 143.670908 -120.000000
      vertex 133.211716 129.211716 -120.000000
      vertex 134.141838 130.141838 -120.000000
    endloop
  endfacet
  facet normal 0.000000 0.000000 1.000000
    outer loop
      vertex 123.488270 143.670908 -120.000000
      vertex 132.281594 128.281594 -120.000000
      vertex 133.211716 129.211716 -120.000000
    endloop
  endfacet
  facet normal 0.000000 0.000000 1.000000
    outer loop
      vertex 123.488270 143.670908 -120.000000
      vertex 131.082843 128.000000 -120.000000
      vertex 132.281594 128.281594 -120.000000
    endloop
  endfacet
  facet normal 0.000000 0.000000 1.000000
    outer loop
      vertex 123.488270 143.670908 -120.000000
      vertex 130.128457 127.128457 -120.000000
      vertex 131.082843 128.000000 -120.000000
    endloop
  endfacet
  facet normal 0.000000 0.000000 1.000000
    outer loop
      vertex 123.488270 143.670908 -120.000000
      vertex 129.198335 126.198335 -120.000000
      vertex 130.128457 127.128457 -120.000000
    endloop
  endfacet
  facet normal 0.000000 0.000000 1.000000
    outer loop
      vertex 123.488270 143.670908 -120.000000
      vertex 128.268213 125.268213 -120.000000
      vertex 129.198335 126.198335 -120.000000
    endloop
  endfacet
  facet normal 0.000000 0.000000 1.000000
    outer loop
      vertex 123.488270 143.670908 -120.000000
      vertex 127.338091 124.338091 -120.000000
      vertex 128.268213 125.268213 -120.000000
    endloop
  endfacet
  facet normal 0.000000 0.000000 1.000000
    outer loop
      vertex 123.488270 143.670908 -120.000000
      vertex 126.407969 123.407969 -120.000000
      vertex 127.338091 124.338091 -120.000000
    endloop
  endfacet
  facet normal 0.000000 0.000000 1.000000
    outer loop
      vertex 123.488270 143.670908 -120.000000
      vertex 125.261564 123.000000 -120.000000
      vertex 126.407969 123.407969 -120.000000
    endloop
  endfacet
  facet normal 0.000000 0.000000 1.000000
    outer loop
      vertex 123.488270 143.670908 -120.000000
      vertex 123.946173 123.000000 -120.000000
      vertex 125.261564 123.000000 -120.000000
    endloop
  endfacet
  facet normal 0.000000 0.000000 1.000000
    outer loop
      vertex 123.488270 143.670908 -120.000000
      vertex 122.630782 123.000000 -120.000000
      vertex 123.946173 123.000000 -120.000000
    endloop
  endfacet
  facet normal 0.000000 0.000000 1.000000
    outer loop
      vertex 123.488270 143.670908 -120.000000
      vertex 121.315391 123.000000 -120.000000
      vertex 122.630782 123.000000 -120.000000
    endloop
  endfacet
  facet normal 0.000000 0.000000 1.000000
    outer loop
      vertex 123.488270 143.670908 -120.000000
      vertex 120.000000 123.000000 -120.000000
      vertex 121.315391 123.000000 -120.000000
    endloop
  endfacet
  facet normal 0.000000 0.000000 -1.000000
    outer loop
      vertex 164.678651 139.270885 108.000000
      vertex 158.000000 109.000000 108.000000
      vertex 156.127696 110.000000 108.000000
    endloop
  endfacet
  facet normal 0.000000 0.000000 -1.000000
    outer loop
      vertex 164.678651 139.270885 108.000000
      vertex 156.127696 110.000000 108.000000
      vertex 154.180589 110.819411 108.000000
    endloop
  endfacet
  facet normal 0.000000 0.000000 -1.000000
    outer loop
      vertex 164.678651 139.270885 108.000000
      vertex 154.180589 110.819411 108.000000
      vertex 151.977990 111.022010 108.000000
    endloop
  endfacet
  facet normal 0.000000 0.000000 -1.000000
    outer loop
      vertex 164.678651 139.270885 108.000000
      vertex 151.977990 111.022010 108.000000
      vertex 150.096569 112.000000 108.000000
    endloop
  endfacet
  facet normal 0.000000 0.000000 -1.000000
    outer loop
      vertex 164.678651 139.270885 108.000000
      vertex 150.096569 112.000000 108.000000
      vertex 148.224264 113.000000 108.000000
    endloop
  endfacet
  facet normal 0.000000 0.000000 -1.000000
    outer loop
      vertex 164.678651 139.270885 108.000000
      vertex 148.224264 113.000000 108.000000
      vertex 146.248873 113.751127 108.000000
    endloop
  endfacet
  facet normal 0.000000 0.000000 -1.000000
    outer loop
      vertex 164.678651 139.270885 108.000000
      vertex 146.248873 113.751127 108.000000
      vertex 144.339167 114.660833 108.000000
    endloop
  endfacet
  facet normal 0.000000 0.000000 -1.000000
    outer loop
      vertex 164.678651 139.270885 108.000000
      vertex 144.339167 114.660833 108.000000
      vertex 142.429462 115.570538 108.000000
    endloop
  endfacet
  facet normal 0.000000 0.000000 -1.000000
    outer loop
      vertex 164.678651 139.270885 108.000000
      vertex 142.429462 115.570538 108.000000
      vertex 140.735046 117.000000 108.000000
    endloop
  endfacet
  facet normal 0.000000 0.000000 -1.000000
    outer loop
      vertex 164.678651 139.270885 108.000000
      vertex 140.735046 117.000000 108.000000
      vertex 138.902944 118.097056 108.000000
    endloop
  endfacet
  facet normal 0.000000 0.000000 -1.000000
    outer loop
      vertex 164.678651 139.270885 108.000000
      vertex 138.902944 118.097056 108.000000
      vertex 137.286131 119.713869 108.000000
    endloop
  endfacet
  facet normal 0.000000 0.000000 -1.000000
    outer loop
      vertex 164.678651 139.270885 108.000000
      vertex 137.286131 119.713869 108.000000
      vertex 137.000000 121.881867 108.000000
    endloop
  endfacet
  facet normal 0.000000 0.000000 -1.000000
    outer loop
      vertex 164.678651 139.270885 108.000000
      vertex 137.000000 121.881867 108.000000
      vertex 136.000000 123.754172 108.000000
    endloop
  endfacet
  facet normal 0.000000 0.000000 -1.000000
    outer loop
      vertex 164.678651 139.270885 108.000000
      vertex 136.000000 123.754172 108.000000
      vertex 135.000000 125.626476 108.000000
    endloop
  endfacet
  facet normal 0.000000 0.000000 -1.000000
    outer loop
      vertex 164.678651 139.270885 108.000000
      vertex 135.000000 125.626476 108.000000
      vertex 134.354416 127.645584 108.000000
    endloop
  endfacet
  facet normal 0.000000 0.000000 -1.000000
    outer loop
      vertex 164.678651 139.270885 108.000000
      vertex 134.354416 127.645584 108.000000
      vertex 133.000000 129.371085 108.000000
    endloop
  endfacet
  facet normal 0.000000 0.000000 -1.000000
    outer loop
      vertex 164.678651 139.270885 108.000000
      vertex 133.000000 129.371085 108.000000
      vertex 132.000000 131.243390 108.000000
    endloop
  endfacet
  facet normal 0.000000 0.000000 -1.000000
    outer loop
      vertex 164.678651 139.270885 108.000000
      vertex 132.000000 131.243390 108.000000
      vertex 132.000000 133.529908 108.000000
    endloop
  endfacet
  facet normal 0.000000 0.000000 -1.000000
    outer loop
      vertex 164.678651 139.270885 108.000000
      vertex 132.000000 133.529908 108.000000
      vertex 131.000000 135.402212 108.000000
    endloop
  endfacet
  facet normal 0.000000 0.000000 -1.000000
    outer loop
      vertex 164.678651 139.270885 108.000000
      vertex 131.000000 135.402212 108.000000
      vertex 131.000000 137.688730 108.000000
    endloop
  endfacet
  facet normal -0.000000 0.000000 -1.000000
    outer loop
      vertex 164.678651 139.270885 108.000000
      vertex 131.000000 137.688730 108.000000
      vertex 131.000000 139.975248 108.000000
    endloop
  endfacet
  facet normal 0.000000 0.000000 -1.000000
    outer loop
      vertex 164.678651 139.270885 108.000000
      vertex 131.000000 139.975248 108.000000
      vertex 131.000000 142.261766 108.000000
    endloop
  endfacet
  facet normal 0.000000 0.000000 -1.000000
    outer loop
      vertex 164.678651 139.270885 108.000000
      vertex 131.000000 142.261766 108.000000
      vertex 130.000000 144.134071 108.000000
    endloop
  endfacet
  facet normal 0.000000 0.000000 -1.000000
    outer loop
      vertex 164.678651 139.270885 108.000000
      vertex 130.000000 144.134071 108.000000
      vertex 130.000000 146.420589 108.000000
    endloop
  endfacet
  facet normal 0.000000 0.000000 -1.000000
    outer loop
      vertex 164.678651 139.270885 108.000000
      vertex 130.000000 146.420589 108.000000
      vertex 130.000000 148.707107 108.000000
    endloop
  endfacet
  facet normal 0.000000 0.000000 -1.000000
    outer loop
      vertex 164.678651 139.270885 108.000000
      vertex 130.000000 148.707107 108.000000
      vertex 130.000000 150.993625 108.000000
    endloop
  endfacet
  facet normal 0.000000 0.000000 -1.000000
    outer loop
      vertex 164.678651 139.270885 108.000000
      vertex 130.000000 150.993625 108.000000
      vertex 130.000000 153.280143 108.000000
    endloop
  endfacet
  facet normal 0.000000 0.000000 -1.000000
    outer loop
      vertex 164.678651 139.270885 108.000000
      vertex 130.000000 153.280143 108.000000
      vertex 130.892203 155.107797 108.000000
    endloop
  endfacet
  facet normal 0.000000 0.000000 -1.000000
    outer loop
      vertex 164.678651 139.270885 108.000000
      vertex 130.892203 155.107797 108.000000
      vertex 130.724609 156.724609 108.000000
    endloop
  endfacet
  facet normal 0.000000 0.000000 -1.000000
    outer loop
      vertex 164.678651 139.270885 108.000000
      vertex 130.724609 156.724609 108.000000
      vertex 132.341421 158.341421 108.000000
    endloop
  endfacet
  facet normal 0.000000 0.000000 -1.000000
    outer loop
      vertex 164.678651 139.270885 108.000000
      vertex 132.341421 158.341421 108.000000
      vertex 133.958234 159.958234 108.000000
    endloop
  endfacet
  facet normal 0.000000 0.000000 -1.000000
    outer loop
      vertex 164.678651 139.270885 108.000000
      vertex 133.958234 159.958234 108.000000
      vertex 135.813238 161.000000 108.000000
    endloop
  endfacet
  facet normal 0.000000 0.000000 -1.000000
    outer loop
      vertex 164.678651 139.270885 108.000000
      vertex 135.813238 161.000000 108.000000
      vertex 137.484752 162.484752 108.000000
    endloop
  endfacet
  facet normal 0.000000 0.000000 -1.000000
    outer loop
      vertex 164.678651 139.270885 108.000000
      vertex 137.484752 162.484752 108.000000
      vertex 139.143633 164.000000 108.000000
    endloop
  endfacet
  facet normal 0.000000 0.000000 -1.000000
    outer loop
      vertex 164.678651 139.270885 108.000000
      vertex 139.143633 164.000000 108.000000
      vertex 141.015938 165.000000 108.000000
    endloop
  endfacet
  facet normal 0.000000 0.000000 -1.000000
    outer loop
      vertex 164.678651 139.270885 108.000000
      vertex 141.015938 165.000000 108.000000
      vertex 142.920975 165.920975 108.000000
    endloop
  endfacet
  facet normal 0.000000 0.000000 -1.000000
    outer loop
      vertex 164.678651 139.270885 108.000000
      vertex 142.920975 165.920975 108.000000
      vertex 145.174760 166.000000 108.000000
    endloop
  endfacet
  facet normal 0.000000 0.000000 -1.000000
    outer loop
      vertex 164.678651 139.270885 108.000000
      vertex 145.174760 166.000000 108.000000
      vertex 147.461279 166.000000 108.000000
    endloop
  endfacet
  facet normal 0.000000 0.000000 -1.000000
    outer loop
      vertex 164.678651 139.270885 108.000000
      vertex 147.461279 166.000000 108.000000
      vertex 149.528772 165.471228 108.000000
    endloop
  endfacet
  facet normal 0.000000 0.000000 -1.000000
    outer loop
      vertex 164.678651 139.270885 108.000000
      vertex 149.528772 165.471228 108.000000
      vertex 151.438478 164.561522 108.000000
    endloop
  endfacet
  facet normal 0.000000 0.000000 -1.000000
    outer loop
      vertex 164.678651 139.270885 108.000000
      vertex 151.438478 164.561522 108.000000
      vertex 153.492405 164.000000 108.000000
    endloop
  endfacet
  facet normal 0.000000 0.000000 -1.000000
    outer loop
      vertex 164.678651 139.270885 108.000000
      vertex 153.492405 164.000000 108.000000
      vertex 155.364710 163.000000 108.000000
    endloop
  endfacet
  facet normal 0.000000 0.000000 -1.000000
    outer loop
      vertex 164.678651 139.270885 108.000000
      vertex 155.364710 163.000000 108.000000
      vertex 157.651228 163.000000 108.000000
    endloop
  endfacet
  facet normal 0.000000 0.000000 -1.000000
    outer loop
      vertex 164.678651 139.270885 108.000000
      vertex 157.651228 163.000000 108.000000
      vertex 159.937746 163.000000 108.000000
    endloop
  endfacet
  facet normal 0.000000 0.000000 -1.000000
    outer loop
      vertex 164.678651 139.270885 108.000000
      vertex 159.937746 163.000000 108.000000
      vertex 162.224264 163.000000 108.000000
    endloop
  endfacet
  facet normal 0.000000 0.000000 -1.000000
    outer loop
      vertex 164.678651 139.270885 108.000000
      vertex 162.224264 163.000000 108.000000
      vertex 164.361177 163.361177 108.000000
    endloop
  endfacet
  facet normal 0.000000 0.000000 -1.000000
    outer loop
      vertex 164.678651 139.270885 108.000000
      vertex 164.361177 163.361177 108.000000
      vertex 166.383087 164.000000 108.000000
    endloop
  endfacet
  facet normal 0.000000 0.000000 -1.000000
    outer loop
      vertex 164.678651 139.270885 108.000000
      vertex 166.383087 164.000000 108.000000
      vertex 168.180589 165.180589 108.000000
    endloop
  endfacet
  facet normal 0.000000 0.000000 -1.000000
    outer loop
      vertex 164.678651 139.270885 108.000000
      vertex 168.180589 165.180589 108.000000
      vertex 169.797401 166.797401 108.000000
    endloop
  endfacet
  facet normal 0.000000 0.000000 -1.000000
    outer loop
      vertex 164.678651 139.270885 108.000000
      vertex 169.797401 166.797401 108.000000
      vertex 171.414214 168.414214 108.000000
    endloop
  endfacet
  facet normal 0.000000 0.000000 -1.000000
    outer loop
      vertex 164.678651 139.270885 108.000000
      vertex 171.414214 168.414214 108.000000
      vertex 173.458091 169.000000 108.000000
    endloop
  endfacet
  facet normal 0.000000 0.000000 -1.000000
    outer loop
      vertex 164.678651 139.270885 108.000000
      vertex 173.458091 169.000000 108.000000
      vertex 175.744609 169.000000 108.000000
    endloop
  endfacet
  facet normal 0.000000 0.000000 -1.000000
    outer loop
      vertex 164.678651 139.270885 108.000000
      vertex 175.744609 169.000000 108.000000
      vertex 177.436224 169.563776 108.000000
    endloop
  endfacet
  facet normal 0.000000 0.000000 -1.000000
    outer loop
      vertex 164.678651 139.270885 108.000000
      vertex 177.436224 169.563776 108.000000
      vertex 179.053036 167.946964 108.000000
    endloop
  endfacet
  facet normal 0.000000 0.000000 -1.000000
    outer loop
      vertex 164.678651 139.270885 108.000000
      vertex 179.053036 167.946964 108.000000
      vertex 180.669848 166.330152 108.000000
    endloop
  endfacet
  facet normal 0.000000 0.000000 -1.000000
    outer loop
      vertex 164.678651 139.270885 108.000000
      vertex 180.669848 166.330152 108.000000
      vertex 182.405400 165.000000 108.000000
    endloop
  endfacet
  facet normal 0.000000 0.000000 -1.000000
    outer loop
      vertex 164.678651 139.270885 108.000000
      vertex 182.405400 165.000000 108.000000
      vertex 184.196367 163.803633 108.000000
    endloop
  endfacet
  facet normal 0.000000 0.000000 -1.000000
    outer loop
      vertex 164.678651 139.270885 108.000000
      vertex 184.196367 163.803633 108.000000
      vertex 184.186821 162.186821 108.000000
    endloop
  endfacet
  facet normal 0.000000 0.000000 -1.000000
    outer loop
      vertex 164.678651 139.270885 108.000000
      vertex 184.186821 162.186821 108.000000
      vertex 184.000000 159.977687 108.000000
    endloop
  endfacet
  facet normal 0.000000 0.000000 -1.000000
    outer loop
      vertex 164.678651 139.270885 108.000000
      vertex 184.000000 159.977687 108.000000
      vertex 184.925483 158.074517 108.000000
    endloop
  endfacet
  facet normal 0.000000 0.000000 -1.000000
    outer loop
      vertex 164.678651 139.270885 108.000000
      vertex 184.925483 158.074517 108.000000
      vertex 186.542296 156.457704 108.000000
    endloop
  endfacet
  facet normal 0.000000 0.000000 -1.000000
    outer loop
      vertex 164.678651 139.270885 108.000000
      vertex 186.542296 156.457704 108.000000
      vertex 188.225013 155.000000 108.000000
    endloop
  endfacet
  facet normal 0.000000 0.000000 -1.000000
    outer loop
      vertex 164.678651 139.270885 108.000000
      vertex 188.225013 155.000000 108.000000
      vertex 190.097317 154.000000 108.000000
    endloop
  endfacet
  facet normal 0.000000 0.000000 -1.000000
    outer loop
      vertex 164.678651 139.270885 108.000000
      vertex 190.097317 154.000000 108.000000
      vertex 192.383836 154.000000 108.000000
    endloop
  endfacet
  facet normal 0.000000 0.000000 -1.000000
    outer loop
      vertex 164.678651 139.270885 108.000000
      vertex 192.383836 154.000000 108.000000
      vertex 194.181118 152.818882 108.000000
    endloop
  endfacet
  facet normal 0.000000 0.000000 -1.000000
    outer loop
      vertex 164.678651 139.270885 108.000000
      vertex 194.181118 152.818882 108.000000
      vertex 195.000000 150.871556 108.000000
    endloop
  endfacet
  facet normal 0.000000 0.000000 -1.000000
    outer loop
      vertex 164.678651 139.270885 108.000000
      vertex 195.000000 150.871556 108.000000
      vertex 196.000000 148.999251 108.000000
    endloop
  endfacet
  facet normal 0.000000 0.000000 -1.000000
    outer loop
      vertex 164.678651 139.270885 108.000000
      vertex 196.000000 148.999251 108.000000
      vertex 196.203128 146.796872 108.000000
    endloop
  endfacet
  facet normal 0.000000 0.000000 -1.000000
    outer loop
      vertex 164.678651 139.270885 108.000000
      vertex 196.203128 146.796872 108.000000
      vertex 197.112834 144.887166 108.000000
    endloop
  endfacet
  facet normal 0.000000 0.000000 -1.000000
    outer loop
      vertex 164.678651 139.270885 108.000000
      vertex 197.112834 144.887166 108.000000
      vertex 198.000000 142.968124 108.000000
    endloop
  endfacet
  facet normal 0.000000 0.000000 -1.000000
    outer loop
      vertex 164.678651 139.270885 108.000000
      vertex 198.000000 142.968124 108.000000
      vertex 198.932245 141.067755 108.000000
    endloop
  endfacet
  facet normal 0.000000 0.000000 -1.000000
    outer loop
      vertex 164.678651 139.270885 108.000000
      vertex 198.932245 141.067755 108.000000
      vertex 199.000000 138.809302 108.000000
    endloop
  endfacet
  facet normal 0.000000 0.000000 -1.000000
    outer loop
      vertex 164.678651 139.270885 108.000000
      vertex 199.000000 138.809302 108.000000
      vertex 199.000000 136.522784 108.000000
    endloop
  endfacet
  facet normal 0.000000 0.000000 -1.000000
    outer loop
      vertex 164.678651 139.270885 108.000000
      vertex 199.000000 136.522784 108.000000
      vertex 199.540042 134.459958 108.000000
    endloop
  endfacet
  facet normal 0.000000 0.000000 -1.000000
    outer loop
      vertex 164.678651 139.270885 108.000000
      vertex 199.540042 134.459958 108.000000
      vertex 200.000000 132.363961 108.000000
    endloop
  endfacet
  facet normal 0.000000 0.000000 -1.000000
    outer loop
      vertex 164.678651 139.270885 108.000000
      vertex 200.000000 132.363961 108.000000
      vertex 200.000000 130.077443 108.000000
    endloop
  endfacet
  facet normal 0.000000 0.000000 -1.000000
    outer loop
      vertex 164.678651 139.270885 108.000000
      vertex 200.000000 130.077443 108.000000
      vertex 200.000000 127.790925 108.000000
    endloop
  endfacet
  facet normal 0.000000 0.000000 -1.000000
    outer loop
      vertex 164.678651 139.270885 108.000000
      vertex 200.000000 127.790925 108.000000
      vertex 200.000000 125.504407 108.000000
    endloop
  endfacet
  facet normal 0.000000 0.000000 -1.000000
    outer loop
      vertex 164.678651 139.270885 108.000000
      vertex 200.000000 125.504407 108.000000
      vertex 199.446964 123.446964 108.000000
    endloop
  endfacet
  facet normal 0.000000 0.000000 -1.000000
    outer loop
      vertex 164.678651 139.270885 108.000000
      vertex 199.446964 123.446964 108.000000
      vertex 198.537258 121.537258 108.000000
    endloop
  endfacet
  facet normal 0.000000 0.000000 -1.000000
    outer loop
      vertex 164.678651 139.270885 108.000000
      vertex 198.537258 121.537258 108.000000
      vertex 196.920446 119.920446 108.000000
    endloop
  endfacet
  facet normal 0.000000 0.000000 -1.000000
    outer loop
      vertex 164.678651 139.270885 108.000000
      vertex 196.920446 119.920446 108.000000
      vertex 195.015189 119.000000 108.000000
    endloop
  endfacet
  facet normal 0.000000 0.000000 -1.000000
    outer loop
      vertex 164.678651 139.270885 108.000000
      vertex 195.015189 119.000000 108.000000
      vertex 193.393928 117.393928 108.000000
    endloop
  endfacet
  facet normal 0.000000 0.000000 -1.000000
    outer loop
      vertex 164.678651 139.270885 108.000000
      vertex 193.393928 117.393928 108.000000
      vertex 191.484222 116.484222 108.000000
    endloop
  endfacet
  facet normal 0.000000 0.000000 -1.000000
    outer loop
      vertex 164.678651 139.270885 108.000000
      vertex 191.484222 116.484222 108.000000
      vertex 189.812489 115.000000 108.000000
    endloop
  endfacet
  facet normal 0.000000 0.000000 -1.000000
    outer loop
      vertex 164.678651 139.270885 108.000000
      vertex 189.812489 115.000000 108.000000
      vertex 187.525971 115.000000 108.000000
    endloop
  endfacet
  facet normal 0.000000 0.000000 -1.000000
    outer loop
      vertex 164.678651 139.270885 108.000000
      vertex 187.525971 115.000000 108.000000
      vertex 185.653667 114.000000 108.000000
    endloop
  endfacet
  facet normal 0.000000 0.000000 -1.000000
    outer loop
      vertex 164.678651 139.270885 108.000000
      vertex 185.653667 114.000000 108.000000
      vertex 183.781362 113.000000 108.000000
    endloop
  endfacet
  facet normal 0.000000 0.000000 -1.000000
    outer loop
      vertex 164.678651 139.270885 108.000000
      vertex 183.781362 113.000000 108.000000
      vertex 181.494844 113.000000 108.000000
    endloop
  endfacet
  facet normal 0.000000 0.000000 -1.000000
    outer loop
      vertex 164.678651 139.270885 108.000000
      vertex 181.494844 113.000000 108.000000
      vertex 179.622540 112.000000 108.000000
    endloop
  endfacet
  facet normal 0.000000 0.000000 -1.000000
    outer loop
      vertex 164.678651 139.270885 108.000000
      vertex 179.622540 112.000000 108.000000
      vertex 177.336022 112.000000 108.000000
    endloop
  endfacet
  facet normal 0.000000 0.000000 -1.000000
    outer loop
      vertex 164.678651 139.270885 108.000000
      vertex 177.336022 112.000000 108.000000
      vertex 175.049504 112.000000 108.000000
    endloop
  endfacet
  facet normal 0.000000 0.000000 -1.000000
    outer loop
      vertex 164.678651 139.270885 108.000000
      vertex 175.049504 112.000000 108.000000
      vertex 172.832405 111.832405 108.000000
    endloop
  endfacet
  facet normal 0.000000 0.000000 -1.000000
    outer loop
      vertex 164.678651 139.270885 108.000000
      vertex 172.832405 111.832405 108.000000
      vertex 171.215593 110.215593 108.000000
    endloop
  endfacet
  facet normal 0.000000 0.000000 -1.000000
    outer loop
      vertex 164.678651 139.270885 108.000000
      vertex 171.215593 110.215593 108.000000
      vertex 169.018377 110.000000 108.000000
    endloop
  endfacet
  facet normal 0.000000 0.000000 -1.000000
    outer loop
      vertex 164.678651 139.270885 108.000000
      vertex 169.018377 110.000000 108.000000
      vertex 167.103289 109.103289 108.000000
    endloop
  endfacet
  facet normal 0.000000 0.000000 -1.000000
    outer loop
      vertex 164.678651 139.270885 108.000000
      vertex 167.103289 109.103289 108.000000
      vertex 164.859554 109.000000 108.000000
    endloop
  endfacet
  facet normal 0.000000 -0.000000 -1.000000
    outer loop
      vertex 164.678651 139.270885 108.000000
      vertex 164.859554 109.000000 108.000000
      vertex 162.573036 109.000000 108.000000
    endloop
  endfacet
  facet normal 0.000000 0.000000 -1.000000
    outer loop
      vertex 164.678651 139.270885 108.000000
      vertex 162.573036 109.000000 108.000000
      vertex 160.286518 109.000000 108.000000
    endloop
  endfacet
  facet normal 0.000000 0.000000 -1.000000
    outer loop
      vertex 164.678651 139.270885 108.000000
      vertex 160.286518 109.000000 108.000000
      vertex 158.000000 109.000000 108.000000
    endloop
  endfacet
endsolid mesh
